match_id,innings,over,ball,player_out_id,wicket_kind,fielder_id
335982,1,5,2,1,caught,9.0
335982,1,12,1,3,caught,14.0
335982,1,17,1,4,caught,10.0
335982,2,1,1,6,bowled,
335982,2,2,2,8,bowled,
335982,2,4,5,9,caught,84.0
335982,2,5,2,7,caught,3.0
335982,2,7,5,11,caught,84.0
335982,2,8,2,12,caught,3.0
335982,2,8,6,10,caught,63.0
335982,2,11,1,13,run out,
335982,2,13,1,15,bowled,
335982,2,15,1,16,caught,2.0
335983,1,2,4,17,caught,26.0
335983,1,6,2,18,bowled,
335983,1,7,1,20,lbw,
335983,1,12,1,21,caught,29.0
335983,1,15,3,22,bowled,
335983,2,5,5,24,caught,17.0
335983,2,10,2,25,caught,118.0
335983,2,14,2,27,caught,720.0
335983,2,17,4,26,caught,118.0
335984,1,2,3,30,caught,172.0
335984,1,3,5,31,run out,
335984,1,6,2,32,run out,
335984,1,7,4,34,lbw,
335984,1,10,3,33,caught,721.0
335984,1,12,1,36,bowled,
335984,1,14,2,35,bowled,
335984,1,17,1,38,bowled,
335984,2,1,4,41,bowled,
335985,1,1,5,43,caught,8.0
335985,1,3,4,45,retired hurt,
335985,1,5,4,44,run out,15.0
335985,1,13,3,47,caught,8.0
335985,1,16,5,46,stumped,11.0
335985,1,18,5,48,caught,15.0
335985,1,19,6,49,bowled,
335985,2,4,6,51,caught,48.0
335985,2,8,5,6,caught and bowled,
335985,2,9,6,52,caught,48.0
335985,2,13,3,8,caught,43.0
335985,2,18,4,9,caught,48.0
335986,1,3,2,54,caught,84.0
335986,1,4,3,55,caught,64.0
335986,1,8,1,53,caught,5.0
335986,1,8,4,57,caught,63.0
335986,1,11,4,58,bowled,
335986,1,14,3,59,caught,107.0
335986,1,17,4,56,caught,4.0
335986,1,17,6,61,caught,1.0
335986,1,18,3,60,caught,63.0
335986,1,18,4,131,run out,
335986,2,1,2,2,caught,57.0
335986,2,2,1,3,lbw,
335986,2,4,2,63,caught,58.0
335986,2,12,6,1,bowled,
335986,2,16,3,5,caught,56.0
335987,1,4,5,24,bowled,
335987,1,6,3,26,caught and bowled,
335987,1,7,3,65,stumped,70.0
335987,1,8,6,25,lbw,
335987,1,16,5,27,lbw,
335987,1,17,2,29,bowled,
335987,1,17,4,67,caught,70.0
335987,1,18,6,66,run out,
335987,2,1,1,33,caught,26.0
335987,2,2,3,31,caught and bowled,
335987,2,4,5,70,caught,68.0
335987,2,11,2,34,lbw,
335988,1,1,6,53,bowled,
335988,1,5,1,55,bowled,
335988,1,7,6,54,caught,42.0
335988,1,9,2,56,caught,89.0
335988,1,12,1,71,lbw,
335988,1,16,1,60,run out,
335988,1,18,4,57,caught,117.0
335988,1,19,2,59,caught,40.0
335988,2,3,3,40,caught,53.0
335989,1,3,1,17,caught,43.0
335989,1,4,4,19,bowled,
335989,1,14,6,21,caught,72.0
335989,1,18,6,18,run out,50.0
335989,1,19,5,20,caught,72.0
335989,2,0,6,43,run out,23.0
335989,2,3,4,44,caught,118.0
335989,2,9,4,46,bowled,
335989,2,11,4,49,bowled,
335989,2,14,2,72,caught,22.0
335989,2,15,3,73,caught,21.0
335989,2,18,5,50,caught,23.0
335990,1,2,2,53,stumped,70.0
335990,1,2,6,71,caught,35.0
335990,1,8,3,55,caught and bowled,
335990,1,17,6,57,caught,37.0
335990,1,19,6,59,caught,70.0
335990,2,2,1,70,caught,60.0
335990,2,9,3,31,caught,56.0
335990,2,11,6,32,bowled,
335990,2,17,1,33,caught,56.0
335990,2,17,2,75,caught,100.0
335990,2,18,2,35,bowled,
335990,2,18,4,37,run out,
335991,1,1,4,29,caught,81.0
335991,1,8,1,24,run out,
335991,1,10,6,27,caught,72.0
335991,1,13,5,77,caught,50.0
335991,1,16,4,65,caught,86.0
335991,1,17,4,66,caught,74.0
335991,1,18,2,26,caught,81.0
335991,1,18,6,68,lbw,
335991,1,19,2,78,caught,43.0
335991,1,19,6,79,run out,
335991,2,2,3,44,caught and bowled,
335991,2,2,4,43,run out,67.0
335991,2,8,4,72,bowled,
335991,2,9,1,46,caught,77.0
335991,2,12,2,80,bowled,
335991,2,13,1,48,caught,68.0
335991,2,13,2,50,lbw,
335991,2,15,2,49,caught,27.0
335991,2,17,2,73,hit wicket,
335992,1,0,2,6,caught,35.0
335992,1,2,2,51,caught,35.0
335992,1,6,3,9,caught,125.0
335992,1,7,2,52,caught,75.0
335992,1,9,4,8,caught,36.0
335992,1,11,4,11,caught,36.0
335992,1,13,6,16,run out,
335992,1,19,2,14,run out,
335992,2,0,4,36,caught,11.0
335992,2,3,2,31,caught,11.0
335992,2,15,6,75,caught,123.0
335993,1,2,3,2,caught,21.0
335993,1,2,4,3,caught,21.0
335993,1,5,5,63,bowled,
335993,1,7,2,4,caught,23.0
335993,1,9,3,1,caught,23.0
335993,1,14,4,5,caught,118.0
335993,1,17,2,83,caught,120.0
335993,1,18,2,84,caught and bowled,
335993,1,19,5,64,run out,
335993,2,8,2,17,caught,85.0
335994,1,2,2,43,caught,55.0
335994,1,3,5,86,caught,131.0
335994,1,5,2,46,caught,53.0
335994,1,10,3,44,caught,57.0
335994,1,13,3,49,bowled,
335994,1,16,3,48,caught,53.0
335994,1,19,6,72,caught,131.0
335995,1,1,4,41,lbw,
335995,1,2,3,42,caught,26.0
335995,1,5,6,40,caught,27.0
335995,1,7,1,87,caught,67.0
335995,1,11,6,89,bowled,
335995,1,16,3,90,bowled,
335995,1,17,5,88,caught,27.0
335995,1,19,6,91,run out,
335995,2,0,6,24,lbw,
335995,2,1,6,26,caught,89.0
335995,2,7,5,65,caught and bowled,
335995,2,13,6,28,run out,
335995,2,16,4,93,caught,89.0
335995,2,17,6,29,caught,89.0
335996,1,3,6,18,bowled,
335996,1,6,3,17,caught,9.0
335996,1,11,6,21,run out,
335996,1,19,5,20,caught,82.0
335996,1,19,6,19,caught,6.0
335996,2,3,1,94,bowled,
335996,2,10,6,7,caught,22.0
335996,2,14,1,9,caught,20.0
335996,2,15,1,52,caught,21.0
335996,2,16,2,11,caught,19.0
335996,2,16,4,6,lbw,
335996,2,17,2,8,bowled,
335996,2,18,5,15,run out,
335996,2,18,6,14,run out,
335996,2,19,4,95,caught,19.0
335997,1,0,3,1,caught,44.0
335997,1,0,5,2,lbw,
335997,1,5,3,96,caught,46.0
335997,1,11,6,4,caught,74.0
335997,1,13,1,3,run out,
335997,1,13,3,5,caught,47.0
335997,1,15,3,83,caught,74.0
335997,1,19,3,84,caught,44.0
335997,2,2,4,86,caught,4.0
335997,2,3,4,44,bowled,
335997,2,4,1,97,bowled,
335998,1,4,6,41,run out,52.0
335998,1,14,6,42,caught,6.0
335998,1,16,1,87,bowled,
335998,1,17,1,89,bowled,
335998,1,18,2,40,caught,14.0
335998,2,0,5,14,caught,42.0
335998,2,4,2,52,caught,42.0
335998,2,4,6,7,caught,92.0
335998,2,15,3,6,caught,41.0
335998,2,18,6,9,bowled,
335999,1,3,2,53,bowled,
335999,1,6,6,98,caught,24.0
335999,1,8,6,55,caught,27.0
335999,1,11,5,71,caught,27.0
335999,1,12,3,54,run out,
335999,1,14,1,60,caught,78.0
335999,1,16,1,99,bowled,
335999,1,19,1,100,caught,101.0
335999,2,5,6,77,run out,60.0
335999,2,6,5,26,caught,57.0
335999,2,10,5,27,caught and bowled,
336000,1,1,6,75,bowled,
336000,1,6,6,33,caught and bowled,
336000,1,11,3,102,caught,4.0
336000,1,11,6,32,lbw,
336000,1,17,2,35,bowled,
336000,1,19,2,31,bowled,
336000,1,19,4,38,run out,
336000,2,1,4,104,bowled,
336000,2,4,5,83,caught,36.0
336000,2,5,6,105,run out,39.0
336000,2,13,5,1,caught,33.0
336000,2,14,1,64,run out,
336000,2,17,1,4,bowled,
336000,2,17,4,63,bowled,
336000,2,18,2,96,caught,32.0
336000,2,18,3,106,run out,
336000,2,19,1,107,caught,30.0
336001,1,3,2,108,bowled,
336001,1,8,1,17,caught,92.0
336001,1,14,5,109,caught,92.0
336001,1,17,1,20,caught,87.0
336001,1,18,2,21,run out,115.0
336001,1,19,5,110,caught,41.0
336001,2,11,2,41,caught,120.0
336001,2,14,3,40,bowled,
336003,1,3,5,25,caught,105.0
336003,1,8,6,27,stumped,63.0
336003,1,11,3,101,stumped,63.0
336003,1,12,1,65,caught,1.0
336003,1,13,3,24,run out,
336003,1,18,3,26,bowled,
336003,2,2,5,1,caught,29.0
336003,2,3,1,5,bowled,
336003,2,3,6,105,lbw,
336003,2,4,6,96,caught,27.0
336003,2,9,4,64,bowled,
336003,2,18,5,4,caught,25.0
336034,1,1,6,94,bowled,
336034,1,10,6,7,caught,98.0
336034,1,12,5,9,bowled,
336034,1,13,2,8,caught,60.0
336034,1,14,2,112,lbw,
336034,1,18,3,11,bowled,
336034,1,19,4,14,run out,
336034,1,19,6,6,caught,59.0
336034,2,3,5,53,caught,7.0
336034,2,5,1,98,caught,123.0
336034,2,16,5,57,caught,7.0
336034,2,17,1,71,caught,95.0
336034,2,17,6,55,lbw,
336034,2,18,1,58,lbw,
336004,1,5,4,113,caught,115.0
336004,1,5,6,44,bowled,
336004,1,12,6,46,caught,87.0
336004,1,13,3,45,bowled,
336004,1,14,5,48,bowled,
336004,1,15,1,72,caught,92.0
336004,1,18,3,80,caught,87.0
336004,1,19,2,49,caught,111.0
336004,2,1,5,40,caught,46.0
336004,2,2,2,42,caught,46.0
336004,2,6,1,111,run out,81.0
336004,2,10,2,41,caught,49.0
336004,2,14,1,87,caught,48.0
336004,2,16,1,89,lbw,
336004,2,17,2,115,caught,80.0
336004,2,17,3,90,caught,46.0
336004,2,18,1,116,caught,74.0
336004,2,18,5,117,caught,45.0
336005,1,0,1,17,lbw,
336005,1,0,5,108,lbw,
336005,1,2,5,109,caught,38.0
336005,1,5,5,23,caught and bowled,
336005,1,7,5,20,caught,75.0
336005,1,14,2,21,caught,103.0
336005,1,14,5,118,caught,103.0
336005,1,16,1,110,bowled,
336005,1,16,4,120,bowled,
336005,1,18,6,121,bowled,
336005,2,10,1,102,caught,121.0
336005,2,11,6,31,caught,21.0
336006,1,0,4,7,caught,132.0
336006,1,0,5,10,bowled,
336006,1,3,3,9,run out,101.0
336006,1,12,1,8,caught,78.0
336006,1,15,3,112,lbw,
336006,1,15,5,14,caught,132.0
336006,1,16,1,122,run out,29.0
336006,1,17,2,15,bowled,
336006,1,18,3,6,caught,65.0
336006,1,19,2,123,run out,132.0
336006,2,1,2,25,caught,10.0
336006,2,8,4,77,caught,122.0
336006,2,10,3,27,caught,122.0
336006,2,14,2,101,bowled,
336007,1,0,6,17,caught,62.0
336007,1,3,3,124,caught,71.0
336007,1,5,4,108,caught,57.0
336007,1,6,5,23,caught,98.0
336007,1,13,3,21,caught,57.0
336007,1,14,5,20,caught,71.0
336007,1,18,4,118,bowled,
336007,2,4,1,98,caught and bowled,
336007,2,9,5,53,caught,23.0
336007,2,16,1,57,caught,23.0
336008,1,2,2,75,stumped,113.0
336008,1,3,1,31,bowled,
336008,1,8,5,32,bowled,
336008,1,10,5,33,caught,74.0
336008,1,11,1,35,caught,113.0
336008,1,13,1,38,caught,113.0
336008,1,14,1,102,caught,46.0
336008,1,15,1,103,bowled,
336008,1,15,5,36,caught,113.0
336008,1,16,2,39,bowled,
336008,2,7,3,44,caught,31.0
336008,2,10,1,113,bowled,
336008,2,11,3,72,caught,102.0
336009,1,4,6,41,bowled,
336009,1,5,2,111,bowled,
336009,1,17,6,40,caught,126.0
336009,1,18,5,42,caught,126.0
336009,1,19,1,87,caught,21.0
336009,2,6,1,109,caught,42.0
336009,2,9,3,108,caught,111.0
336009,2,10,1,21,caught,88.0
336009,2,14,1,110,run out,41.0
336009,2,18,1,20,caught,111.0
336009,2,18,2,126,caught,42.0
336010,1,2,1,127,lbw,
336010,1,3,3,105,caught,82.0
336010,1,7,3,1,run out,10.0
336010,1,8,6,4,run out,
336010,1,11,2,128,caught,11.0
336010,1,11,5,64,bowled,
336010,1,15,4,84,caught and bowled,
336010,2,3,3,51,caught,84.0
336010,2,4,5,129,run out,105.0
336010,2,9,1,6,bowled,
336010,2,14,1,10,run out,84.0
336011,1,7,6,98,caught,36.0
336011,1,12,2,58,caught,38.0
336011,1,13,3,53,caught,36.0
336011,1,14,2,71,caught,125.0
336011,1,15,4,57,run out,38.0
336011,1,16,2,60,caught,36.0
336011,1,18,3,130,lbw,
336011,1,19,1,62,run out,
336011,2,12,4,31,caught,98.0
336011,2,15,3,75,caught,131.0
336013,1,0,4,109,caught,65.0
336013,1,2,2,108,caught,24.0
336013,1,6,5,21,caught,101.0
336013,1,17,3,23,caught,27.0
336013,2,1,6,25,caught,20.0
336013,2,4,3,24,caught,110.0
336013,2,12,1,77,bowled,
336013,2,12,5,101,caught,720.0
336013,2,13,1,27,caught,108.0
336013,2,14,6,65,caught,109.0
336013,2,19,3,29,caught,21.0
336013,2,19,4,68,caught,126.0
336013,2,19,5,79,caught,20.0
336014,1,0,4,104,caught,53.0
336014,1,10,1,127,run out,98.0
336014,1,18,1,1,caught,62.0
336014,1,19,3,128,caught,130.0
336014,2,2,2,98,caught,104.0
336014,2,4,6,53,caught,1.0
336014,2,5,1,130,caught,63.0
336014,2,8,1,58,caught,64.0
336014,2,12,2,57,caught,1.0
336014,2,14,4,60,caught,127.0
336014,2,17,6,61,bowled,
336015,1,5,6,41,caught,33.0
336015,1,6,6,42,run out,125.0
336015,1,9,5,40,bowled,
336015,1,13,2,111,caught,38.0
336015,1,13,6,89,caught,36.0
336015,1,15,5,134,bowled,
336015,1,19,3,91,caught,136.0
336015,2,3,1,31,run out,111.0
336015,2,4,6,33,run out,
336015,2,10,4,75,caught,92.0
336015,2,12,2,35,bowled,
336015,2,15,3,135,bowled,
336015,2,18,1,38,bowled,
336015,2,18,2,32,run out,89.0
336016,1,2,1,129,caught,65.0
336016,1,4,6,112,hit wicket,
336016,1,5,3,8,bowled,
336016,1,10,1,10,caught and bowled,
336016,1,14,6,6,bowled,
336016,1,17,2,14,bowled,
336016,1,18,2,82,bowled,
336016,1,19,5,11,run out,
336016,2,6,2,25,caught,95.0
336017,1,5,6,127,caught,91.0
336017,1,6,5,1,bowled,
336017,1,13,1,104,caught,117.0
336017,1,15,4,128,run out,
336017,1,17,6,64,caught,40.0
336017,1,19,1,4,caught,88.0
336017,2,0,2,41,caught,63.0
336017,2,2,4,40,caught,4.0
336017,2,4,2,111,caught,128.0
336017,2,4,3,88,lbw,
336017,2,7,3,42,bowled,
336017,2,11,1,133,run out,
336017,2,15,6,91,run out,107.0
336017,2,17,2,134,caught,85.0
336017,2,17,3,115,caught,4.0
336017,2,17,5,92,bowled,
336018,1,2,5,109,caught,114.0
336018,1,5,5,21,caught,113.0
336018,1,8,3,108,bowled,
336018,1,8,5,126,caught,113.0
336018,1,18,6,23,caught and bowled,
336018,1,19,6,110,caught,46.0
336018,2,7,2,139,bowled,
336020,1,0,6,41,caught,62.0
336020,1,15,2,40,stumped,53.0
336020,1,17,4,91,caught,57.0
336020,1,19,5,133,run out,53.0
336020,2,2,1,53,caught,133.0
336020,2,6,1,71,caught,111.0
336020,2,8,2,98,bowled,
336020,2,12,4,57,bowled,
336020,2,17,3,58,caught,111.0
336020,2,18,2,54,caught,87.0
336020,2,19,1,130,caught,87.0
336020,2,19,2,131,caught,133.0
336020,2,19,3,62,stumped,89.0
336021,1,2,5,104,caught,139.0
336021,1,2,6,127,run out,
336021,1,4,2,4,caught,113.0
336021,1,6,4,5,caught,46.0
336021,1,7,5,63,caught,139.0
336021,1,9,1,64,bowled,
336021,1,12,4,1,caught,113.0
336021,1,13,4,83,caught,139.0
336021,1,14,3,85,caught and bowled,
336021,1,15,2,142,caught,139.0
336021,2,0,5,139,caught,63.0
336021,2,3,4,46,caught,1.0
336022,1,6,6,40,bowled,
336022,1,8,6,42,caught,68.0
336022,1,10,2,133,caught,137.0
336022,1,10,4,91,caught,154.0
336022,2,1,1,101,caught,42.0
336022,2,2,6,27,caught,91.0
336022,2,3,3,25,caught,87.0
336023,1,12,2,102,caught,112.0
336023,2,0,3,129,caught,39.0
336023,2,1,2,112,caught,30.0
336023,2,2,2,8,bowled,
336023,2,7,6,10,caught,39.0
336023,2,10,2,9,caught,31.0
336023,2,13,4,122,caught,35.0
336023,2,13,5,14,caught,33.0
336023,2,15,2,15,caught and bowled,
336023,2,18,4,123,caught,36.0
336024,1,2,5,44,caught,62.0
336024,1,8,2,139,caught,144.0
336024,1,8,4,45,lbw,
336024,1,12,5,46,caught,71.0
336024,1,17,4,48,caught,57.0
336024,1,17,6,72,bowled,
336024,1,19,2,47,bowled,
336024,2,1,2,71,caught,45.0
336024,2,4,2,53,caught,47.0
336024,2,4,3,57,lbw,
336024,2,9,1,144,caught,113.0
336024,2,17,1,54,caught,47.0
336024,2,17,3,130,bowled,
336024,2,18,5,145,run out,113.0
336025,1,2,2,5,caught,119.0
336025,1,4,6,1,bowled,
336025,1,16,1,96,bowled,
336025,1,16,2,4,bowled,
336025,1,17,2,104,lbw,
336026,1,4,5,94,caught,90.0
336026,1,6,1,9,caught,89.0
336026,1,10,6,6,bowled,
336026,1,15,1,146,caught,133.0
336026,1,15,6,10,run out,
336026,1,17,4,12,run out,
336026,1,18,5,14,bowled,
336026,2,6,6,41,caught,94.0
336026,2,8,6,40,run out,
336026,2,13,4,133,stumped,146.0
336026,2,14,2,111,caught,146.0
336026,2,15,3,89,caught,10.0
336027,1,1,4,5,caught,102.0
336027,1,6,4,104,lbw,
336027,1,11,5,4,bowled,
336027,1,14,4,1,caught,33.0
336027,1,17,3,96,bowled,
336027,1,17,6,64,caught,102.0
336027,1,18,3,83,run out,
336027,1,19,3,106,caught,33.0
336027,2,1,6,102,caught,63.0
336027,2,5,2,103,caught,104.0
336027,2,5,5,75,caught,63.0
336027,2,9,5,32,bowled,
336028,1,0,3,25,caught,47.0
336028,1,14,5,101,caught,49.0
336028,1,16,5,27,caught,147.0
336028,1,17,4,65,caught and bowled,
336028,2,2,4,44,lbw,
336028,2,8,3,147,run out,
336028,2,13,1,48,caught,93.0
336028,2,16,6,139,run out,29.0
336028,2,17,1,49,caught,68.0
336028,2,17,6,46,caught,25.0
336028,2,18,5,47,caught,79.0
336028,2,19,2,148,run out,93.0
336028,2,19,4,74,run out,
336028,2,19,6,150,run out,27.0
336029,1,1,4,9,caught,108.0
336029,1,5,3,146,caught,17.0
336029,1,8,1,8,caught,110.0
336029,1,9,6,112,caught,17.0
336029,1,14,6,11,lbw,
336029,1,16,5,6,caught,20.0
336029,1,19,4,14,bowled,
336029,1,19,5,82,bowled,
336029,2,9,1,17,caught and bowled,
336029,2,10,6,20,caught,123.0
336029,2,13,2,108,caught,12.0
336029,2,13,6,23,lbw,
336029,2,15,3,110,caught,82.0
336029,2,15,6,109,caught,9.0
336029,2,17,4,119,caught,95.0
336029,2,18,2,151,run out,
336031,1,11,1,98,bowled,
336031,1,14,5,53,bowled,
336031,1,17,4,57,bowled,
336031,1,18,5,54,caught,68.0
336031,2,7,4,26,caught,144.0
336031,2,12,4,27,caught,62.0
336031,2,15,4,101,caught,98.0
336031,2,16,6,137,caught,57.0
336032,1,7,1,139,bowled,
336032,1,12,1,147,caught,721.0
336032,1,13,3,44,caught,133.0
336032,1,14,1,48,caught,133.0
336032,1,17,4,49,bowled,
336032,1,19,1,148,caught,42.0
336032,1,19,3,47,caught,721.0
336032,1,19,6,723,run out,41.0
336032,2,1,2,41,bowled,
336032,2,4,5,40,caught,147.0
336032,2,10,4,42,caught,148.0
336032,2,10,5,133,bowled,
336032,2,14,6,88,run out,44.0
336033,1,11,1,102,run out,
336033,1,13,6,75,caught,20.0
336033,1,16,2,31,caught,120.0
336033,1,18,2,33,caught,152.0
336033,1,19,6,30,run out,
336033,2,1,4,108,run out,
336033,2,8,3,21,caught,33.0
336033,2,14,6,17,stumped,70.0
336033,2,17,4,20,caught,33.0
336033,2,18,4,23,caught,30.0
336033,2,19,5,110,caught,35.0
336033,2,19,6,152,bowled,
336002,1,11,2,98,stumped,146.0
336002,1,12,3,53,caught,12.0
336002,1,13,2,144,caught,146.0
336002,1,14,6,57,caught,95.0
336002,1,17,3,130,bowled,
336002,1,18,2,54,caught,7.0
336002,1,18,3,60,run out,82.0
336002,1,19,2,61,run out,146.0
336002,1,19,4,59,caught,94.0
336002,1,19,6,62,bowled,
336002,2,2,4,7,run out,59.0
336002,2,6,6,9,run out,144.0
336002,2,11,1,112,caught,144.0
336002,2,15,5,6,caught,53.0
336002,2,17,2,8,caught,130.0
336035,1,3,1,25,lbw,
336035,1,12,4,101,caught,127.0
336035,1,14,6,26,lbw,
336035,1,18,2,27,run out,63.0
336035,1,19,4,29,bowled,
336035,1,19,5,68,bowled,
336035,2,5,2,104,caught,93.0
336035,2,5,3,96,lbw,
336035,2,8,4,4,bowled,
336035,2,9,5,64,bowled,
336035,2,14,4,63,caught,29.0
336035,2,15,3,127,caught,26.0
336035,2,18,3,106,caught,154.0
336036,1,10,6,44,caught,76.0
336036,1,12,5,139,caught and bowled,
336036,1,15,2,46,stumped,70.0
336036,1,16,3,48,lbw,
336036,1,16,4,49,caught,70.0
336036,1,18,2,97,bowled,
336036,1,18,4,147,caught,136.0
336036,2,3,1,70,run out,97.0
336036,2,5,1,31,caught,74.0
336036,2,7,1,102,caught,113.0
336036,2,11,3,33,run out,
336036,2,11,6,32,caught,139.0
336037,1,2,2,98,caught,151.0
336037,1,3,3,53,caught,152.0
336037,1,10,1,58,bowled,
336037,1,18,3,130,caught,152.0
336037,1,18,4,54,run out,
336037,1,18,5,59,bowled,
336037,1,19,4,71,caught,21.0
336037,1,19,6,62,caught,110.0
336037,2,3,2,108,caught,53.0
336037,2,8,3,17,caught,71.0
336037,2,15,2,20,caught,98.0
336012,1,5,3,11,caught,46.0
336012,1,5,6,112,caught,139.0
336012,1,7,1,146,caught,74.0
336012,1,11,4,10,caught,149.0
336012,1,12,2,8,caught,113.0
336012,1,13,1,6,bowled,
336012,1,13,4,12,lbw,
336012,1,17,5,82,caught,46.0
336012,1,17,6,14,run out,
336012,2,11,3,44,caught,12.0
336019,1,13,4,25,caught,37.0
336019,1,19,2,101,caught,153.0
336019,1,19,6,27,run out,
336019,2,1,3,33,bowled,
336019,2,4,5,153,bowled,
336019,2,10,6,136,bowled,
336019,2,12,2,32,caught,29.0
336019,2,14,1,70,caught,69.0
336019,2,18,1,31,caught,101.0
336019,2,18,6,37,caught and bowled,
336038,1,6,4,75,caught,42.0
336038,1,6,6,102,caught,88.0
336038,1,8,5,103,caught,89.0
336038,1,13,4,33,bowled,
336038,1,15,6,32,stumped,89.0
336038,1,17,4,35,caught,91.0
336038,1,17,6,38,caught,41.0
336038,1,19,3,36,caught and bowled,
336038,1,19,4,31,run out,
336038,2,1,2,41,caught,103.0
336038,2,3,6,40,caught,30.0
336038,2,5,2,42,caught,35.0
336038,2,6,2,88,caught,102.0
336038,2,9,5,89,caught,33.0
336038,2,12,1,91,caught,31.0
336038,2,12,5,133,caught,103.0
336038,2,13,1,134,bowled,
336038,2,15,2,92,caught,36.0
336038,2,16,1,116,run out,
336039,1,1,3,25,caught,17.0
336039,1,2,2,26,caught,17.0
336039,1,4,4,27,caught,120.0
336039,1,5,5,101,bowled,
336039,1,8,2,29,run out,
336039,1,9,5,65,caught,17.0
336039,1,13,4,68,bowled,
336039,1,18,6,69,caught,21.0
336039,2,2,2,109,caught,69.0
336040,1,5,2,109,caught,35.0
336040,1,8,6,17,caught,70.0
336040,1,12,4,110,caught,70.0
336040,1,16,2,21,caught,35.0
336040,1,19,1,126,caught,102.0
336040,2,3,1,136,bowled,
336040,2,6,1,102,caught,21.0
336040,2,6,4,70,run out,121.0
336040,2,14,1,32,bowled,
336040,2,16,6,33,caught,20.0
336040,2,17,1,35,caught,126.0
336040,2,17,4,31,run out,21.0
392181,1,5,5,44,caught,18.0
392181,1,11,4,42,caught,20.0
392181,1,13,3,155,caught and bowled,
392181,1,14,3,72,caught,18.0
392181,1,18,1,48,caught,157.0
392181,1,18,6,50,run out,22.0
392181,1,19,5,15,caught,202.0
392181,2,0,2,17,caught,139.0
392181,2,2,5,21,caught,114.0
392181,2,9,5,156,caught and bowled,
392181,2,12,4,18,caught,15.0
392181,2,14,3,22,caught,47.0
392181,2,15,3,23,caught,72.0
392181,2,19,4,20,bowled,
392182,1,0,2,158,caught,36.0
392182,1,0,3,52,bowled,
392182,1,4,5,46,caught,36.0
392182,1,8,5,159,caught,136.0
392182,1,11,5,8,bowled,
392182,1,15,4,12,bowled,
392182,1,19,2,14,caught and bowled,
392182,1,19,4,6,caught,38.0
392182,2,0,5,102,caught,8.0
392182,2,2,6,75,caught,6.0
392182,2,6,2,136,caught,123.0
392182,2,8,3,160,bowled,
392182,2,8,4,135,run out,
392182,2,11,1,31,caught,158.0
392182,2,11,2,35,caught,8.0
392182,2,13,3,38,stumped,46.0
392182,2,13,5,125,caught,95.0
392182,2,15,1,161,caught,46.0
392183,1,5,6,24,caught,176.0
392183,1,6,1,162,lbw,
392183,1,8,4,26,caught,224.0
392183,1,10,3,27,run out,
392183,1,10,5,65,caught,133.0
392183,1,10,6,68,run out,88.0
392183,1,11,6,29,caught,133.0
392184,1,1,1,2,caught,53.0
392184,1,3,4,163,caught,257.0
392184,1,5,2,1,caught,55.0
392184,1,10,4,127,stumped,53.0
392184,1,12,2,64,stumped,53.0
392184,1,15,3,105,caught,98.0
392184,1,15,5,164,caught,57.0
392184,1,16,3,83,run out,57.0
392184,1,19,2,85,bowled,
392184,1,19,4,107,bowled,
392184,2,2,5,53,caught,164.0
392184,2,4,5,55,run out,
392185,1,10,1,17,bowled,
392185,1,10,2,18,run out,6.0
392185,1,15,6,20,caught,165.0
392185,1,18,6,21,caught,8.0
392185,1,19,6,110,bowled,
392185,2,0,3,14,bowled,
392185,2,5,2,9,lbw,
392185,2,6,5,52,caught and bowled,
392185,2,7,3,159,lbw,
392185,2,7,5,46,stumped,20.0
392185,2,10,5,8,caught,23.0
392185,2,11,1,165,caught,151.0
392185,2,12,4,82,caught,18.0
392185,2,13,3,95,run out,
392185,2,15,2,6,caught,156.0
392186,1,2,2,24,caught,163.0
392186,1,6,2,29,caught,84.0
392186,1,6,4,162,caught,2.0
392186,1,14,1,26,run out,
392186,1,15,4,27,caught,171.0
392186,1,17,2,30,caught,2.0
392186,2,5,3,2,caught,26.0
392188,1,3,5,98,lbw,
392188,1,7,1,55,caught,95.0
392188,1,13,1,53,caught,8.0
392188,1,15,3,58,caught,14.0
392188,1,18,2,57,caught,159.0
392188,1,18,6,54,run out,
392188,2,0,1,158,bowled,
392188,2,3,5,9,caught,57.0
392188,2,7,2,46,caught,130.0
392188,2,10,3,159,stumped,53.0
392188,2,15,4,6,caught,54.0
392188,2,16,3,165,run out,
392188,2,17,4,167,caught,53.0
392188,2,19,4,8,caught,98.0
392189,1,0,1,40,caught,20.0
392189,1,1,6,41,caught,110.0
392189,1,8,3,133,caught,21.0
392189,1,13,6,89,caught,156.0
392189,1,19,5,88,caught,156.0
392189,2,5,2,17,caught,111.0
392189,2,7,6,18,caught,224.0
392189,2,10,3,20,caught,89.0
392189,2,14,1,21,caught,111.0
392189,2,15,6,156,caught,188.0
392189,2,18,3,23,caught,188.0
392189,2,18,6,119,run out,
392189,2,19,3,118,run out,188.0
392189,2,19,4,151,run out,
392190,1,1,6,168,caught,85.0
392190,1,2,2,169,caught,163.0
392190,1,8,1,75,caught,163.0
392190,1,8,6,31,caught,171.0
392190,1,16,2,35,caught,171.0
392190,1,17,6,135,bowled,
392190,2,3,6,2,caught,161.0
392190,2,8,2,163,caught,35.0
392190,2,9,5,64,caught,36.0
392190,2,10,5,105,caught,36.0
392190,2,13,6,60,caught,75.0
392190,2,18,5,171,caught,170.0
392190,2,19,5,1,caught,36.0
392190,2,19,6,85,run out,
392190,3,0,6,163,caught,169.0
392191,1,1,1,46,caught,27.0
392191,1,5,2,158,bowled,
392191,1,5,4,159,caught,24.0
392191,1,10,3,6,caught,79.0
392191,1,16,3,9,caught,65.0
392191,1,17,4,8,caught,162.0
392191,1,18,4,52,caught,65.0
392191,1,19,1,14,lbw,
392191,1,19,2,76,bowled,
392191,2,6,4,24,run out,
392191,2,12,3,26,caught,76.0
392191,2,18,1,162,caught,158.0
392192,1,6,5,53,caught,47.0
392192,1,12,5,147,bowled,
392192,1,14,4,57,caught,42.0
392192,1,14,6,55,caught,48.0
392192,1,15,4,98,run out,
392192,1,17,4,54,bowled,
392192,1,18,4,62,caught,44.0
392192,1,19,2,166,bowled,
392192,1,19,6,130,lbw,
392192,2,1,4,44,caught,53.0
392192,2,10,5,139,caught,98.0
392192,2,12,3,42,bowled,
392192,2,14,3,155,caught,147.0
392192,2,16,2,48,caught,53.0
392192,2,18,2,72,lbw,
392192,2,19,3,50,caught,147.0
392194,1,0,1,9,bowled,
392194,1,1,2,46,caught,115.0
392194,1,9,3,159,bowled,
392194,1,10,6,52,lbw,
392194,1,18,6,11,caught,134.0
392194,1,19,1,8,caught,133.0
392194,1,19,3,82,run out,111.0
392194,2,1,4,41,caught,159.0
392194,2,5,4,40,caught,11.0
392194,2,13,1,111,bowled,
392194,2,15,4,89,caught,9.0
392195,1,0,1,24,run out,
392195,1,4,1,162,caught,125.0
392195,1,6,1,27,caught,36.0
392195,1,8,2,65,caught,161.0
392195,1,18,1,29,bowled,
392195,1,18,6,26,run out,36.0
392195,2,1,1,102,caught,154.0
392195,2,1,5,75,caught,26.0
392195,2,4,1,169,caught,26.0
392195,2,4,3,135,bowled,
392195,2,6,4,31,caught,24.0
392195,2,8,4,170,caught,154.0
392195,2,18,1,35,bowled,
392196,1,0,2,17,caught,53.0
392196,1,6,5,21,caught and bowled,
392196,1,12,3,20,caught,180.0
392196,1,12,6,18,caught,57.0
392196,1,16,5,110,caught,62.0
392196,1,19,5,23,caught and bowled,
392196,2,5,4,53,caught,120.0
392196,2,7,3,55,caught,22.0
392196,2,13,4,57,caught,20.0
392196,2,15,2,147,lbw,
392197,1,12,2,139,lbw,
392197,1,13,5,50,caught,175.0
392197,1,14,4,44,caught,174.0
392197,1,15,1,48,run out,
392197,1,16,6,72,caught,163.0
392197,1,18,5,42,caught,2.0
392197,2,1,6,2,caught,155.0
392197,2,2,6,163,caught,139.0
392197,2,10,2,105,bowled,
392197,2,12,1,1,caught,72.0
392197,2,12,3,174,caught,139.0
392197,2,13,2,171,caught,47.0
392197,2,14,5,64,caught,44.0
392197,2,15,1,175,bowled,
392197,2,15,2,107,bowled,
392198,1,2,3,40,caught,38.0
392198,1,2,6,41,caught,161.0
392198,1,5,5,133,caught,102.0
392198,1,7,2,89,caught and bowled,
392198,1,15,2,111,lbw,
392198,1,18,3,176,bowled,
392198,1,19,5,134,bowled,
392198,2,3,3,169,lbw,
392198,2,4,5,102,run out,134.0
392198,2,6,4,168,caught,176.0
392198,2,10,3,35,caught,115.0
392198,2,10,6,38,stumped,89.0
392199,1,0,1,2,caught,8.0
392199,1,5,5,105,lbw,
392199,1,8,3,1,caught,9.0
392199,1,11,2,163,caught,146.0
392199,1,16,3,63,caught,159.0
392199,1,17,4,64,lbw,
392199,2,11,1,146,caught,177.0
392199,2,12,4,9,caught,177.0
392199,2,15,4,8,caught,177.0
392199,2,15,6,159,caught,63.0
392199,2,18,5,178,caught,177.0
392200,1,3,5,24,stumped,47.0
392200,1,4,3,162,caught,139.0
392200,1,8,3,27,caught,15.0
392200,1,10,3,65,caught,42.0
392200,1,14,3,29,caught,72.0
392200,1,16,2,69,bowled,
392200,1,16,4,68,bowled,
392200,1,19,6,154,run out,47.0
392200,2,0,1,44,caught,27.0
392200,2,1,2,139,caught,65.0
392200,2,4,1,42,lbw,
392200,2,9,2,72,caught,69.0
392200,2,17,1,48,bowled,
392200,2,18,1,50,caught,24.0
392200,2,19,4,155,caught,30.0
392201,1,0,5,53,caught,89.0
392201,1,2,3,98,caught,111.0
392201,1,8,6,57,caught,172.0
392201,1,9,2,173,lbw,
392201,1,14,5,179,caught,111.0
392201,1,17,6,147,caught,176.0
392201,1,18,3,180,run out,89.0
392201,1,19,5,54,bowled,
392201,1,19,6,131,run out,
392201,2,3,3,41,caught,98.0
392201,2,4,6,111,caught,131.0
392201,2,6,5,40,lbw,
392201,2,17,1,89,lbw,
392202,1,1,1,18,bowled,
392202,1,3,3,17,caught,161.0
392202,1,11,1,23,stumped,36.0
392202,1,12,5,22,caught,135.0
392202,1,19,4,21,caught,75.0
392202,2,1,6,75,caught,23.0
392202,2,5,3,102,hit wicket,
392202,2,9,3,169,lbw,
392202,2,12,6,31,caught,21.0
392202,2,14,6,135,caught,120.0
392202,2,17,3,35,caught,18.0
392202,2,17,6,38,caught,23.0
392202,2,18,1,125,caught,17.0
392202,2,19,3,39,caught,21.0
392203,1,3,2,44,caught,177.0
392203,1,5,5,50,caught,107.0
392203,1,7,5,139,caught,2.0
392203,1,11,4,48,bowled,
392203,1,15,5,181,caught,2.0
392203,1,18,5,86,caught,163.0
392203,2,0,4,1,bowled,
392203,2,2,2,163,bowled,
392203,2,14,5,177,caught,155.0
392203,2,17,2,64,bowled,
392203,2,18,6,105,run out,
392203,2,19,3,2,caught,195.0
392204,1,0,5,158,caught,65.0
392204,1,4,4,165,caught,68.0
392204,1,6,1,146,caught,68.0
392204,1,11,5,46,caught,28.0
392204,1,11,6,9,bowled,
392204,1,13,1,11,lbw,
392204,1,17,4,178,caught,29.0
392204,1,18,1,8,caught,68.0
392204,1,19,1,123,bowled,
392204,2,9,5,27,caught,9.0
392204,2,10,6,24,caught,8.0
392204,2,12,4,28,run out,
392204,2,17,1,65,caught,9.0
392204,2,18,2,26,bowled,
392204,2,19,4,29,caught,8.0
392204,2,19,5,68,bowled,
392205,1,4,1,98,lbw,
392205,1,5,1,173,caught,39.0
392205,1,9,5,53,caught,31.0
392205,1,16,5,57,caught,38.0
392205,1,19,2,147,caught,38.0
392205,2,0,2,75,caught,180.0
392205,2,0,3,102,run out,
392205,2,1,6,184,caught,98.0
392205,2,9,1,35,caught,147.0
392205,2,9,5,183,lbw,
392205,2,14,1,38,caught,53.0
392205,2,17,6,31,caught,98.0
392206,1,4,4,186,caught,90.0
392206,1,5,4,18,caught,111.0
392206,1,12,3,21,caught,133.0
392206,1,14,5,23,bowled,
392206,1,15,2,110,caught and bowled,
392206,1,17,2,22,caught,111.0
392206,1,17,3,20,caught,40.0
392206,1,18,4,151,caught,111.0
392206,1,19,4,187,caught,40.0
392206,1,19,6,120,run out,
392206,2,3,1,40,caught,21.0
392206,2,3,2,111,bowled,
392206,2,6,5,133,bowled,
392206,2,15,5,188,stumped,20.0
392206,2,16,4,172,bowled,
392206,2,17,2,89,caught,120.0
392206,2,17,6,115,bowled,
392206,2,18,6,90,caught,151.0
392207,1,4,4,163,caught,27.0
392207,1,10,3,2,caught,244.0
392207,1,15,6,1,caught,26.0
392207,2,0,5,26,caught,177.0
392207,2,5,1,66,caught,1.0
392207,2,9,2,28,caught,63.0
392207,2,14,1,27,caught,105.0
392208,1,3,3,139,caught,6.0
392208,1,3,4,86,caught,46.0
392208,1,5,2,155,caught,11.0
392208,1,14,1,44,caught,82.0
392208,2,2,6,7,caught,48.0
392209,1,6,5,18,caught,62.0
392209,1,12,1,186,caught,98.0
392209,1,17,6,21,caught,147.0
392209,2,0,1,53,lbw,
392209,2,1,2,98,bowled,
392209,2,2,2,55,caught,187.0
392209,2,8,2,57,caught,23.0
392209,2,8,6,147,lbw,
392209,2,10,4,54,caught,120.0
392209,2,12,4,189,bowled,
392209,2,13,5,62,caught,186.0
392209,2,13,6,179,caught,186.0
392209,2,14,4,131,caught,187.0
392210,1,14,5,75,caught,68.0
392210,1,16,2,31,caught,24.0
392210,1,16,6,184,caught,28.0
392210,1,19,2,35,caught,65.0
392210,2,0,1,66,caught,38.0
392210,2,0,6,24,caught,185.0
392210,2,4,6,28,bowled,
392210,2,5,6,26,stumped,184.0
392210,2,7,4,65,caught,39.0
392210,2,13,3,29,lbw,
392210,2,15,4,68,caught,35.0
392210,2,18,1,27,caught,185.0
392211,1,6,6,2,caught,74.0
392211,1,12,6,105,caught,111.0
392211,1,19,2,177,bowled,
392211,2,6,6,188,caught,164.0
392212,1,1,4,98,caught,139.0
392212,1,5,3,179,caught,47.0
392212,1,9,4,53,bowled,
392212,1,12,6,147,bowled,
392212,1,17,1,57,caught,72.0
392212,1,19,1,54,run out,
392212,2,1,4,44,caught,189.0
392212,2,1,5,139,bowled,
392212,2,8,5,47,caught,147.0
392212,2,14,1,72,caught,189.0
392212,2,15,5,48,bowled,
392212,2,15,6,50,bowled,
392212,2,17,1,155,caught,53.0
392212,2,17,3,80,stumped,53.0
392213,1,2,2,7,caught,183.0
392213,1,4,4,9,caught,136.0
392213,1,5,5,6,caught,184.0
392213,1,8,1,46,lbw,
392213,1,10,5,11,bowled,
392213,1,14,1,8,caught,191.0
392213,1,16,4,178,bowled,
392213,1,17,2,14,run out,191.0
392213,1,19,2,190,caught,136.0
392213,1,19,6,82,bowled,
392213,2,5,4,75,bowled,
392213,2,8,4,183,run out,
392213,2,13,5,31,caught,7.0
392214,1,0,1,23,caught,79.0
392214,1,9,1,21,caught,24.0
392214,1,16,6,18,caught,65.0
392214,2,0,2,66,bowled,
392214,2,6,2,24,caught,119.0
392214,2,9,1,28,caught,187.0
392215,1,0,2,43,run out,188.0
392215,1,0,6,155,caught,89.0
392215,1,5,6,139,run out,89.0
392215,1,7,4,47,caught,134.0
392215,1,15,6,72,caught,89.0
392215,1,16,1,48,caught,111.0
392215,1,18,5,50,bowled,
392215,1,19,1,114,bowled,
392215,1,19,4,86,caught,115.0
392215,1,19,6,81,run out,
392215,2,8,2,188,stumped,47.0
392215,2,9,1,40,caught,43.0
392215,2,17,5,133,caught,47.0
392216,1,3,4,53,caught,154.0
392216,1,6,3,98,caught,65.0
392216,1,9,2,179,caught,65.0
392216,1,10,4,57,caught,26.0
392216,1,19,6,54,run out,
392216,2,4,3,66,caught,54.0
392216,2,4,5,28,caught,54.0
392216,2,9,4,26,bowled,
392216,2,9,6,27,caught,53.0
392216,2,14,2,29,caught,180.0
392216,2,16,2,69,run out,
392216,2,17,5,65,run out,
392217,1,0,3,184,bowled,
392217,1,8,5,102,lbw,
392217,1,12,2,75,stumped,20.0
392217,1,14,1,35,caught,21.0
392217,1,15,5,31,caught,22.0
392217,1,16,4,183,run out,151.0
392217,1,17,2,170,stumped,20.0
392217,2,2,6,186,lbw,
392217,2,5,6,21,caught,183.0
392217,2,16,6,18,stumped,184.0
392218,1,1,3,139,caught,11.0
392218,1,7,6,44,lbw,
392218,2,3,5,9,caught,81.0
392218,2,4,5,46,caught,139.0
392218,2,6,3,8,caught,155.0
392218,2,9,5,6,run out,
392218,2,11,5,52,bowled,
392218,2,13,2,178,stumped,113.0
392218,2,17,2,82,stumped,113.0
392219,1,0,3,2,lbw,
392219,1,0,6,105,caught,111.0
392219,1,1,5,177,caught,90.0
392219,1,7,3,171,caught,90.0
392219,1,7,6,63,caught,89.0
392219,1,11,2,164,stumped,89.0
392219,1,16,1,1,caught,188.0
392219,1,19,6,83,caught,172.0
392219,2,6,4,40,caught,105.0
392219,2,8,3,188,caught,177.0
392219,2,8,6,133,caught,164.0
392220,1,3,3,53,lbw,
392220,1,5,5,179,caught,183.0
392220,1,9,3,57,stumped,184.0
392220,1,11,3,56,bowled,
392220,1,16,2,61,caught,183.0
392220,1,18,4,54,caught,35.0
392220,1,19,5,147,caught,170.0
392220,2,1,1,75,lbw,
392220,2,3,5,183,stumped,53.0
392220,2,7,5,184,run out,130.0
392220,2,11,2,31,caught,147.0
392220,2,13,1,102,run out,
392220,2,13,4,170,bowled,
392220,2,15,2,191,caught,130.0
392220,2,15,4,38,bowled,
392220,2,16,3,39,bowled,
392220,2,19,3,125,run out,
392221,1,2,3,1,caught,11.0
392221,1,4,2,174,caught,11.0
392221,1,13,2,4,bowled,
392221,1,17,3,192,caught,8.0
392221,2,8,2,9,caught,2.0
392221,2,9,2,158,caught,1.0
392221,2,10,6,46,caught,192.0
392221,2,15,4,6,caught and bowled,
392222,1,1,2,28,caught,50.0
392222,1,3,2,29,run out,72.0
392222,1,5,3,66,run out,139.0
392222,1,9,1,26,bowled,
392222,1,11,1,69,caught,50.0
392222,1,11,4,27,caught,72.0
392222,1,14,3,137,bowled,
392222,1,17,3,67,caught,114.0
392222,1,17,5,68,run out,113.0
392222,2,2,1,44,caught,69.0
392222,2,5,5,86,lbw,
392223,1,1,3,188,caught,54.0
392223,1,6,2,133,caught,130.0
392223,1,9,5,40,caught,54.0
392223,1,13,5,41,caught,56.0
392223,1,16,6,111,caught,130.0
392223,1,17,2,90,caught,180.0
392223,1,19,1,134,run out,53.0
392223,2,2,5,179,caught,74.0
392223,2,4,2,57,caught,188.0
392223,2,10,5,53,bowled,
392223,2,16,6,130,caught,90.0
392223,2,17,2,56,bowled,
392223,2,17,4,147,bowled,
392223,2,18,3,54,caught,89.0
392223,2,18,4,62,run out,74.0
392223,2,19,3,131,bowled,
392223,2,19,4,180,caught,111.0
392224,1,3,3,186,caught,46.0
392224,1,5,4,21,caught,178.0
392224,1,12,1,20,caught and bowled,
392224,1,13,2,18,caught,82.0
392224,1,16,1,23,caught,46.0
392224,1,17,4,110,caught,123.0
392224,1,18,2,22,caught,11.0
392224,1,18,3,151,caught,123.0
392224,1,19,3,120,run out,14.0
392224,1,19,4,219,run out,
392224,2,0,2,9,lbw,
392224,2,1,4,6,caught,23.0
392224,2,4,4,46,lbw,
392224,2,14,2,8,caught,22.0
392224,2,15,1,11,caught,18.0
392224,2,16,5,178,run out,
392224,2,17,3,12,caught,219.0
392224,2,19,1,52,caught,20.0
392225,1,6,3,75,caught,155.0
392225,1,9,5,31,caught,195.0
392225,1,15,5,169,bowled,
392225,1,18,3,148,caught,48.0
392225,1,19,1,35,caught,72.0
392225,1,19,4,184,caught,86.0
392225,1,19,6,38,run out,
392225,2,1,3,72,caught and bowled,
392225,2,4,6,86,caught,170.0
392225,2,5,2,113,caught,184.0
392225,2,11,1,44,caught,31.0
392225,2,13,1,155,bowled,
392225,2,15,3,139,lbw,
392225,2,18,4,48,run out,184.0
392225,2,19,2,81,lbw,
392225,2,19,3,194,run out,31.0
392225,2,19,5,195,run out,
392226,1,2,4,41,caught,26.0
392226,1,3,3,40,run out,
392226,1,7,2,111,caught,27.0
392226,1,9,1,133,caught,27.0
392226,1,15,4,172,caught,66.0
392226,1,16,6,91,bowled,
392226,1,17,6,176,caught,66.0
392226,1,18,1,90,caught,68.0
392226,1,19,3,89,caught,69.0
392226,2,3,1,28,caught,89.0
392226,2,4,1,66,bowled,
392226,2,5,2,137,caught,111.0
392226,2,15,5,27,caught,41.0
392227,1,2,1,72,bowled,
392227,1,5,6,44,caught,21.0
392227,1,10,5,139,caught,151.0
392227,1,19,3,155,run out,110.0
392227,1,19,6,50,run out,
392227,2,0,1,17,lbw,
392227,2,3,5,21,caught and bowled,
392227,2,10,5,23,caught,113.0
392228,1,4,3,2,caught,179.0
392228,1,14,5,1,caught,189.0
392228,1,17,5,105,caught,257.0
392228,1,19,2,63,caught,62.0
392228,1,19,4,4,run out,53.0
392228,2,9,2,53,caught,64.0
392228,2,12,3,98,caught,4.0
392228,2,16,2,179,run out,
392228,2,17,1,56,run out,196.0
392229,1,1,6,66,caught,57.0
392229,1,2,5,137,run out,
392229,1,4,2,28,caught,131.0
392229,1,8,5,27,bowled,
392229,1,16,1,69,caught,189.0
392229,1,17,6,26,caught,189.0
392229,1,19,3,29,caught,98.0
392229,2,4,2,53,stumped,26.0
392229,2,4,3,179,bowled,
392229,2,11,6,98,caught,68.0
392229,2,13,1,56,stumped,26.0
392229,2,13,2,54,bowled,
392229,2,18,2,130,run out,
392229,2,19,3,57,bowled,
392229,2,19,5,62,caught and bowled,
392230,1,2,1,40,caught and bowled,
392230,1,2,5,41,lbw,
392230,1,16,4,133,bowled,
392230,2,1,5,75,caught,724.0
392230,2,2,2,169,caught,224.0
392230,2,6,2,184,caught,41.0
392230,2,12,1,35,caught,89.0
392230,2,13,2,31,caught,89.0
392230,2,15,5,193,caught,41.0
392230,2,16,1,170,bowled,
392230,2,16,2,197,stumped,89.0
392230,2,16,6,38,stumped,89.0
392231,1,6,1,17,run out,64.0
392231,1,9,1,198,run out,105.0
392231,1,16,6,21,caught,64.0
392231,2,4,4,1,bowled,
392231,2,13,6,2,bowled,
392231,2,15,2,4,run out,
392232,1,0,3,41,caught,52.0
392232,1,0,5,172,caught,9.0
392232,1,5,6,40,caught,52.0
392232,1,10,3,111,bowled,
392232,1,11,3,199,bowled,
392232,1,16,5,200,caught,46.0
392232,1,17,5,89,caught,46.0
392232,2,0,6,46,caught,89.0
392232,2,12,3,6,caught and bowled,
392232,2,14,5,52,caught,176.0
392233,1,1,1,169,caught,201.0
392233,1,2,5,102,run out,107.0
392233,1,3,3,184,caught,201.0
392233,1,5,3,193,bowled,
392233,1,9,2,136,caught,1.0
392233,1,10,5,31,run out,64.0
392233,1,11,2,160,run out,4.0
392233,1,17,2,35,bowled,
392233,1,19,3,38,bowled,
392233,2,0,6,1,caught,35.0
392233,2,1,1,2,lbw,
392233,2,4,6,171,caught,169.0
392233,2,7,1,105,stumped,184.0
392233,2,9,1,4,caught,136.0
392233,2,11,3,201,run out,
392234,1,4,5,198,run out,27.0
392234,1,6,5,17,bowled,
392234,1,9,3,23,caught,29.0
392234,1,9,5,20,bowled,
392234,1,13,3,21,caught,67.0
392234,1,14,4,119,bowled,
392234,1,17,4,22,caught and bowled,
392234,1,17,6,202,caught,137.0
392234,1,19,4,157,run out,
392234,2,1,5,66,caught,17.0
392234,2,6,5,28,bowled,
392234,2,11,1,137,caught,21.0
392234,2,12,4,27,bowled,
392234,2,15,1,26,caught and bowled,
392234,2,15,3,69,lbw,
392234,2,16,5,67,caught,22.0
392234,2,18,5,29,caught,22.0
392235,1,0,1,44,lbw,
392235,1,2,3,155,caught,89.0
392235,1,4,3,203,caught,89.0
392235,1,13,3,139,bowled,
392235,1,14,2,48,lbw,
392235,1,18,3,47,caught and bowled,
392235,1,19,1,86,caught,111.0
392235,1,19,4,195,run out,
392235,2,3,3,188,caught,203.0
392235,2,11,1,40,caught,203.0
392235,2,14,2,133,caught,47.0
392235,2,14,3,41,bowled,
392235,2,16,3,111,caught,48.0
392235,2,16,4,90,bowled,
392236,1,1,6,9,caught,179.0
392236,1,9,2,178,stumped,53.0
392236,1,14,2,6,caught,98.0
392236,1,16,6,52,caught,62.0
392236,2,6,5,53,caught,178.0
392236,2,10,6,179,caught,178.0
392236,2,14,1,98,caught,97.0
392236,2,15,1,56,bowled,
392236,2,17,5,54,run out,
392236,2,18,1,57,caught,8.0
392237,1,0,5,40,caught,62.0
392237,1,0,6,188,caught,98.0
392237,1,10,4,41,lbw,
392237,1,17,1,111,caught,53.0
392237,1,18,6,89,bowled,
392237,1,19,3,90,caught,54.0
392237,1,19,5,133,run out,
392237,1,19,6,134,run out,53.0
392237,2,1,2,98,bowled,
392237,2,7,6,173,stumped,89.0
392237,2,9,6,53,caught,224.0
392237,2,13,4,56,caught,188.0
392238,1,6,6,18,caught,97.0
392238,1,8,4,17,lbw,
392238,1,14,1,21,caught,11.0
392238,1,17,2,20,caught,82.0
392238,1,19,2,22,caught,46.0
392238,2,1,4,9,caught,17.0
392238,2,2,5,178,bowled,
392238,2,12,3,97,bowled,
392238,2,15,1,6,lbw,
392239,1,0,3,53,bowled,
392239,1,3,3,179,caught,97.0
392239,1,8,5,56,bowled,
392239,1,16,2,57,caught,97.0
392239,1,16,6,54,caught,52.0
392239,1,19,1,173,lbw,
392239,2,3,3,9,bowled,
392239,2,6,1,97,caught,53.0
392239,2,8,3,178,stumped,53.0
392239,2,11,4,6,bowled,
392239,2,14,2,52,caught,54.0
392239,2,14,3,8,stumped,53.0
392239,2,15,5,11,caught,98.0
392239,2,16,4,14,caught,62.0
392239,2,18,6,82,caught,257.0
419106,1,0,1,88,caught,57.0
419106,1,0,4,1,caught,206.0
419106,1,4,4,204,caught,131.0
419106,1,5,1,105,caught,98.0
419106,2,5,5,55,caught and bowled,
419106,2,11,1,53,caught,88.0
419106,2,12,2,98,caught,192.0
419106,2,14,1,56,caught,1.0
419106,2,16,2,57,caught,105.0
419106,2,17,6,206,caught and bowled,
419106,2,18,3,61,bowled,
419107,1,3,3,44,lbw,
419107,1,6,1,139,lbw,
419107,1,6,3,208,caught,38.0
419107,1,16,6,209,caught,213.0
419107,1,17,6,80,caught,184.0
419107,1,18,2,210,run out,184.0
419107,1,19,5,50,retired hurt,
419107,2,0,2,102,run out,210.0
419107,2,5,1,184,caught,15.0
419107,2,6,3,75,caught and bowled,
419107,2,9,2,212,bowled,
419107,2,17,1,31,run out,210.0
419107,2,19,1,213,run out,195.0
419107,2,19,2,214,bowled,
419108,1,1,2,215,run out,172.0
419108,1,5,1,26,caught,115.0
419108,1,5,6,27,caught,40.0
419108,1,6,1,65,caught,89.0
419108,1,13,2,29,stumped,89.0
419108,1,14,5,33,stumped,89.0
419108,1,15,2,162,caught,172.0
419108,1,16,3,154,bowled,
419108,1,18,6,68,caught,91.0
419108,2,1,2,41,caught,65.0
419108,2,1,5,133,caught,215.0
419108,2,7,3,111,run out,
419108,2,12,2,89,caught,29.0
419108,2,19,2,40,caught,65.0
419109,1,2,6,146,caught,85.0
419109,1,4,3,97,bowled,
419109,1,5,4,8,caught,192.0
419109,1,7,2,217,bowled,
419109,1,12,1,6,bowled,
419109,1,17,3,46,caught,63.0
419109,1,17,6,178,caught,105.0
419109,2,11,4,88,caught and bowled,
419109,2,13,6,105,caught,97.0
419109,2,18,2,1,caught,217.0
419110,1,4,4,53,bowled,
419110,1,4,5,55,run out,
419110,1,17,2,98,run out,110.0
419110,1,18,1,56,run out,18.0
419110,2,2,1,186,bowled,
419110,2,2,4,21,caught,53.0
419110,2,4,1,18,caught,62.0
419110,2,5,3,23,caught,62.0
419110,2,9,6,218,stumped,53.0
419110,2,14,6,20,bowled,
419110,2,15,3,202,caught,62.0
419110,2,17,5,151,caught,206.0
419110,2,18,1,120,lbw,
419111,1,1,2,102,caught,133.0
419111,1,4,5,184,bowled,
419111,1,5,5,31,caught,111.0
419111,1,8,1,75,caught,41.0
419111,1,16,2,213,run out,
419111,1,17,1,135,run out,
419111,2,3,3,40,caught,75.0
419111,2,3,4,133,caught,184.0
419111,2,9,6,41,caught,75.0
419111,2,12,3,111,caught,230.0
419112,1,14,1,215,caught,217.0
419112,1,15,5,27,caught,217.0
419112,1,19,3,162,caught,123.0
419112,2,8,1,97,caught,29.0
419112,2,13,6,46,caught,33.0
419113,1,3,1,18,bowled,
419113,1,8,4,186,bowled,
419113,1,9,1,21,bowled,
419113,2,0,2,105,caught,202.0
419113,2,1,3,88,bowled,
419113,2,4,6,63,bowled,
419113,2,6,2,205,caught,20.0
419113,2,8,1,1,caught,110.0
419113,2,10,2,192,lbw,
419113,2,12,3,220,caught,186.0
419113,2,13,2,64,caught,110.0
419113,2,14,1,221,bowled,
419113,2,19,2,84,run out,23.0
419114,1,3,4,44,caught,200.0
419114,1,6,3,208,bowled,
419114,1,10,5,139,caught,200.0
419114,1,17,4,209,caught,133.0
419114,1,18,5,80,run out,89.0
419114,1,19,3,72,caught,172.0
419114,1,19,6,222,stumped,89.0
419114,2,3,4,133,bowled,
419114,2,6,1,41,caught,209.0
419114,2,6,5,111,bowled,
419114,2,8,5,89,stumped,208.0
419114,2,9,1,172,caught,210.0
419114,2,11,2,91,stumped,208.0
419114,2,12,6,134,bowled,
419114,2,13,3,115,run out,72.0
419114,2,16,3,224,bowled,
419115,1,5,1,184,caught,46.0
419115,1,6,2,225,stumped,11.0
419115,1,7,5,212,bowled,
419115,1,14,1,31,run out,8.0
419115,1,16,2,226,bowled,
419115,1,16,3,227,caught,97.0
419115,1,16,4,213,bowled,
419115,1,19,1,38,bowled,
419115,1,19,4,191,stumped,11.0
419115,1,19,5,125,run out,
419116,1,3,3,188,caught,18.0
419116,1,11,2,133,caught,21.0
419116,1,11,4,41,caught,218.0
419116,1,12,3,111,caught,21.0
419116,1,16,2,89,lbw,
419116,1,19,2,90,caught,21.0
419116,2,2,1,17,run out,111.0
419116,2,6,6,23,caught,134.0
419116,2,13,3,18,caught,133.0
419116,2,15,2,110,caught,134.0
419116,2,17,5,218,bowled,
419117,1,2,6,53,caught,65.0
419117,1,3,3,55,retired hurt,
419117,1,10,2,98,bowled,
419117,1,10,5,57,run out,65.0
419117,1,11,4,206,caught,26.0
419117,1,16,4,56,caught,229.0
419117,1,18,5,61,caught,229.0
419117,1,19,2,179,run out,26.0
419117,2,2,2,215,run out,179.0
419117,2,2,6,26,bowled,
419117,2,4,6,27,caught,98.0
419117,2,7,4,65,bowled,
419117,2,10,1,228,caught,57.0
419117,2,11,6,162,caught,56.0
419117,2,16,1,68,caught,131.0
419117,2,19,1,29,caught,56.0
419118,1,0,1,225,lbw,
419118,1,4,6,230,caught,204.0
419118,1,8,2,184,run out,
419118,1,12,6,31,caught,105.0
419118,1,17,1,212,caught,1.0
419118,1,17,3,213,caught,63.0
419118,1,18,2,38,caught,88.0
419118,2,2,6,88,bowled,
419118,2,10,4,204,bowled,
419118,2,14,1,105,bowled,
419118,2,19,2,1,caught,231.0
419118,2,19,3,192,run out,170.0
419119,1,1,3,44,lbw,
419119,1,4,3,208,caught,97.0
419119,1,9,3,80,bowled,
419119,1,10,1,209,caught,11.0
419119,1,10,3,139,bowled,
419119,1,10,6,72,lbw,
419119,1,17,1,222,caught,8.0
419119,1,17,5,210,caught,6.0
419119,1,19,1,50,caught,9.0
419119,2,9,5,97,caught,222.0
419119,2,14,3,46,caught,195.0
419119,2,16,6,8,run out,222.0
419120,1,0,4,232,bowled,
419120,1,4,5,53,caught,89.0
419120,1,9,2,98,caught,164.0
419120,1,13,2,56,caught,111.0
419120,1,18,4,57,caught,111.0
419120,1,19,3,54,run out,
419120,2,3,5,41,caught,98.0
419120,2,10,1,188,run out,
419120,2,12,2,111,bowled,
419120,2,14,5,172,caught,179.0
419120,2,16,2,164,caught,62.0
419120,2,18,2,89,caught and bowled,
419120,2,18,3,134,caught,53.0
419120,2,19,1,200,bowled,
419120,2,19,2,223,run out,61.0
419121,1,2,5,162,caught,151.0
419121,1,8,2,26,stumped,17.0
419121,1,9,5,29,bowled,
419121,1,10,6,65,lbw,
419121,1,16,2,33,caught,110.0
419121,1,18,5,215,run out,
419121,1,18,6,27,caught,198.0
419121,1,19,1,234,run out,21.0
419121,2,8,4,18,bowled,
419121,2,12,3,21,run out,234.0
419121,2,12,6,186,lbw,
419121,2,13,6,23,caught,26.0
419121,2,17,2,17,stumped,26.0
419121,2,18,4,119,bowled,
419121,2,19,6,202,caught,33.0
419121,3,0,2,18,bowled,
419121,3,0,5,21,caught,65.0
419121,4,0,2,65,caught,186.0
419122,1,10,6,1,bowled,
419122,1,19,2,205,bowled,
419122,1,19,6,163,lbw,
419122,2,6,5,42,caught,1.0
419122,2,13,6,80,caught,1.0
419122,2,15,5,222,lbw,
419123,1,4,4,9,bowled,
419123,1,7,6,6,bowled,
419123,1,9,4,97,caught,21.0
419123,1,15,4,8,stumped,17.0
419123,1,16,5,217,bowled,
419123,2,0,6,17,caught,11.0
419123,2,9,2,18,run out,6.0
419123,2,9,4,198,caught,11.0
419123,2,11,3,21,caught,9.0
419123,2,12,3,186,caught,217.0
419123,2,15,6,23,caught,182.0
419123,2,19,4,110,bowled,
419124,1,3,4,184,caught,235.0
419124,1,7,2,225,stumped,26.0
419124,1,12,6,31,caught,27.0
419124,1,19,1,230,run out,68.0
419124,1,19,5,213,run out,
419124,2,3,6,26,caught,230.0
419124,2,7,5,215,caught,225.0
419124,2,10,6,27,caught,230.0
419124,2,12,3,162,caught,39.0
419124,2,12,6,29,run out,212.0
419124,2,14,5,33,lbw,
419124,2,16,3,68,caught,239.0
419124,2,17,4,234,caught,125.0
419124,2,18,5,65,caught,212.0
419124,2,19,1,235,bowled,
419125,1,3,2,18,lbw,
419125,1,4,6,17,bowled,
419125,2,8,5,42,caught,21.0
419125,2,9,3,80,lbw,
419125,2,13,2,210,bowled,
419125,2,16,4,222,bowled,
419125,2,18,2,139,caught,20.0
419128,1,3,2,188,caught,82.0
419128,1,5,1,41,caught,8.0
419128,1,11,4,89,run out,95.0
419128,1,16,1,111,run out,217.0
419128,2,9,1,9,bowled,
419128,2,10,3,97,bowled,
419128,2,10,4,6,run out,
419128,2,11,6,46,caught,89.0
419128,2,14,5,217,run out,
419128,2,15,4,11,caught,41.0
419128,2,16,5,82,run out,
419128,2,17,2,14,caught,111.0
419128,2,19,5,95,bowled,
419126,1,0,4,53,caught,31.0
419126,1,4,4,55,caught,31.0
419126,1,6,4,98,stumped,184.0
419126,1,8,1,56,run out,
419126,1,12,3,179,bowled,
419126,1,13,3,54,run out,212.0
419126,1,17,6,61,run out,213.0
419126,1,18,5,237,caught,212.0
419126,1,19,4,57,caught,225.0
419126,2,6,3,184,stumped,53.0
419126,2,11,2,225,run out,
419127,1,2,5,163,caught,215.0
419127,1,4,6,238,caught,67.0
419127,1,14,3,1,caught,68.0
419127,1,15,6,4,bowled,
419127,1,19,2,192,caught,67.0
419127,2,0,2,162,lbw,
419127,2,5,4,27,caught,88.0
419127,2,7,3,215,caught,4.0
419127,2,13,4,65,bowled,
419127,2,14,2,26,stumped,63.0
419127,2,18,5,29,caught and bowled,
419129,1,3,6,225,caught,157.0
419129,1,10,6,230,caught,186.0
419129,1,12,4,31,caught,21.0
419129,1,17,3,184,caught,118.0
419129,1,18,2,231,caught,120.0
419129,1,19,2,213,run out,
419129,1,19,3,212,caught,186.0
419129,1,19,4,38,run out,
419129,2,3,4,18,caught and bowled,
419129,2,8,4,186,run out,31.0
419129,2,9,4,21,bowled,
419129,2,15,4,20,run out,
419129,2,18,1,23,caught,31.0
419129,2,18,5,110,caught,230.0
419130,1,3,3,42,lbw,
419130,1,7,3,72,caught,56.0
419130,1,7,6,80,caught,53.0
419130,1,10,4,209,stumped,53.0
419130,1,12,1,210,caught,179.0
419130,1,13,1,222,caught,179.0
419130,1,16,4,139,caught,53.0
419130,2,0,2,53,caught,139.0
419130,2,4,5,98,caught,222.0
419130,2,5,2,232,caught,211.0
419130,2,5,6,56,caught,72.0
419130,2,10,4,179,caught and bowled,
419130,2,13,1,54,caught,211.0
419130,2,14,3,207,caught,155.0
419130,2,16,4,57,bowled,
419130,2,16,6,241,bowled,
419130,2,17,4,62,bowled,
419131,1,0,6,41,stumped,63.0
419131,1,1,6,40,lbw,
419131,1,2,6,89,bowled,
419131,1,19,2,242,caught,4.0
419131,2,2,5,1,bowled,
419131,2,3,4,238,stumped,89.0
419131,2,4,2,88,bowled,
419131,2,8,1,163,caught,134.0
419131,2,13,3,4,caught,40.0
419131,2,15,2,192,bowled,
419131,2,18,6,83,caught and bowled,
419131,2,19,5,84,run out,89.0
419131,2,19,6,243,bowled,
419132,1,1,2,162,lbw,
419132,1,4,4,215,caught,15.0
419132,1,10,4,65,run out,
419132,1,11,2,27,caught,50.0
419132,1,15,5,29,caught,50.0
419132,1,15,6,101,bowled,
419132,1,16,4,67,caught,222.0
419132,1,17,2,24,bowled,
419132,1,18,6,244,bowled,
419132,1,19,6,68,run out,211.0
419132,2,5,2,139,caught,29.0
419132,2,9,6,222,caught,162.0
419132,2,11,4,42,caught,101.0
419132,2,15,5,209,caught,27.0
419132,2,16,6,72,caught and bowled,
419132,2,18,6,80,caught,24.0
419133,1,2,3,97,caught,20.0
419133,1,6,3,46,caught,119.0
419133,1,15,1,8,caught,186.0
419133,1,15,3,9,run out,
419133,2,6,5,18,stumped,46.0
419133,2,10,5,186,caught,97.0
419133,2,16,3,20,caught,6.0
419133,2,17,3,110,bowled,
419133,2,18,5,23,caught,46.0
419134,1,3,1,188,bowled,
419134,1,3,3,41,caught,213.0
419134,1,5,4,242,run out,
419134,1,8,3,236,caught,31.0
419134,1,16,5,40,caught,31.0
419134,1,19,6,89,caught,170.0
419134,2,0,2,225,caught,188.0
419134,2,0,5,230,lbw,
419134,2,3,4,184,caught,89.0
419134,2,4,1,212,run out,
419134,2,8,2,31,caught,188.0
419134,2,10,3,231,caught,188.0
419134,2,10,5,38,run out,188.0
419134,2,13,3,227,caught,188.0
419134,2,16,2,213,stumped,89.0
419134,2,17,4,239,stumped,89.0
419135,1,2,2,163,caught,241.0
419135,1,5,6,204,caught,131.0
419135,1,8,3,88,bowled,
419135,1,16,6,1,caught,57.0
419135,1,18,1,192,caught,98.0
419135,1,18,3,4,caught,98.0
419135,2,2,4,53,caught,204.0
419135,2,8,3,232,caught,88.0
419135,2,14,2,98,caught,4.0
419135,2,15,3,57,bowled,
419135,2,19,4,56,caught,84.0
419136,1,1,4,101,caught,6.0
419136,1,8,6,215,bowled,
419136,1,11,1,26,caught,9.0
419136,1,17,4,27,caught,10.0
419136,1,19,5,29,run out,
419136,2,4,1,9,caught,215.0
419136,2,6,6,97,run out,229.0
419136,2,15,3,8,caught,29.0
419136,2,17,6,46,caught,215.0
419137,1,5,5,18,caught,32.0
419137,1,8,2,21,caught,239.0
419137,1,19,2,110,run out,227.0
419137,1,19,4,186,caught,230.0
419137,1,19,5,20,caught,227.0
419137,2,7,2,225,caught,124.0
419137,2,7,6,31,caught,249.0
419137,2,15,1,32,bowled,
419137,2,17,1,230,caught,124.0
419137,2,18,3,212,caught,21.0
419138,1,6,1,42,stumped,53.0
419138,1,7,2,139,lbw,
419138,1,8,6,72,bowled,
419138,1,16,4,80,caught,189.0
419138,1,19,6,222,caught,56.0
419138,2,4,1,98,caught,139.0
419138,2,5,5,55,run out,
419138,2,6,1,53,bowled,
419138,2,10,1,57,caught and bowled,
419138,2,11,5,56,bowled,
419138,2,12,3,232,caught,72.0
419138,2,15,3,189,caught,42.0
419138,2,17,2,237,caught,72.0
419138,2,17,4,179,caught,209.0
419138,2,18,2,131,bowled,
419139,1,7,2,1,caught and bowled,
419139,1,15,4,163,caught,162.0
419139,1,18,4,88,caught,33.0
419139,2,4,5,215,bowled,
419139,2,13,4,26,caught,4.0
419140,1,4,2,41,bowled,
419140,1,5,4,40,run out,182.0
419140,1,9,4,188,caught,8.0
419140,1,10,3,89,caught,10.0
419140,1,14,3,236,run out,46.0
419140,2,3,3,10,caught,188.0
419140,2,9,2,159,bowled,
419140,2,11,5,46,caught,188.0
419140,2,14,2,52,lbw,
419140,2,15,5,9,caught,242.0
419140,2,17,4,8,bowled,
419140,2,18,1,82,bowled,
419140,2,19,2,6,caught,188.0
419140,2,19,3,245,bowled,
419141,1,2,1,225,caught,189.0
419141,1,2,3,184,caught,189.0
419141,1,10,6,230,caught,173.0
419141,1,12,4,31,caught,55.0
419141,1,15,2,212,caught,55.0
419141,1,15,5,170,lbw,
419141,1,16,4,32,caught,206.0
419141,1,17,4,38,run out,62.0
419141,1,18,3,246,caught,56.0
419141,1,19,5,39,bowled,
419141,2,2,3,55,caught,31.0
419141,2,4,5,53,caught,225.0
419141,2,10,1,56,caught,230.0
419141,2,13,5,206,caught,184.0
419141,2,15,3,147,caught,246.0
419141,2,17,1,173,caught,170.0
419141,2,17,4,189,bowled,
419141,2,19,3,62,caught,191.0
419141,2,19,4,257,run out,39.0
419141,2,19,5,57,caught,170.0
419142,1,3,6,186,bowled,
419142,1,8,5,21,caught,42.0
419142,1,13,5,20,caught and bowled,
419142,1,13,6,18,caught,210.0
419142,2,6,1,42,bowled,
419142,2,9,5,209,stumped,20.0
419142,2,10,3,72,caught,157.0
419142,2,11,6,80,caught,18.0
419142,2,12,6,222,caught,186.0
419142,2,13,4,210,run out,
419142,2,14,2,211,lbw,
419142,2,16,3,139,caught,186.0
419142,2,19,6,50,bowled,
419143,1,3,3,215,caught,230.0
419143,1,6,1,26,caught,31.0
419143,1,11,3,27,bowled,
419143,1,11,5,65,caught,38.0
419143,1,15,2,162,run out,
419143,1,19,2,68,caught,212.0
419143,2,9,3,225,caught,68.0
419144,1,10,2,163,bowled,
419144,1,11,5,1,bowled,
419144,1,13,1,2,run out,
419144,2,0,5,188,bowled,
419144,2,10,3,40,run out,1.0
419144,2,11,3,242,caught,192.0
419144,2,14,5,41,bowled,
419144,2,16,3,236,caught,1.0
419144,2,17,1,91,bowled,
419144,2,17,4,90,run out,138.0
419144,2,18,2,89,caught,2.0
419145,1,2,3,97,bowled,
419145,1,8,4,6,caught,57.0
419145,1,9,4,46,caught,53.0
419145,1,10,1,52,lbw,
419145,1,18,5,9,caught,189.0
419145,1,19,4,8,caught,56.0
419145,2,2,1,232,caught,46.0
419145,2,10,4,53,stumped,46.0
419145,2,11,4,57,caught,95.0
419146,1,1,1,42,bowled,
419146,1,5,6,209,bowled,
419146,1,7,3,80,stumped,26.0
419146,1,9,4,139,bowled,
419146,1,13,4,210,caught,26.0
419146,1,17,5,222,bowled,
419146,1,19,3,50,caught,26.0
419146,1,19,5,211,bowled,
419146,1,19,6,155,run out,26.0
419146,2,4,3,65,caught,80.0
419146,2,10,1,228,lbw,
419146,2,16,3,27,caught,155.0
419146,2,18,3,26,caught,42.0
419147,1,4,4,18,caught,53.0
419147,1,7,5,186,run out,
419147,1,11,4,20,bowled,
419147,1,14,5,19,caught,251.0
419147,1,16,6,23,caught,232.0
419147,1,17,2,21,caught,57.0
419147,1,19,1,202,caught and bowled,
419147,1,19,3,157,caught,56.0
419147,2,4,1,53,caught,20.0
419147,2,4,4,232,stumped,20.0
419147,2,10,5,57,caught,219.0
419147,2,16,1,179,caught,21.0
419148,1,5,2,163,caught,6.0
419148,1,11,5,1,caught,123.0
419148,1,12,2,88,caught,10.0
419148,1,13,1,192,caught,52.0
419148,1,16,3,2,caught,82.0
419148,1,17,3,63,caught,82.0
419148,1,18,6,204,run out,
419148,1,19,1,107,run out,46.0
419148,1,19,3,85,caught,46.0
419148,2,2,5,9,caught,163.0
419148,2,11,4,250,bowled,
419148,2,13,2,6,caught,83.0
419149,1,1,1,41,caught,248.0
419149,1,3,5,40,run out,
419149,1,4,1,188,run out,
419149,1,7,3,242,lbw,
419149,1,9,6,176,bowled,
419149,1,13,2,89,caught,65.0
419149,1,14,6,90,caught,248.0
419149,1,15,1,91,bowled,
419149,1,18,3,172,bowled,
419149,1,19,4,74,caught,68.0
419149,2,6,4,29,caught,90.0
419149,2,10,6,65,caught,74.0
419149,2,17,5,26,bowled,
419150,1,1,3,44,caught,212.0
419150,1,1,6,209,caught,184.0
419150,1,3,5,80,caught,246.0
419150,1,12,3,155,caught,225.0
419150,1,17,6,222,bowled,
419150,2,1,4,225,caught,155.0
419150,2,2,1,184,caught,139.0
419150,2,2,4,32,run out,209.0
419150,2,6,1,230,run out,
419150,2,10,2,212,run out,
419150,2,13,4,31,caught,50.0
419150,2,14,2,231,caught,209.0
419150,2,19,6,246,caught,42.0
419151,1,0,4,53,caught,46.0
419151,1,0,5,179,caught,52.0
419151,1,2,3,98,bowled,
419151,1,12,3,232,run out,
419151,1,17,3,56,stumped,46.0
419151,1,18,1,57,caught,97.0
419151,2,0,1,97,caught,53.0
419151,2,10,3,6,caught,251.0
419151,2,13,3,9,caught,251.0
419151,2,14,5,52,bowled,
419151,2,15,3,8,caught,251.0
419151,2,16,2,10,caught,56.0
419151,2,18,1,46,bowled,
419151,2,18,2,95,lbw,
419151,2,19,3,82,bowled,
419151,2,19,4,182,run out,
419152,1,5,3,252,caught,134.0
419152,1,9,3,139,caught,111.0
419152,1,13,5,80,bowled,
419152,1,16,6,209,caught,111.0
419152,2,3,4,188,caught,287.0
419152,2,6,4,40,caught and bowled,
419152,2,7,3,41,run out,
419152,2,9,3,111,lbw,
419152,2,10,5,242,run out,222.0
419152,2,11,6,89,bowled,
419152,2,16,6,134,bowled,
419153,1,2,2,163,stumped,20.0
419153,1,2,6,2,caught,120.0
419153,1,3,2,1,lbw,
419153,1,4,1,4,stumped,20.0
419153,1,14,4,88,caught,186.0
419153,1,15,5,63,stumped,20.0
419153,1,18,2,64,caught,18.0
419153,1,19,3,192,caught,18.0
419153,2,0,3,18,bowled,
419154,1,2,2,225,run out,
419154,1,2,4,253,caught,46.0
419154,1,3,2,184,caught,97.0
419154,1,10,1,32,caught,159.0
419154,1,11,4,212,caught,123.0
419154,1,13,1,31,bowled,
419154,2,1,3,9,bowled,
419154,2,4,5,97,caught,31.0
419154,2,10,4,46,stumped,184.0
419154,2,11,5,159,run out,
419154,2,13,4,8,caught,32.0
419155,1,1,3,18,caught,242.0
419155,1,2,2,20,caught,172.0
419155,1,3,4,186,caught,89.0
419155,1,8,1,21,caught,233.0
419155,1,9,1,19,caught,133.0
419155,1,9,6,110,caught,242.0
419155,1,14,1,202,run out,134.0
419155,1,16,1,151,lbw,
419155,1,19,6,23,caught,188.0
419155,2,0,3,188,caught,186.0
419155,2,1,1,41,caught,18.0
419155,2,1,4,133,bowled,
419155,2,6,6,89,caught,23.0
419156,1,0,5,101,caught,53.0
419156,1,11,2,26,caught,131.0
419156,1,19,5,27,caught,56.0
419156,2,1,3,53,caught,234.0
419156,2,6,3,232,lbw,
419156,2,13,1,179,caught,26.0
419156,2,14,3,56,bowled,
419156,2,17,4,254,caught,65.0
419157,1,5,6,139,caught,52.0
419157,1,12,5,209,caught and bowled,
419157,1,15,1,222,lbw,
419157,1,16,1,211,lbw,
419157,2,4,5,97,caught,15.0
419157,2,5,4,9,bowled,
419157,2,8,6,6,caught,222.0
419157,2,10,4,159,caught,80.0
419157,2,11,1,46,caught,48.0
419157,2,14,4,52,caught,50.0
419157,2,15,5,95,bowled,
419157,2,18,2,8,caught,208.0
419157,2,18,6,76,caught,15.0
419158,1,7,3,32,bowled,
419158,1,8,4,184,caught,64.0
419158,1,10,2,31,caught,1.0
419158,1,13,3,231,caught,84.0
419158,1,14,2,255,bowled,
419158,1,15,5,170,caught,163.0
419158,1,17,4,213,bowled,
419158,1,19,3,230,run out,
419158,1,19,5,39,caught,347.0
419158,2,2,3,2,caught,32.0
419158,2,2,5,163,bowled,
419159,1,2,6,65,caught,219.0
419159,1,10,5,26,bowled,
419159,1,11,6,27,lbw,
419159,2,2,5,18,caught,26.0
419159,2,4,1,186,stumped,26.0
419159,2,9,4,21,caught,24.0
419159,2,16,4,23,stumped,26.0
419160,1,1,4,53,caught,40.0
419160,1,4,1,179,bowled,
419160,1,6,3,57,caught,89.0
419160,1,8,6,232,run out,172.0
419160,1,14,3,56,caught,172.0
419160,1,15,6,254,caught,172.0
419160,1,17,6,61,caught,74.0
419160,2,1,2,188,caught,57.0
419160,2,2,4,41,caught,57.0
419160,2,3,4,133,lbw,
419160,2,6,2,40,caught,57.0
419160,2,11,5,172,run out,
419160,2,12,5,89,bowled,
419160,2,15,1,134,bowled,
419161,1,0,5,208,caught,84.0
419161,1,2,5,42,caught,63.0
419161,1,12,5,155,bowled,
419161,1,13,1,80,caught,2.0
419161,1,15,4,72,stumped,63.0
419161,1,17,5,210,caught,84.0
419161,1,19,1,256,caught,1.0
419161,1,19,6,209,run out,107.0
419161,2,13,5,1,caught,72.0
419162,1,1,5,139,caught,52.0
419162,1,3,4,42,run out,8.0
419162,1,8,2,48,caught,14.0
419162,1,9,3,155,caught,159.0
419162,1,17,4,209,caught,9.0
419162,2,2,4,9,caught,209.0
419162,2,6,2,159,stumped,209.0
419162,2,9,3,46,caught,42.0
419162,2,9,4,6,run out,
419162,2,11,3,8,caught,209.0
419162,2,13,4,97,caught,155.0
419162,2,14,6,14,bowled,
419162,2,17,6,82,bowled,
419162,2,19,3,95,bowled,
419163,1,1,6,18,caught,56.0
419163,1,3,1,186,lbw,
419163,1,4,5,21,caught,53.0
419163,1,13,2,20,caught,57.0
419163,1,14,5,110,caught,56.0
419163,1,18,2,23,run out,53.0
419163,1,19,4,124,caught,98.0
419163,2,5,1,53,caught,124.0
419163,2,5,5,179,caught,21.0
419163,2,7,2,57,caught,120.0
419163,2,10,5,98,bowled,
419163,2,12,1,232,stumped,20.0
419163,2,15,2,56,caught,186.0
419163,2,17,4,189,caught,186.0
419163,2,17,6,251,bowled,
419163,2,18,1,257,lbw,
419163,2,19,2,131,caught,249.0
419164,1,0,4,53,caught,9.0
419164,1,1,1,232,lbw,
419164,1,3,2,57,caught,159.0
419164,1,6,1,56,caught,46.0
419164,1,8,2,147,bowled,
419164,1,15,1,206,bowled,
419164,1,16,3,54,caught,10.0
419164,1,17,6,237,bowled,
419164,1,18,1,189,lbw,
419164,1,18,3,131,caught,9.0
419164,2,7,2,9,caught and bowled,
419165,1,7,2,186,caught,80.0
419165,1,8,4,18,caught,209.0
419165,1,11,2,23,caught,195.0
419165,1,17,1,20,caught,149.0
419165,1,19,3,110,run out,209.0
419165,2,1,4,42,caught,20.0
419165,2,11,2,48,run out,20.0
419165,2,11,6,50,lbw,
419165,2,14,2,139,caught,186.0
419165,2,14,5,80,caught,21.0
419165,2,16,6,155,caught,187.0
419165,2,18,5,209,run out,
419165,2,18,6,222,caught,18.0
419165,2,19,3,15,run out,
501198,1,0,6,186,caught,90.0
501198,1,10,3,21,caught,223.0
501198,1,17,2,20,caught,215.0
501198,1,19,2,124,bowled,
501198,2,8,5,215,stumped,20.0
501198,2,12,5,31,run out,20.0
501198,2,15,2,9,caught,23.0
501198,2,16,3,217,stumped,20.0
501198,2,16,5,40,run out,58.0
501198,2,18,6,88,stumped,20.0
501198,2,19,2,64,caught,58.0
501199,1,4,5,42,caught,170.0
501199,1,5,3,26,caught,253.0
501199,1,7,5,94,bowled,
501199,1,10,1,258,caught,193.0
501199,1,12,6,155,caught,193.0
501199,1,17,3,259,caught,86.0
501199,1,19,1,130,caught,267.0
501199,1,19,3,95,caught,193.0
501199,2,5,4,253,caught,26.0
501199,2,12,5,6,bowled,
501200,1,8,6,55,caught,204.0
501200,1,11,3,2,caught,224.0
501200,1,15,1,65,stumped,111.0
501200,1,17,6,105,bowled,
501200,1,18,4,260,caught,80.0
501200,2,1,2,133,caught,2.0
501200,2,5,3,8,lbw,
501200,2,9,6,261,caught,82.0
501200,2,17,4,80,caught,65.0
501201,1,1,2,188,bowled,
501201,1,1,4,263,bowled,
501201,1,4,4,41,run out,139.0
501201,1,6,6,255,caught,209.0
501201,1,14,2,184,caught,195.0
501201,1,14,3,29,run out,
501201,1,15,2,54,bowled,
501201,1,15,4,191,bowled,
501201,1,16,4,233,stumped,264.0
501201,1,17,4,107,caught,276.0
501201,2,1,2,264,bowled,
501201,2,6,1,209,run out,178.0
501202,1,0,4,53,caught,46.0
501202,1,1,2,101,caught,237.0
501202,1,2,4,168,caught,158.0
501202,1,3,3,89,caught,237.0
501202,1,5,5,265,run out,
501202,1,8,3,48,caught,27.0
501202,1,17,1,68,caught,46.0
501202,1,19,1,14,caught,46.0
501202,2,0,1,75,caught,211.0
501202,2,7,5,172,caught,53.0
501202,2,8,3,158,caught,53.0
501203,1,8,2,215,lbw,
501203,1,12,3,9,caught,42.0
501203,1,16,5,40,bowled,
501203,1,19,6,31,caught,258.0
501203,2,2,3,258,bowled,
501203,2,3,2,42,run out,217.0
501203,2,8,6,26,caught,9.0
501203,2,12,2,155,caught,9.0
501203,2,13,6,94,caught,9.0
501203,2,16,4,259,caught,285.0
501203,2,17,1,130,caught,9.0
501203,2,19,4,95,bowled,
501204,1,0,3,41,caught,6.0
501204,1,4,5,255,caught,193.0
501204,1,7,1,263,caught,6.0
501204,1,7,3,184,caught,239.0
501204,1,17,4,188,caught,170.0
501204,1,18,6,54,caught,38.0
501204,2,2,6,253,bowled,
501204,2,7,3,6,caught,184.0
501204,2,10,5,267,caught,41.0
501204,2,15,1,86,bowled,
501205,1,0,1,261,bowled,
501205,1,4,3,8,caught,264.0
501205,1,16,5,111,caught and bowled,
501205,1,17,3,262,bowled,
501205,2,4,2,264,bowled,
501206,1,0,1,124,lbw,
501206,1,0,2,21,caught,168.0
501206,1,14,5,186,stumped,53.0
501206,1,19,6,20,bowled,
501206,2,5,5,53,caught,279.0
501206,2,10,1,101,run out,
501206,2,13,6,265,caught,187.0
501206,2,14,1,48,lbw,
501207,1,0,1,2,caught,46.0
501207,1,2,2,55,bowled,
501207,1,2,5,65,caught,46.0
501207,1,4,5,17,caught,75.0
501207,1,15,2,105,caught,84.0
501207,1,16,1,35,caught,268.0
501207,1,16,6,82,run out,
501207,1,19,5,78,run out,
501207,2,3,4,158,caught and bowled,
501207,2,7,4,75,caught,62.0
501207,2,9,5,172,caught,35.0
501207,2,11,2,27,caught,17.0
501207,2,14,4,46,bowled,
501207,2,15,4,268,run out,
501208,1,2,5,42,caught,176.0
501208,1,8,6,66,caught,80.0
501208,1,14,4,26,caught,111.0
501208,1,19,2,155,caught,8.0
501208,1,19,6,259,lbw,
501208,2,1,6,133,caught,26.0
501208,2,2,6,15,bowled,
501208,2,4,6,261,caught,134.0
501208,2,6,4,111,caught,26.0
501208,2,11,1,80,caught,26.0
501208,2,16,5,204,caught,259.0
501208,2,16,6,269,caught,26.0
501208,2,17,4,8,bowled,
501208,2,19,1,270,caught,26.0
501209,1,4,3,253,caught,9.0
501209,1,11,3,6,bowled,
501209,1,11,5,267,caught and bowled,
501209,1,16,4,32,bowled,
501209,2,1,2,215,run out,
501210,1,8,2,264,bowled,
501210,1,19,4,209,run out,82.0
501210,2,13,5,65,bowled,
501210,2,17,1,2,bowled,
501211,1,6,3,186,caught,15.0
501211,1,10,5,21,caught,261.0
501211,1,16,3,20,caught,111.0
501211,1,19,1,110,caught,261.0
501211,1,19,6,23,caught,270.0
501211,2,0,2,133,caught,124.0
501211,2,1,2,262,bowled,
501211,2,4,5,261,caught,110.0
501211,2,10,5,8,caught,124.0
501211,2,14,6,80,caught,20.0
501211,2,16,4,204,caught,186.0
501211,2,18,2,111,caught,124.0
501212,1,1,6,66,caught,89.0
501212,1,10,6,26,caught,211.0
501212,1,11,5,42,caught,265.0
501212,1,14,5,94,caught,101.0
501212,1,17,1,155,caught,68.0
501212,1,17,3,119,bowled,
501212,1,18,5,259,bowled,
501212,1,18,6,134,lbw,
501212,2,13,6,53,caught,130.0
501212,2,15,6,168,caught,85.0
501213,1,3,6,75,caught,29.0
501213,1,8,3,172,caught,188.0
501213,1,9,6,158,caught,255.0
501213,1,13,3,46,caught,188.0
501213,1,17,2,232,caught,41.0
501213,2,6,6,188,run out,
501213,2,9,5,41,bowled,
501213,2,12,3,29,caught,274.0
501213,2,12,4,184,stumped,46.0
501213,2,13,6,272,lbw,
501213,2,18,1,255,caught and bowled,
501213,2,18,6,54,caught,212.0
501214,1,3,4,32,bowled,
501214,1,4,4,253,stumped,215.0
501214,1,6,5,230,run out,138.0
501214,1,7,6,170,run out,
501214,1,10,5,52,stumped,215.0
501214,1,13,1,86,bowled,
501214,1,13,6,267,caught,90.0
501214,1,14,4,197,bowled,
501214,1,14,5,239,bowled,
501214,1,15,2,39,bowled,
501214,2,0,2,9,caught,52.0
501214,2,6,6,215,caught,170.0
501215,1,2,2,19,caught,17.0
501215,1,7,2,186,lbw,
501215,1,13,2,23,lbw,
501215,1,15,1,21,run out,281.0
501215,2,4,3,65,caught,124.0
501215,2,10,3,2,caught,110.0
501215,2,12,6,17,caught,124.0
501216,1,1,3,42,bowled,
501216,1,11,6,26,caught,255.0
501216,1,14,4,66,caught,255.0
501216,1,18,4,259,bowled,
501216,2,3,5,41,caught,259.0
501216,2,4,6,184,lbw,
501216,2,5,5,255,caught,26.0
501216,2,12,3,54,caught,259.0
501216,2,14,2,188,caught,130.0
501216,2,16,1,29,caught,94.0
501216,2,19,3,200,bowled,
501218,1,3,3,158,caught,139.0
501218,1,3,5,172,caught,209.0
501218,1,4,2,273,bowled,
501218,1,4,4,27,caught,209.0
501218,1,8,3,232,caught,57.0
501218,1,12,6,84,caught,56.0
501218,1,14,2,46,caught,222.0
501218,1,15,6,268,bowled,
501218,1,16,4,274,caught,56.0
501218,1,17,2,237,caught,287.0
501218,2,1,4,276,caught,172.0
501218,2,13,4,139,caught,275.0
501218,2,14,6,209,caught,237.0
501219,1,6,6,2,caught,217.0
501219,1,7,6,65,lbw,
501219,1,9,5,105,bowled,
501219,1,11,5,17,lbw,
501219,1,14,6,236,bowled,
501219,1,15,4,35,caught,31.0
501219,1,18,4,82,bowled,
501219,2,3,3,9,caught,236.0
501219,2,4,2,40,bowled,
501219,2,5,6,215,bowled,
501219,2,12,2,217,run out,65.0
501219,2,14,6,277,bowled,
501219,2,15,5,31,caught,120.0
501219,2,16,6,88,stumped,17.0
501219,2,17,3,67,caught,236.0
501219,2,19,5,90,run out,
501220,1,4,2,53,caught,239.0
501220,1,9,4,168,caught,239.0
501220,1,15,6,89,caught,278.0
501220,1,16,5,48,run out,
501220,1,18,1,101,caught and bowled,
501220,1,19,1,211,caught,170.0
501220,1,19,6,68,bowled,
501220,2,1,6,6,bowled,
501220,2,2,6,102,bowled,
501220,2,6,3,32,caught,68.0
501220,2,7,6,52,lbw,
501220,2,12,6,256,caught,68.0
501220,2,17,1,267,caught,101.0
501220,2,19,1,170,caught,189.0
501221,1,2,1,210,caught,124.0
501221,1,3,4,139,caught,19.0
501221,1,11,1,209,stumped,20.0
501221,1,19,2,57,caught,19.0
501221,2,3,4,186,caught,57.0
501221,2,4,5,21,caught and bowled,
501221,2,11,2,19,caught,222.0
501221,2,12,2,20,caught,57.0
501221,2,15,6,124,caught,210.0
501221,2,17,2,110,bowled,
501221,2,17,4,202,caught,222.0
501221,2,17,6,118,caught and bowled,
501221,2,18,5,279,caught,210.0
501222,1,4,5,280,caught,8.0
501222,1,13,2,9,caught,163.0
501222,1,17,2,40,caught,133.0
501222,1,19,4,31,caught,8.0
501222,1,19,6,217,run out,
501222,2,12,1,133,bowled,
501223,1,11,4,41,caught,89.0
501223,1,13,6,200,caught,189.0
501223,1,15,5,188,caught,189.0
501223,1,16,6,255,caught,89.0
501223,2,3,4,168,caught,200.0
501223,2,10,2,53,bowled,
501223,2,12,1,89,caught,41.0
501223,2,15,2,4,caught,41.0
501223,2,17,4,101,caught,41.0
501223,2,19,1,265,caught,25.0
501224,1,5,1,264,caught,131.0
501224,1,8,2,139,caught,95.0
501224,1,8,4,209,caught,42.0
501224,1,9,1,222,caught,26.0
501224,2,1,5,66,run out,
501224,2,5,4,42,bowled,
501224,2,7,3,10,run out,195.0
501224,2,9,4,94,caught,210.0
501224,2,13,3,26,bowled,
501224,2,14,4,259,stumped,264.0
501224,2,15,3,130,caught and bowled,
501224,2,18,5,95,run out,
501225,1,3,3,55,run out,6.0
501225,1,4,1,65,bowled,
501225,1,7,4,105,bowled,
501225,1,15,3,35,caught and bowled,
501225,1,15,4,17,stumped,278.0
501225,1,16,1,260,caught,32.0
501225,1,16,6,281,caught,256.0
501225,1,17,5,82,caught,32.0
501225,1,19,5,236,caught,278.0
501225,1,19,6,62,run out,
501225,2,10,4,6,run out,
501225,2,13,5,32,bowled,
501226,1,9,2,186,caught,282.0
501226,1,9,6,21,bowled,
501226,1,16,4,20,stumped,46.0
501226,1,17,2,19,caught,97.0
501226,1,17,4,110,caught,158.0
501226,1,19,6,124,caught,46.0
501226,2,2,4,232,bowled,
501226,2,3,6,158,bowled,
501226,2,4,5,97,bowled,
501226,2,5,3,46,bowled,
501226,2,12,5,172,caught,20.0
501226,2,18,3,27,caught,187.0
501226,2,18,5,237,run out,20.0
501226,2,19,1,283,run out,152.0
501226,2,19,2,282,caught,187.0
501227,1,4,2,188,bowled,
501227,1,6,2,41,run out,
501227,1,9,4,272,bowled,
501227,1,15,1,54,bowled,
501227,1,18,2,25,caught,111.0
501227,1,19,1,184,caught,15.0
501227,2,0,2,133,caught,184.0
501227,2,7,3,163,caught,54.0
501227,2,8,5,111,run out,188.0
501227,2,9,1,8,bowled,
501227,2,12,3,204,caught,188.0
501227,2,16,4,80,caught,184.0
501227,2,16,6,245,caught,233.0
501228,1,3,1,158,caught,124.0
501228,1,3,3,232,caught,187.0
501228,1,5,2,172,bowled,
501228,1,7,2,97,caught,202.0
501228,1,13,2,46,caught,124.0
501228,1,18,2,254,caught,202.0
501228,2,4,2,19,caught,97.0
501228,2,11,4,186,caught,172.0
501229,1,0,6,66,lbw,
501229,1,2,2,42,caught,260.0
501229,1,5,2,94,caught,78.0
501229,1,16,5,10,caught,65.0
501229,1,16,6,26,caught,17.0
501229,1,19,3,259,bowled,
501229,1,19,4,134,run out,
501229,2,0,4,2,caught,26.0
501229,2,1,2,17,caught,26.0
501229,2,1,3,260,bowled,
501229,2,1,5,105,bowled,
501229,2,3,1,236,lbw,
501229,2,3,6,65,caught,26.0
501229,2,10,4,281,caught,10.0
501229,2,15,4,35,caught,259.0
501229,2,16,2,82,bowled,
501229,2,16,3,62,bowled,
501230,1,4,3,9,bowled,
501230,1,6,1,146,caught,184.0
501230,1,11,5,40,caught,54.0
501230,1,14,5,31,caught,29.0
501230,1,14,6,217,caught,184.0
501230,1,18,6,285,caught,29.0
501230,1,19,5,67,run out,
501230,2,1,6,188,bowled,
501230,2,6,4,41,caught,151.0
501230,2,10,3,29,caught,285.0
501230,2,13,1,286,caught,277.0
501230,2,14,2,25,caught,88.0
501230,2,14,5,184,caught,67.0
501230,2,18,2,54,run out,
501230,2,18,3,83,run out,
501230,2,19,5,200,caught,146.0
501231,1,3,1,264,bowled,
501231,1,4,2,139,stumped,278.0
501231,1,8,4,209,caught and bowled,
501231,1,9,6,57,caught,193.0
501231,1,15,3,222,lbw,
501231,1,17,1,56,bowled,
501231,1,17,3,210,stumped,278.0
501231,1,18,1,195,bowled,
501231,2,4,3,6,caught,139.0
501231,2,11,4,32,caught,264.0
501231,2,17,2,193,bowled,
501232,1,6,4,133,bowled,
501232,1,8,6,163,lbw,
501232,1,16,4,111,caught,237.0
501232,1,18,3,8,caught,288.0
501232,1,19,4,80,caught,288.0
501232,2,5,1,273,caught,176.0
501232,2,11,3,158,caught,33.0
501232,2,13,6,97,caught,80.0
501232,2,16,5,27,caught,284.0
501232,2,18,3,172,caught,33.0
501233,1,1,1,188,bowled,
501233,1,1,4,184,lbw,
501233,1,6,2,54,lbw,
501233,1,14,4,200,run out,
501233,1,17,5,41,caught,105.0
501233,1,18,4,286,caught,82.0
501233,1,19,6,29,run out,62.0
501233,2,1,6,289,caught,178.0
501233,2,2,1,2,bowled,
501233,2,4,3,17,bowled,
501233,2,9,4,65,caught,41.0
501233,2,13,1,105,caught,184.0
501233,2,15,2,12,caught,184.0
501233,2,17,6,35,caught,178.0
501233,2,18,1,154,bowled,
501233,2,18,3,78,bowled,
501233,2,18,5,82,caught,233.0
501234,1,4,3,168,caught,88.0
501234,1,5,6,101,run out,
501234,1,7,5,53,bowled,
501234,1,9,2,48,run out,
501234,1,14,6,4,lbw,
501234,1,19,4,89,run out,
501234,2,1,1,9,caught,4.0
501234,2,4,2,217,caught,189.0
501235,1,2,6,158,stumped,278.0
501235,1,8,2,46,caught,278.0
501235,1,12,1,27,run out,39.0
501235,1,12,5,97,caught,52.0
501235,1,18,1,288,caught,86.0
501235,1,19,2,172,caught,256.0
501235,1,19,4,237,run out,
501235,2,4,2,32,caught,46.0
501235,2,7,1,6,caught and bowled,
501235,2,10,1,193,lbw,
501235,2,14,1,267,caught,275.0
501236,1,3,4,186,bowled,
501236,1,12,3,19,caught,85.0
501236,1,17,5,21,caught,42.0
501236,1,19,1,110,run out,
501236,1,19,4,20,stumped,26.0
501236,2,6,5,66,bowled,
501236,2,10,6,42,bowled,
501236,2,13,2,94,caught,187.0
501236,2,15,5,26,bowled,
501236,2,18,1,10,caught,304.0
501236,2,18,6,155,caught,19.0
501236,2,19,2,259,run out,20.0
501236,2,19,6,134,caught and bowled,
501237,1,2,3,264,bowled,
501237,1,14,3,209,caught,89.0
501237,1,16,2,139,caught,48.0
501237,1,17,6,222,caught,168.0
501237,1,19,5,57,caught,4.0
501237,2,0,5,53,lbw,
501237,2,10,5,168,caught,222.0
501237,2,12,2,4,caught,57.0
501237,2,13,2,89,lbw,
501237,2,15,6,48,caught,56.0
501237,2,16,4,229,bowled,
501237,2,18,5,101,caught,139.0
501237,2,19,1,189,caught,222.0
501238,1,2,3,41,caught,17.0
501238,1,5,5,188,caught,82.0
501238,1,6,2,184,caught,17.0
501238,1,14,5,200,caught,62.0
501238,1,17,1,54,caught,62.0
501238,1,18,6,286,caught,17.0
501238,2,5,1,2,caught,233.0
501238,2,7,1,289,lbw,
501238,2,9,6,65,run out,200.0
501239,1,5,4,217,bowled,
501239,1,10,6,9,caught,130.0
501239,1,11,4,40,caught,26.0
501239,1,19,4,88,caught,42.0
501239,2,5,3,66,caught,217.0
501239,2,5,5,26,caught,9.0
501239,2,10,1,10,bowled,
501239,2,10,5,259,lbw,
501239,2,16,6,130,bowled,
501239,2,17,3,42,bowled,
501240,1,10,1,32,caught and bowled,
501240,1,12,2,267,caught,186.0
501240,1,14,3,193,caught,21.0
501240,1,15,4,6,caught,186.0
501240,1,18,3,86,caught and bowled,
501240,1,18,4,52,caught,19.0
501240,2,1,5,186,lbw,
501240,2,18,3,21,caught,193.0
501241,1,2,3,290,caught,46.0
501241,1,8,2,139,caught,158.0
501241,1,10,6,209,caught,97.0
501241,1,14,2,57,caught,97.0
501241,1,16,3,179,caught,172.0
501241,1,17,5,56,caught,97.0
501241,1,19,6,222,caught,27.0
501241,2,0,1,158,caught,81.0
501241,2,3,4,75,caught,290.0
501241,2,8,4,212,caught,209.0
501241,2,12,5,27,caught,125.0
501241,2,18,2,97,caught,57.0
501241,2,18,6,172,caught and bowled,
501241,2,19,5,274,run out,209.0
501242,1,1,4,2,caught,9.0
501242,1,5,2,17,caught,90.0
501242,1,11,5,289,caught,138.0
501242,1,14,4,35,caught,31.0
501242,1,18,6,65,run out,
501242,2,10,2,9,bowled,
501242,2,10,3,40,caught,65.0
501242,2,13,6,88,caught,2.0
501242,2,18,4,217,run out,
501242,2,18,5,31,caught,65.0
501242,2,19,4,67,run out,
501242,2,19,6,11,bowled,
501243,1,2,5,130,caught,184.0
501243,1,8,5,42,caught,724.0
501243,1,11,6,26,caught,41.0
501243,1,17,3,155,run out,
501243,1,18,2,94,caught,255.0
501243,2,0,2,255,caught,259.0
501243,2,3,2,184,caught,26.0
501243,2,5,4,54,caught,155.0
501243,2,10,2,286,bowled,
501243,2,16,2,41,caught,26.0
501243,2,17,5,29,stumped,26.0
501244,1,4,5,133,caught,14.0
501244,1,14,4,163,caught,189.0
501244,1,14,6,8,bowled,
501244,1,17,5,80,caught and bowled,
501244,1,17,6,262,lbw,
501244,1,19,2,33,bowled,
501244,2,0,1,53,run out,262.0
501244,2,1,6,48,caught,80.0
501244,2,4,3,168,caught,245.0
501244,2,5,3,101,caught and bowled,
501244,2,7,4,265,caught,262.0
501244,2,8,5,89,lbw,
501244,2,10,6,68,bowled,
501244,2,18,2,211,bowled,
501244,2,18,4,189,caught,262.0
501245,1,3,5,186,caught and bowled,
501245,1,5,4,21,caught,9.0
501245,1,10,6,19,caught,217.0
501245,1,19,6,23,run out,
501245,2,1,1,217,bowled,
501245,2,5,6,40,caught,279.0
501246,1,5,2,139,bowled,
501246,1,6,6,290,caught,41.0
501246,1,16,2,57,caught,54.0
501246,1,18,5,209,caught,41.0
501246,2,0,5,188,lbw,
501246,2,1,1,293,bowled,
501246,2,2,1,41,caught,57.0
501246,2,2,5,184,caught,209.0
501246,2,13,4,54,bowled,
501246,2,16,5,25,run out,
501246,2,16,6,200,caught,125.0
501246,2,17,5,29,bowled,
501246,2,19,4,191,caught,56.0
501246,2,19,5,294,caught,125.0
501247,1,5,3,2,caught,240.0
501247,1,8,2,289,bowled,
501247,1,9,6,65,caught,111.0
501247,1,10,2,17,run out,
501247,1,13,3,105,caught,15.0
501247,1,17,2,260,caught,8.0
501247,1,18,3,82,caught,176.0
501247,1,19,3,35,caught,33.0
501247,1,19,4,62,run out,111.0
501247,2,3,5,163,bowled,
501248,1,3,6,53,caught,212.0
501248,1,7,4,168,caught,300.0
501248,1,12,4,101,bowled,
501248,1,14,3,4,caught,46.0
501248,1,15,4,89,caught,212.0
501248,1,17,6,238,caught,27.0
501248,1,18,4,189,caught,27.0
501248,1,19,1,148,caught,212.0
501248,2,4,4,158,caught,4.0
501248,2,9,5,46,caught,235.0
501248,2,12,1,97,bowled,
501248,2,15,3,27,caught and bowled,
501248,2,15,5,212,caught,53.0
501249,1,9,2,19,bowled,
501249,1,14,4,186,run out,193.0
501249,1,18,3,21,bowled,
501249,2,3,4,6,caught,20.0
501249,2,5,5,32,caught,187.0
501249,2,8,2,52,caught,63.0
501249,2,9,5,267,caught,20.0
501249,2,14,1,86,caught,21.0
501249,2,17,3,170,run out,
501249,2,18,4,278,bowled,
501249,2,18,6,193,caught and bowled,
501249,2,19,1,197,caught and bowled,
501249,2,19,3,38,caught,72.0
501250,1,6,4,42,caught,158.0
501250,1,7,3,130,bowled,
501250,1,10,6,26,lbw,
501250,1,14,3,259,lbw,
501250,1,18,1,155,caught,237.0
501250,1,18,4,66,caught,46.0
501250,1,18,5,134,caught,300.0
501250,1,19,5,95,caught,296.0
501250,2,6,5,158,bowled,
501250,2,11,5,97,lbw,
501250,2,12,4,46,caught,26.0
501250,2,16,2,27,bowled,
501251,1,3,4,168,caught,290.0
501251,1,10,4,53,caught,209.0
501251,1,15,2,101,caught,222.0
501251,1,15,6,4,caught,290.0
501251,1,17,3,238,run out,195.0
501251,1,18,1,89,caught,290.0
501251,1,18,6,189,caught,222.0
501251,1,19,2,14,bowled,
501251,2,2,4,139,caught,101.0
501251,2,3,6,57,stumped,53.0
501251,2,4,1,290,caught,53.0
501251,2,7,3,56,run out,
501251,2,8,5,209,caught,229.0
501251,2,9,1,179,caught,14.0
501251,2,10,4,50,bowled,
501251,2,12,2,222,caught,101.0
501251,2,12,4,81,caught and bowled,
501251,2,12,5,125,lbw,
501252,1,9,3,32,caught,111.0
501252,1,9,5,6,caught and bowled,
501252,1,13,3,86,run out,
501252,1,16,3,193,caught,240.0
501252,1,17,2,52,caught,33.0
501252,1,18,3,267,caught,33.0
501252,2,6,4,133,caught,52.0
501253,1,0,6,19,lbw,
501253,1,5,3,21,caught,29.0
501253,1,10,2,186,caught,54.0
501253,1,19,4,23,run out,
501253,2,2,5,184,caught,187.0
501253,2,7,1,293,caught,72.0
501253,2,9,4,188,caught,186.0
501253,2,15,1,54,bowled,
501253,2,17,1,25,caught,19.0
501253,2,19,2,199,caught,63.0
501254,1,8,4,2,lbw,
501254,1,13,1,35,lbw,
501254,1,14,5,105,caught,101.0
501254,1,18,1,205,run out,
501254,1,18,2,17,caught,89.0
501254,1,19,5,260,lbw,
501254,1,19,6,65,run out,4.0
501254,2,2,5,168,bowled,
501254,2,4,4,53,caught,17.0
501254,2,14,1,89,caught,65.0
501254,2,14,6,101,caught and bowled,
501255,1,2,3,217,caught,137.0
501255,1,3,5,9,caught,240.0
501255,1,5,3,40,caught,111.0
501255,1,12,2,31,caught,245.0
501255,2,2,4,163,caught,9.0
501255,2,5,5,137,caught,347.0
501255,2,7,3,8,caught,11.0
501255,2,10,4,33,caught,90.0
501255,2,11,1,240,caught,347.0
501255,2,12,2,80,run out,40.0
501256,1,0,2,225,bowled,
501256,1,7,2,26,caught,222.0
501256,1,9,6,66,caught,56.0
501256,1,10,4,155,stumped,209.0
501256,1,14,2,94,caught,179.0
501256,1,18,2,259,bowled,
501256,2,2,1,290,bowled,
501256,2,3,6,209,bowled,
501256,2,5,3,57,caught,26.0
501256,2,11,2,56,caught,85.0
501256,2,15,3,179,caught,42.0
501256,2,15,6,139,lbw,
501256,2,19,4,222,caught,225.0
501256,2,19,5,195,run out,
501257,1,3,3,53,caught,188.0
501257,1,14,2,101,caught,191.0
501257,1,14,3,168,bowled,
501257,1,16,4,4,caught,25.0
501257,1,18,4,238,bowled,
501257,1,19,4,89,caught,25.0
501257,2,7,6,184,caught,53.0
501257,2,9,5,188,caught,53.0
501257,2,11,2,250,caught,89.0
501257,2,13,5,54,caught,189.0
501257,2,14,2,29,caught,238.0
501257,2,15,1,25,caught,53.0
501257,2,17,4,286,caught,189.0
501257,2,18,3,200,lbw,
501258,1,2,6,230,lbw,
501258,1,3,1,6,caught,205.0
501258,1,5,2,86,lbw,
501258,1,8,5,32,bowled,
501258,1,9,4,47,caught,301.0
501258,1,11,2,22,bowled,
501258,1,13,1,38,bowled,
501258,1,13,5,298,run out,
501258,1,15,2,267,caught,205.0
501258,1,18,3,299,caught,65.0
501258,2,1,3,65,caught,298.0
501258,2,3,1,2,bowled,
501259,1,3,6,158,caught,130.0
501259,1,5,5,1,caught,131.0
501259,1,6,4,97,bowled,
501259,1,7,4,46,caught and bowled,
501259,1,7,5,172,bowled,
501259,1,11,1,296,caught and bowled,
501259,1,14,5,27,caught,26.0
501259,1,19,2,254,bowled,
501259,1,19,6,268,run out,
501259,2,8,1,42,stumped,46.0
501259,2,9,2,66,lbw,
501259,2,15,1,26,caught,46.0
501259,2,17,4,155,bowled,
501260,1,3,5,168,caught,80.0
501260,1,19,5,53,caught,163.0
501260,2,1,3,163,caught,53.0
501260,2,3,6,8,caught,89.0
501260,2,5,6,80,caught,4.0
501260,2,6,6,262,caught,4.0
501260,2,10,4,33,stumped,53.0
501260,2,12,2,240,bowled,
501260,2,12,6,111,caught,53.0
501260,2,14,1,269,lbw,
501260,2,15,3,245,caught,4.0
501260,2,16,6,243,bowled,
501261,1,2,6,186,bowled,
501261,1,5,4,21,caught,62.0
501261,1,8,4,23,caught,62.0
501261,1,14,3,19,caught,301.0
501261,1,16,2,20,caught,17.0
501261,2,2,2,17,caught,110.0
501261,2,6,4,301,caught and bowled,
501261,2,13,5,2,bowled,
501261,2,17,6,35,caught,21.0
501261,2,19,3,205,run out,
501262,1,1,2,158,caught,88.0
501262,1,3,3,97,lbw,
501262,1,8,3,296,stumped,146.0
501262,1,12,2,1,caught,31.0
501262,1,13,6,46,caught,67.0
501262,1,19,3,27,caught,146.0
501262,1,19,6,302,bowled,
501262,2,0,4,146,caught,46.0
501262,2,7,3,88,bowled,
501262,2,15,4,31,caught,1.0
501263,1,1,3,179,caught,267.0
501263,1,3,6,209,caught,52.0
501263,1,11,3,139,caught,32.0
501263,1,17,6,222,bowled,
501263,1,19,4,57,stumped,47.0
501264,1,13,2,130,caught,48.0
501264,1,16,1,155,caught,101.0
501264,2,1,4,168,caught,731.0
501264,2,2,6,101,caught,731.0
501264,2,10,4,53,caught,10.0
501264,2,10,6,89,caught,130.0
501264,2,13,3,48,caught,259.0
501264,2,15,3,211,caught,259.0
501264,2,15,4,238,stumped,790.0
501264,2,15,5,189,caught,42.0
501264,2,17,1,14,bowled,
501264,2,18,6,303,run out,731.0
501265,1,3,4,188,bowled,
501265,1,5,5,184,caught,237.0
501265,1,8,6,272,bowled,
501266,1,2,1,19,bowled,
501266,1,3,3,186,caught,111.0
501266,1,4,1,21,caught,8.0
501266,1,5,4,23,caught,245.0
501266,1,13,3,63,caught,137.0
501266,1,15,1,72,lbw,
501266,1,17,4,110,caught,15.0
501266,1,18,5,202,caught,245.0
501266,2,0,3,111,stumped,20.0
501266,2,9,5,8,caught,202.0
501267,1,1,4,146,run out,
501267,1,3,2,40,bowled,
501267,1,8,5,88,run out,50.0
501267,1,15,6,31,caught,247.0
501267,1,17,3,9,caught,179.0
501267,1,19,2,285,lbw,
501267,1,19,6,90,run out,209.0
501267,2,1,1,179,caught,31.0
501267,2,8,1,50,caught,88.0
501267,2,10,2,57,caught,146.0
501267,2,12,3,139,caught,40.0
501267,2,17,3,222,bowled,
501268,1,3,3,163,lbw,
501268,1,8,6,261,caught,249.0
501268,1,11,5,111,caught,186.0
501268,1,16,4,137,bowled,
501268,2,0,6,19,lbw,
501268,2,1,3,186,lbw,
501268,2,10,6,23,caught,271.0
501268,2,16,4,20,caught,245.0
501269,1,1,4,9,caught,139.0
501269,1,2,5,40,bowled,
501269,1,3,2,146,caught,209.0
501269,1,5,3,88,lbw,
501269,1,12,6,31,caught,222.0
501269,1,17,1,277,bowled,
501269,1,18,2,90,run out,
501269,2,7,5,290,caught,138.0
501269,2,8,2,57,run out,40.0
501269,2,10,5,139,caught,88.0
501269,2,12,5,209,caught,146.0
501269,2,15,4,222,lbw,
501269,2,17,6,179,caught,88.0
501270,1,10,4,261,caught,57.0
501270,1,14,4,163,caught,276.0
501270,1,15,2,8,bowled,
501270,1,16,2,137,caught,195.0
501270,2,3,3,290,caught,261.0
501270,2,5,1,50,caught,137.0
501270,2,7,6,139,stumped,111.0
501270,2,10,4,57,caught,137.0
501270,2,10,6,209,lbw,
501270,2,12,5,222,caught,245.0
501270,2,14,4,276,bowled,
501270,2,15,5,195,caught,137.0
501271,1,14,5,19,caught,245.0
501271,1,18,1,186,caught,176.0
501271,1,18,2,20,caught,8.0
501271,1,19,4,110,caught,8.0
501271,1,19,5,21,bowled,
501271,2,0,4,163,caught,20.0
501271,2,2,3,261,bowled,
501271,2,6,3,111,lbw,
501271,2,8,3,137,caught and bowled,
501271,2,9,6,8,lbw,
501271,2,10,2,176,caught and bowled,
501271,2,12,6,245,caught,249.0
501271,2,18,4,15,caught,19.0
548306,1,0,4,304,run out,209.0
548306,1,5,5,186,caught,50.0
548306,1,9,5,21,caught,195.0
548306,1,11,2,72,caught,222.0
548306,1,12,4,110,caught,131.0
548306,1,15,1,20,run out,
548306,1,16,1,23,caught,50.0
548306,1,17,1,202,run out,
548306,1,17,6,35,bowled,
548306,1,19,5,249,caught,57.0
548306,2,7,5,305,caught,249.0
548306,2,8,3,57,caught,20.0
548306,2,8,6,139,retired hurt,
548307,1,1,4,2,lbw,
548307,1,2,4,9,bowled,
548307,1,2,5,88,bowled,
548307,1,3,6,31,caught,184.0
548307,1,6,4,40,bowled,
548307,1,6,5,96,run out,
548307,1,10,4,64,caught,200.0
548307,1,11,2,90,stumped,184.0
548307,1,11,6,67,run out,233.0
548307,2,6,2,255,bowled,
548307,2,7,2,41,caught,138.0
548308,1,0,5,97,bowled,
548308,1,3,4,1,stumped,89.0
548308,1,4,5,268,bowled,
548308,1,8,5,296,run out,57.0
548308,1,15,1,46,caught and bowled,
548308,1,16,2,308,bowled,
548308,1,17,2,300,bowled,
548308,1,19,3,307,caught,222.0
548308,1,19,6,237,run out,
548308,2,0,2,305,stumped,46.0
548308,2,1,1,209,caught,84.0
548308,2,1,6,57,caught,46.0
548308,2,10,5,89,stumped,46.0
548308,2,12,2,309,bowled,
548308,2,15,6,222,bowled,
548308,2,17,3,276,caught,296.0
548308,2,18,5,195,caught,46.0
548308,2,19,4,50,lbw,
548309,1,9,3,6,caught,311.0
548309,1,10,5,267,bowled,
548309,1,17,2,105,bowled,
548309,1,19,3,86,bowled,
548309,2,4,1,53,caught,310.0
548309,2,5,5,168,caught,197.0
548309,2,7,2,101,caught,6.0
548309,2,7,6,48,caught,146.0
548309,2,11,2,4,caught,310.0
548309,2,15,4,229,caught,86.0
548309,2,15,6,238,bowled,
548309,2,18,2,68,bowled,
548309,2,19,3,14,run out,
548310,1,3,6,204,caught,29.0
548310,1,5,6,199,caught,313.0
548310,1,7,2,8,caught,200.0
548310,1,8,1,80,lbw,
548310,1,12,2,261,caught,200.0
548310,1,14,2,176,run out,
548310,1,19,5,82,caught,191.0
548310,1,19,6,312,bowled,
548310,2,0,5,41,caught,204.0
548310,2,7,3,184,caught,8.0
548310,2,9,5,255,lbw,
548310,2,11,4,306,caught,15.0
548310,2,13,4,54,caught,261.0
548310,2,16,6,200,caught,312.0
548310,2,18,6,29,run out,
548311,1,0,5,186,bowled,
548311,1,5,3,21,caught and bowled,
548311,1,8,1,304,caught,259.0
548311,1,12,2,23,caught,94.0
548311,1,14,5,20,caught,314.0
548311,1,17,2,35,hit wicket,
548311,2,3,6,314,caught,20.0
548311,2,6,2,42,caught,72.0
548311,2,10,3,17,bowled,
548311,2,11,3,10,caught,21.0
548311,2,12,3,94,bowled,
548311,2,13,5,259,caught,72.0
548311,2,14,1,119,caught,21.0
548311,2,14,3,130,stumped,20.0
548311,2,16,6,95,lbw,
548311,2,17,1,315,caught,110.0
548312,1,1,3,86,run out,40.0
548312,1,6,4,6,run out,
548312,1,8,4,146,bowled,
548312,1,16,1,105,caught,2.0
548312,1,18,4,267,bowled,
548312,2,1,5,9,caught,6.0
548312,2,1,6,40,caught,146.0
548312,2,2,1,2,lbw,
548312,2,5,4,96,bowled,
548312,2,10,2,31,caught,105.0
548312,2,12,2,90,caught and bowled,
548312,2,14,4,64,caught,205.0
548312,2,18,2,67,bowled,
548312,2,18,3,316,bowled,
548312,2,19,6,88,bowled,
548313,1,3,6,1,caught,168.0
548313,1,4,5,158,run out,14.0
548313,1,14,6,308,bowled,
548313,1,16,3,296,caught and bowled,
548313,1,18,2,46,bowled,
548313,1,19,4,307,bowled,
548313,2,2,1,168,run out,
548313,2,3,2,53,run out,
548313,2,9,4,238,caught,46.0
548313,2,12,5,48,caught,1.0
548313,2,13,6,4,bowled,
548313,2,15,1,68,caught,97.0
548313,2,16,4,135,caught,158.0
548313,2,18,6,311,caught,1.0
548314,1,1,4,17,caught,57.0
548314,1,3,1,94,caught,195.0
548314,1,6,6,42,caught,222.0
548314,1,12,3,26,bowled,
548314,1,17,6,259,caught,222.0
548314,1,18,2,130,bowled,
548314,1,18,4,134,caught,125.0
548314,1,19,3,95,bowled,
548314,1,19,6,315,caught,209.0
548314,2,1,5,179,caught and bowled,
548314,2,3,6,305,bowled,
548314,2,11,2,209,caught,42.0
548314,2,16,2,222,caught,42.0
548314,2,18,5,89,bowled,
548315,1,6,2,9,caught,111.0
548315,1,13,3,215,stumped,111.0
548315,1,14,1,31,caught,163.0
548315,1,16,2,40,caught,312.0
548315,1,16,5,88,caught,261.0
548315,1,17,2,285,caught,176.0
548315,1,18,3,277,caught,204.0
548315,1,19,3,64,caught,15.0
548315,2,1,4,204,caught,31.0
548315,2,3,3,163,caught,64.0
548315,2,5,5,8,caught,88.0
548315,2,7,2,111,bowled,
548315,2,9,1,261,caught,40.0
548315,2,11,5,176,bowled,
548315,2,14,2,80,caught,64.0
548315,2,17,6,312,bowled,
548315,2,19,6,82,caught,64.0
548316,1,0,1,186,run out,
548316,1,3,1,304,caught,178.0
548316,1,6,3,21,run out,
548316,1,9,4,23,run out,
548316,1,10,2,35,caught,184.0
548316,1,17,1,20,caught,65.0
548316,1,18,4,72,bowled,
548316,1,19,3,202,run out,
548316,2,3,4,184,run out,
548316,2,5,6,41,caught,186.0
548317,1,3,3,179,caught,39.0
548317,1,6,5,57,bowled,
548317,1,8,2,305,bowled,
548317,1,16,6,222,caught,86.0
548317,1,17,4,89,caught,39.0
548317,1,18,4,276,caught,86.0
548317,2,1,3,6,caught,179.0
548317,2,1,4,146,caught,89.0
548317,2,11,1,86,caught,305.0
548317,2,14,1,205,bowled,
548317,2,14,4,193,caught,222.0
548317,2,16,5,310,bowled,
548317,2,17,2,267,caught,57.0
548317,2,17,3,298,caught,89.0
548317,2,17,5,197,bowled,
548317,2,19,4,317,caught,276.0
548318,1,5,2,261,caught,72.0
548318,1,16,2,163,caught,72.0
548318,1,17,2,111,caught,187.0
548318,1,18,6,80,caught,21.0
548318,1,19,1,8,caught,304.0
548318,1,19,2,204,bowled,
548318,1,19,4,176,run out,
548318,1,19,5,318,caught,21.0
548318,2,6,5,186,caught and bowled,
548318,2,10,3,21,caught,318.0
548318,2,14,3,304,caught,8.0
548318,2,17,6,20,caught,133.0
548318,2,19,2,110,caught,261.0
548319,1,2,2,158,run out,
548319,1,5,1,1,caught,101.0
548319,1,5,4,308,bowled,
548319,1,8,3,192,lbw,
548319,1,12,1,46,caught,229.0
548319,1,15,4,307,bowled,
548319,1,16,3,97,caught,4.0
548319,1,17,2,172,bowled,
548319,1,17,4,237,caught,238.0
548319,1,18,6,107,run out,334.0
548319,2,0,1,168,bowled,
548319,2,7,6,53,caught,307.0
548319,2,11,4,238,caught,307.0
548320,1,6,1,86,caught,215.0
548320,1,7,5,267,run out,31.0
548320,1,8,2,6,caught,88.0
548320,1,16,4,146,caught,151.0
548320,1,18,1,205,stumped,215.0
548320,2,3,6,40,run out,6.0
548320,2,10,5,9,lbw,
548320,2,14,5,215,caught,86.0
548320,2,16,3,88,stumped,146.0
548320,2,18,4,277,caught,267.0
548322,1,6,1,186,caught,107.0
548322,1,9,1,304,stumped,46.0
548322,1,11,3,21,caught,307.0
548322,1,18,6,20,caught,84.0
548322,1,19,2,35,caught,307.0
548322,2,2,6,46,run out,
548322,2,8,2,1,run out,
548322,2,12,4,308,bowled,
548323,1,2,5,53,caught,88.0
548323,1,4,2,101,bowled,
548323,1,11,6,238,caught,285.0
548323,1,14,1,4,run out,
548323,1,16,3,213,caught,96.0
548323,1,16,5,135,caught,215.0
548323,1,17,5,229,caught,215.0
548323,1,17,6,14,bowled,
548323,1,19,4,257,caught,215.0
548323,2,1,6,9,caught,213.0
548323,2,3,4,40,caught and bowled,
548323,2,11,2,88,lbw,
548323,2,12,1,215,bowled,
548323,2,12,4,31,bowled,
548323,2,14,4,277,caught and bowled,
548323,2,19,3,285,bowled,
548324,1,10,2,6,stumped,111.0
548324,1,18,4,205,caught,82.0
548324,2,4,4,261,caught,205.0
548324,2,4,6,163,bowled,
548324,2,8,4,111,bowled,
548324,2,10,3,8,bowled,
548324,2,14,1,80,bowled,
548324,2,14,4,176,bowled,
548324,2,15,4,33,caught,105.0
548324,2,16,5,82,bowled,
548324,2,17,2,15,caught,86.0
548324,2,19,5,120,caught,86.0
548325,1,1,5,264,bowled,
548325,1,3,1,305,bowled,
548325,1,7,1,209,run out,
548325,1,8,3,222,caught,52.0
548325,1,9,3,57,caught,52.0
548325,1,10,2,89,caught,159.0
548325,1,14,5,319,caught,233.0
548325,1,15,5,62,bowled,
548325,1,17,5,50,caught,184.0
548325,1,19,2,131,bowled,
548325,2,5,1,184,caught,50.0
548325,2,7,6,159,caught,264.0
548325,2,12,1,41,caught,305.0
548326,1,10,4,26,caught,278.0
548326,1,13,1,42,caught,105.0
548326,2,5,5,6,bowled,
548326,2,11,6,267,caught,155.0
548326,2,13,2,86,caught,259.0
548326,2,15,2,205,caught,212.0
548326,2,18,1,193,caught,791.0
548327,1,6,6,158,caught,261.0
548327,1,11,5,1,caught,261.0
548327,1,12,6,46,caught,312.0
548327,1,17,5,307,run out,
548327,1,18,3,308,run out,111.0
548327,1,19,5,192,caught,8.0
548327,2,2,3,133,caught,46.0
548327,2,5,6,261,caught,172.0
548327,2,11,5,8,caught,237.0
548327,2,15,4,163,bowled,
548328,1,2,6,168,caught,215.0
548328,1,9,3,238,caught,90.0
548328,1,13,6,101,caught,215.0
548328,1,14,2,4,run out,
548328,1,16,5,135,caught,88.0
548328,1,17,1,213,caught,9.0
548328,1,19,6,68,bowled,
548328,2,5,5,2,caught,135.0
548328,2,9,5,215,bowled,
548321,1,2,2,26,caught,200.0
548321,1,9,1,42,lbw,
548321,1,11,6,17,caught,65.0
548321,1,13,4,155,caught,41.0
548321,1,16,1,259,caught,294.0
548321,1,17,2,212,caught,184.0
548321,1,17,5,95,caught,41.0
548321,1,19,5,134,run out,
548321,2,0,5,184,caught,155.0
548321,2,3,2,41,caught,259.0
548321,2,4,3,65,caught,26.0
548321,2,9,4,52,run out,42.0
548321,2,14,4,29,caught,17.0
548330,1,15,3,304,caught,192.0
548330,1,15,5,23,caught,192.0
548330,1,16,3,21,caught,84.0
548330,1,18,5,72,caught,192.0
548330,1,19,6,35,caught,237.0
548330,2,1,2,46,caught,202.0
548330,2,3,4,158,caught,72.0
548330,2,6,1,97,caught,23.0
548330,2,9,4,1,caught,325.0
548330,2,13,2,308,caught,325.0
548330,2,18,2,307,caught,304.0
548330,2,19,1,192,bowled,
548331,1,2,4,320,bowled,
548331,1,4,6,168,caught,111.0
548331,1,8,1,101,bowled,
548331,1,13,6,321,caught,15.0
548331,1,14,6,4,bowled,
548331,1,19,1,238,caught,8.0
548331,2,1,2,261,lbw,
548331,2,1,6,8,caught,101.0
548331,2,5,1,80,caught,320.0
548331,2,17,4,163,caught,4.0
548331,2,18,3,111,lbw,
548332,1,4,4,86,caught,325.0
548332,1,7,6,6,caught,249.0
548332,1,18,5,267,caught,187.0
548332,1,19,6,205,caught,20.0
548332,2,7,3,23,stumped,146.0
548332,2,16,1,304,caught,146.0
548332,2,16,3,21,caught,86.0
548333,1,3,5,46,caught,184.0
548333,1,14,2,1,caught,233.0
548333,1,19,4,158,bowled,
548333,2,2,1,65,caught,307.0
548333,2,9,1,159,bowled,
548333,2,11,6,29,caught,158.0
548333,2,12,3,41,caught and bowled,
548333,2,13,6,323,run out,
548333,2,17,2,52,caught,307.0
548333,2,19,1,200,caught,1.0
548334,1,8,1,139,run out,
548334,1,9,2,57,caught,320.0
548334,1,15,2,89,run out,
548334,1,17,4,222,caught,238.0
548334,1,18,3,276,caught,321.0
548334,1,18,4,50,caught,148.0
548334,2,6,2,320,lbw,
548334,2,8,6,238,caught,276.0
548334,2,15,2,4,caught,209.0
548334,2,17,3,322,caught,281.0
548335,1,5,5,26,bowled,
548335,1,11,3,17,run out,
548335,1,14,1,10,caught,96.0
548335,1,15,4,42,caught,96.0
548335,1,17,4,258,caught,2.0
548335,1,18,3,315,caught,40.0
548335,1,19,2,95,caught,88.0
548335,2,2,5,2,lbw,
548335,2,6,6,215,bowled,
548335,2,9,5,40,caught,26.0
548335,2,10,4,31,bowled,
548335,2,16,2,9,caught,17.0
548336,1,3,4,8,caught,105.0
548336,1,9,4,261,caught,105.0
548336,1,11,4,163,lbw,
548336,2,7,2,86,caught,137.0
548336,2,11,1,205,stumped,111.0
548336,2,11,5,146,caught,261.0
548336,2,13,1,6,caught,133.0
548336,2,14,5,105,caught,261.0
548336,2,16,5,310,caught,176.0
548336,2,19,6,317,caught,82.0
548337,1,0,2,158,bowled,
548337,1,1,2,1,caught,294.0
548337,2,2,5,65,run out,
548337,2,11,1,159,caught,158.0
548339,1,5,2,238,caught,89.0
548339,1,7,4,320,caught,125.0
548339,1,12,5,101,caught,50.0
548339,2,7,5,276,caught,320.0
548339,2,9,1,139,caught,320.0
548339,2,10,5,89,caught,322.0
548339,2,13,4,222,caught,238.0
548339,2,17,2,57,caught,322.0
548339,2,17,4,50,caught,101.0
548341,1,3,6,42,run out,
548341,1,5,6,17,caught,97.0
548341,1,11,1,26,bowled,
548341,1,17,3,10,caught,275.0
548341,2,2,3,158,caught,314.0
548341,2,5,2,97,bowled,
548341,2,9,5,1,caught,314.0
548341,2,13,1,46,bowled,
548341,2,13,6,308,caught,26.0
548341,2,16,5,307,caught,155.0
548341,2,19,2,275,run out,17.0
548342,1,13,1,65,caught,57.0
548342,1,15,1,41,caught,62.0
548342,1,15,3,29,caught,281.0
548342,1,18,1,52,lbw,
548342,1,18,2,200,lbw,
548342,2,0,3,290,caught,65.0
548342,2,2,3,139,caught,159.0
548342,2,3,1,57,caught,83.0
548342,2,12,5,89,bowled,
548342,2,15,1,209,caught,65.0
548342,2,15,2,222,bowled,
548342,2,16,2,324,run out,
548342,2,19,3,50,caught,29.0
548342,2,19,6,195,bowled,
548343,1,8,1,101,run out,202.0
548343,1,11,6,322,lbw,
548343,1,15,5,321,caught,20.0
548343,1,16,5,238,caught,21.0
548343,1,17,2,4,caught,187.0
548343,1,17,4,68,caught,72.0
548343,1,18,4,229,run out,20.0
548343,1,19,5,320,caught and bowled,
548343,2,5,3,304,caught and bowled,
548343,2,7,4,23,caught,213.0
548343,2,10,2,21,stumped,320.0
548343,2,12,4,63,bowled,
548343,2,13,2,20,run out,320.0
548343,2,14,4,35,caught,4.0
548343,2,18,5,72,caught,68.0
548343,2,19,1,110,caught,101.0
548344,1,10,3,2,bowled,
548344,1,18,4,40,caught,182.0
548344,1,19,2,9,caught,312.0
548344,1,19,6,31,caught,133.0
548344,2,0,6,133,caught,90.0
548344,2,5,2,8,lbw,
548344,2,5,3,111,caught,64.0
548344,2,12,5,80,caught,40.0
548344,2,17,2,261,bowled,
548344,2,19,5,163,caught,2.0
548345,1,1,6,65,caught,317.0
548345,1,2,6,159,caught,6.0
548345,1,13,1,41,caught,267.0
548345,1,14,3,52,bowled,
548345,1,17,6,184,caught,6.0
548345,1,19,5,200,caught,298.0
548345,2,13,5,6,caught,83.0
548345,2,18,6,105,lbw,
548345,2,19,6,205,run out,184.0
548346,1,5,3,17,caught,125.0
548346,1,7,2,258,caught,125.0
548346,1,8,1,10,caught,62.0
548346,1,11,1,42,stumped,89.0
548346,1,12,1,259,caught,57.0
548346,1,12,6,94,caught,50.0
548346,1,15,2,326,caught,57.0
548346,1,16,6,134,caught,276.0
548346,1,18,3,95,caught and bowled,
548346,1,18,4,327,caught,57.0
548346,2,0,1,305,bowled,
548346,2,5,5,139,caught,259.0
548346,2,8,3,89,caught,17.0
548346,2,13,6,57,caught,258.0
548346,2,16,1,276,caught,17.0
548347,1,1,4,304,caught,2.0
548347,1,4,6,19,run out,
548347,1,10,1,72,caught,138.0
548347,1,12,6,21,caught,31.0
548347,1,17,6,35,caught,96.0
548347,2,2,5,2,caught,187.0
548347,2,12,3,9,caught,20.0
548347,2,16,1,88,caught,92.0
548347,2,18,1,40,lbw,
548347,2,19,3,31,caught,304.0
548348,1,0,1,17,bowled,
548348,1,4,4,42,bowled,
548348,1,18,6,26,bowled,
548348,1,19,1,10,caught,307.0
548348,2,0,1,97,caught,26.0
548348,2,11,4,329,run out,
548348,2,12,4,1,caught,10.0
548348,2,18,5,46,caught,314.0
548348,2,19,5,172,caught,26.0
548349,1,8,4,86,caught,41.0
548349,1,10,5,32,bowled,
548349,1,11,4,205,caught,184.0
548349,1,12,2,105,caught,41.0
548349,1,12,6,267,caught,159.0
548349,1,18,1,6,bowled,
548349,2,0,3,65,lbw,
548349,2,10,2,159,caught,205.0
548349,2,11,4,52,caught,146.0
548349,2,14,4,41,caught,6.0
548350,1,1,3,261,bowled,
548350,1,15,2,163,caught,321.0
548350,1,16,4,8,bowled,
548350,1,19,1,199,caught,320.0
548350,1,19,3,111,caught,68.0
548350,2,4,4,101,bowled,
548350,2,8,5,238,lbw,
548350,2,16,2,320,caught,176.0
548350,2,17,4,322,run out,
548350,2,18,4,4,run out,
548350,2,18,5,48,run out,8.0
548351,1,7,4,276,caught,172.0
548351,1,8,6,57,run out,
548351,1,11,6,139,caught,46.0
548351,1,13,3,324,caught,1.0
548351,1,14,5,209,bowled,
548351,1,15,6,281,run out,307.0
548351,1,16,1,50,caught,268.0
548351,1,19,4,195,run out,
548351,1,19,6,131,run out,46.0
548351,2,3,3,46,lbw,
548351,2,6,5,158,caught,281.0
548351,2,8,2,329,lbw,
548351,2,9,5,307,bowled,
548351,2,16,6,1,bowled,
548351,2,18,2,268,caught,324.0
548352,1,2,2,186,caught,134.0
548352,1,9,4,21,caught,212.0
548352,1,13,1,304,caught,42.0
548352,1,14,6,110,bowled,
548352,1,18,4,35,caught,26.0
548352,1,19,1,20,bowled,
548352,2,1,4,17,bowled,
548352,2,10,4,42,run out,72.0
548352,2,11,6,26,caught and bowled,
548352,2,18,3,10,run out,
548352,2,19,4,326,caught,186.0
548353,1,12,3,40,caught,172.0
548353,1,13,4,2,lbw,
548353,1,15,2,9,bowled,
548353,1,18,1,31,caught,307.0
548353,1,18,6,64,caught,1.0
548353,2,1,1,329,bowled,
548353,2,3,4,46,caught,64.0
548353,2,6,4,97,caught,96.0
548353,2,7,4,172,caught,138.0
548353,2,8,2,307,lbw,
548353,2,17,4,1,caught,138.0
548353,2,18,3,268,run out,
548353,2,19,4,192,caught,64.0
548354,1,1,2,86,caught,320.0
548354,1,7,5,32,caught,189.0
548354,1,13,2,6,caught,334.0
548354,1,15,6,267,caught,330.0
548354,1,19,4,105,caught,101.0
548354,1,19,6,256,caught,101.0
548354,2,1,3,238,caught,39.0
548354,2,5,3,320,caught and bowled,
548354,2,7,3,4,caught,105.0
548354,2,8,3,101,bowled,
548354,2,14,5,322,bowled,
548354,2,16,3,330,caught and bowled,
548354,2,17,3,68,bowled,
548354,2,18,2,189,caught,193.0
548355,1,5,2,304,run out,62.0
548355,1,6,4,186,bowled,
548355,1,14,1,21,caught,62.0
548355,1,17,5,72,bowled,
548355,1,18,3,20,caught,57.0
548355,1,18,6,110,bowled,
548355,1,19,5,35,caught,276.0
548355,1,19,6,202,caught,50.0
548355,2,2,2,276,caught,186.0
548355,2,15,5,139,caught,304.0
548355,2,16,6,89,bowled,
548355,2,17,3,209,bowled,
548355,2,17,6,57,bowled,
548355,2,18,3,324,run out,304.0
548355,2,18,6,50,caught,63.0
548355,2,19,2,195,bowled,
548356,1,11,5,314,run out,
548356,1,19,1,10,caught and bowled,
548356,2,10,4,163,bowled,
548356,2,13,1,8,caught,95.0
548356,2,13,5,262,caught,95.0
548356,2,15,2,133,bowled,
548356,2,16,6,261,lbw,
548357,1,3,3,41,lbw,
548357,1,5,4,188,caught,2.0
548357,1,12,4,65,run out,40.0
548357,1,14,2,52,caught,90.0
548357,1,16,6,200,bowled,
548357,1,19,1,184,caught,88.0
548357,1,19,3,29,stumped,2.0
548357,1,19,4,191,run out,67.0
548357,1,19,6,297,run out,
548357,2,6,6,40,bowled,
548357,2,15,1,9,caught,184.0
548357,2,15,2,2,caught,41.0
548357,2,17,2,88,caught,29.0
548358,1,5,4,1,caught,298.0
548358,1,6,1,329,lbw,
548358,1,11,3,331,bowled,
548358,1,12,6,46,caught,278.0
548358,1,17,1,192,run out,205.0
548358,1,19,2,172,bowled,
548358,2,1,3,86,caught,307.0
548358,2,5,6,6,caught,329.0
548358,2,13,4,267,caught,172.0
548359,1,6,5,101,bowled,
548359,1,7,4,320,lbw,
548359,1,11,6,4,caught,314.0
548359,1,15,3,238,bowled,
548359,1,16,6,322,run out,
548359,2,1,5,42,caught,322.0
548359,2,4,6,17,bowled,
548359,2,10,1,314,caught,334.0
548359,2,10,4,10,caught,101.0
548359,2,11,2,26,caught,320.0
548359,2,16,3,332,stumped,320.0
548359,2,17,2,212,run out,101.0
548359,2,18,2,326,caught,101.0
548360,1,1,2,276,caught,15.0
548360,1,1,5,57,lbw,
548360,1,8,3,139,caught and bowled,
548360,1,13,6,209,caught,120.0
548360,1,15,4,89,caught,8.0
548360,1,15,5,147,caught,82.0
548360,2,8,3,133,lbw,
548329,1,4,5,314,caught,65.0
548329,1,5,5,26,caught,294.0
548329,1,17,3,42,run out,294.0
548329,1,19,4,10,caught,184.0
548329,2,0,2,41,caught,10.0
548361,1,1,5,6,caught,19.0
548361,1,5,4,32,caught,202.0
548361,1,8,4,86,caught,202.0
548361,1,10,2,256,caught,21.0
548361,1,17,1,193,bowled,
548361,1,18,3,105,lbw,
548361,2,0,6,186,bowled,
548361,2,5,6,21,caught,86.0
548361,2,11,2,72,caught,256.0
548361,2,12,1,19,run out,239.0
548361,2,15,6,20,caught,86.0
548361,2,16,2,35,caught,193.0
548362,1,8,3,163,caught,97.0
548362,1,11,3,8,caught,307.0
548362,1,17,2,133,run out,275.0
548362,2,0,4,232,lbw,
548362,2,0,6,97,bowled,
548362,2,3,5,329,caught,80.0
548362,2,8,3,46,stumped,111.0
548362,2,11,1,192,stumped,111.0
548362,2,14,1,331,caught,15.0
548362,2,15,5,300,bowled,
548362,2,17,2,275,bowled,
548362,2,17,6,237,bowled,
548363,1,2,2,139,stumped,215.0
548363,2,0,3,40,bowled,
548363,2,1,2,215,caught,125.0
548363,2,9,4,88,lbw,
548363,2,19,5,9,caught,57.0
548364,1,0,5,41,bowled,
548364,1,2,1,188,caught,202.0
548364,1,4,6,184,caught,20.0
548364,1,5,2,65,caught,19.0
548364,1,13,2,54,caught,110.0
548364,2,10,1,19,caught,65.0
548365,1,4,3,6,caught,46.0
548365,1,14,3,32,bowled,
548365,1,18,2,105,caught,1.0
548365,1,19,2,86,bowled,
548365,2,0,5,158,caught,32.0
548365,2,0,6,1,stumped,146.0
548365,2,2,1,46,stumped,146.0
548365,2,4,5,331,caught and bowled,
548365,2,10,1,296,lbw,
548365,2,14,1,307,caught,105.0
548365,2,16,2,300,bowled,
548365,2,17,2,192,caught,86.0
548365,2,17,6,237,caught,86.0
548366,1,5,6,17,caught,330.0
548366,1,6,6,26,caught,322.0
548366,1,16,6,42,caught,334.0
548366,1,19,5,259,caught,189.0
548366,2,2,2,320,caught,26.0
548366,2,4,4,101,caught,26.0
548366,2,7,2,238,caught,259.0
548366,2,12,2,322,stumped,17.0
548366,2,16,1,148,caught,17.0
548366,2,16,4,68,caught,10.0
548367,1,2,2,163,bowled,
548367,1,2,4,8,run out,98.0
548367,1,6,3,80,hit wicket,
548367,1,11,3,111,caught,195.0
548367,1,17,3,133,bowled,
548367,1,17,5,82,run out,
548367,2,0,5,139,caught,8.0
548367,2,1,2,98,run out,
548367,2,3,4,57,caught and bowled,
548367,2,7,5,89,caught,312.0
548367,2,8,5,147,caught,133.0
548368,1,11,3,2,run out,
548368,1,12,1,40,bowled,
548368,1,14,4,9,caught,202.0
548368,1,16,6,31,caught,72.0
548368,1,17,2,88,caught,72.0
548368,1,19,3,64,caught,21.0
548368,2,10,2,19,caught,90.0
548368,2,10,4,186,bowled,
548368,2,13,2,21,run out,
548368,2,17,1,304,caught,88.0
548368,2,19,2,20,bowled,
548369,1,3,1,101,caught,184.0
548369,1,5,3,238,caught,41.0
548369,1,7,2,320,caught,41.0
548369,1,9,4,321,run out,323.0
548369,1,11,5,322,caught,29.0
548369,1,12,5,330,stumped,184.0
548369,1,17,1,68,caught,184.0
548369,1,18,1,14,run out,297.0
548369,2,2,1,188,caught,322.0
548369,2,3,1,41,bowled,
548369,2,5,2,54,caught,320.0
548369,2,5,4,52,caught,320.0
548369,2,13,6,184,caught,238.0
548370,1,1,2,2,lbw,
548370,1,1,3,9,bowled,
548370,1,8,3,40,bowled,
548370,1,13,2,277,bowled,
548370,1,14,1,88,caught,195.0
548370,1,15,4,96,run out,
548370,1,18,1,90,caught,89.0
548370,2,5,6,98,lbw,
548370,2,10,6,139,bowled,
548370,2,12,5,89,caught,31.0
548370,2,15,3,209,stumped,2.0
548370,2,16,4,222,caught,2.0
548370,2,16,5,147,lbw,
548370,2,17,1,50,caught,88.0
548370,2,17,5,57,caught,2.0
548370,2,18,6,195,caught,88.0
548370,2,19,1,62,caught,138.0
548371,1,2,6,186,caught,53.0
548371,1,4,3,19,caught,53.0
548371,1,7,4,21,caught,53.0
548371,1,10,2,20,caught,320.0
548371,1,15,4,35,caught,320.0
548371,1,18,5,110,caught,14.0
548371,1,19,5,72,caught,53.0
548371,2,6,5,238,bowled,
548371,2,8,2,320,caught,20.0
548371,2,10,2,4,caught,20.0
548371,2,15,1,148,caught,20.0
548372,1,2,2,133,caught,29.0
548372,2,1,4,188,caught,82.0
548372,2,4,2,263,caught,312.0
548372,2,8,1,65,caught,111.0
548372,2,11,3,54,caught,312.0
548372,2,15,4,184,caught,80.0
548372,2,16,2,52,caught,261.0
548372,2,17,5,29,caught,133.0
548372,2,19,3,335,caught,8.0
548372,2,19,6,233,caught,80.0
548373,1,1,3,86,caught,42.0
548373,1,6,1,32,bowled,
548373,1,8,4,256,bowled,
548373,1,11,6,6,caught,337.0
548373,1,17,2,267,caught,42.0
548373,1,18,5,193,caught and bowled,
548373,1,19,5,146,bowled,
548373,1,19,6,205,run out,17.0
548373,2,8,3,42,caught,336.0
548373,2,11,5,332,caught,205.0
548373,2,12,5,10,caught and bowled,
548373,2,15,5,337,caught,32.0
548373,2,17,6,155,caught,205.0
548374,1,1,1,238,caught,184.0
548374,1,3,3,53,caught,297.0
548374,1,4,3,168,caught,29.0
548374,1,5,5,4,caught,29.0
548374,1,14,1,148,caught,29.0
548374,1,18,1,322,caught,263.0
548374,1,18,3,330,bowled,
548374,1,18,6,68,bowled,
548374,2,8,6,263,caught,53.0
548374,2,12,5,188,caught,238.0
548374,2,14,2,29,caught,322.0
548374,2,16,5,65,caught,4.0
548375,1,4,3,40,caught,74.0
548375,1,8,4,9,bowled,
548375,1,16,1,2,caught,158.0
548375,1,17,5,277,bowled,
548375,2,2,2,46,caught,88.0
548375,2,7,5,329,stumped,2.0
548375,2,9,2,158,bowled,
548375,2,10,4,1,lbw,
548375,2,15,5,331,stumped,2.0
548375,2,16,6,296,caught,9.0
548375,2,17,5,288,caught and bowled,
548375,2,18,3,268,caught,64.0
548376,1,0,6,42,bowled,
548376,1,3,3,332,caught,111.0
548376,1,4,2,10,caught,261.0
548376,1,11,1,26,caught,82.0
548376,1,18,5,155,caught,182.0
548376,1,19,5,17,caught,163.0
548376,1,19,6,326,bowled,
548376,2,2,5,163,bowled,
548376,2,4,3,133,lbw,
548376,2,9,2,111,caught,155.0
548376,2,9,5,261,bowled,
548376,2,15,6,8,caught,119.0
548376,2,16,5,15,bowled,
548376,2,18,1,80,caught,26.0
548376,2,19,2,82,caught,155.0
548376,2,19,4,120,caught,155.0
548377,1,1,4,6,caught,89.0
548377,1,5,2,86,caught,57.0
548377,1,11,2,256,run out,222.0
548377,1,13,6,32,caught,147.0
548377,1,18,5,267,caught and bowled,
548377,1,19,5,278,caught and bowled,
548378,1,5,5,40,run out,54.0
548378,1,12,4,2,caught,188.0
548378,1,13,4,277,caught,184.0
548378,1,15,6,9,caught,52.0
548378,2,1,6,188,caught,2.0
548378,2,2,1,41,caught,2.0
548378,2,10,2,184,caught,40.0
548378,2,14,4,65,stumped,2.0
548378,2,16,5,54,caught,90.0
548378,2,18,5,52,caught,115.0
548378,2,19,3,323,stumped,2.0
548378,2,19,4,191,caught,90.0
548379,1,1,1,186,caught,57.0
548379,1,1,2,21,bowled,
548379,1,13,2,23,caught,57.0
548379,1,14,2,19,caught,81.0
548379,1,15,1,35,caught,57.0
548379,2,4,6,139,run out,
548379,2,6,2,147,caught,35.0
548379,2,8,1,89,caught,20.0
548379,2,10,1,57,caught,20.0
548379,2,11,5,209,caught,186.0
548379,2,13,3,276,caught,20.0
548379,2,14,2,50,caught,21.0
548379,2,17,6,222,caught,21.0
548379,2,19,4,195,bowled,
548380,1,8,1,19,caught,184.0
548380,1,13,4,21,caught and bowled,
548380,1,16,3,20,caught,323.0
548380,1,17,1,110,caught,184.0
548380,1,19,6,186,run out,
548380,2,2,2,188,caught,186.0
548380,2,3,4,41,caught,19.0
548380,2,8,2,52,caught,21.0
548380,2,11,4,335,caught,72.0
548380,2,13,2,184,caught,186.0
548380,2,14,4,65,bowled,
548380,2,14,5,54,run out,
548380,2,15,5,338,stumped,20.0
548380,2,16,3,233,bowled,
548380,2,16,5,297,run out,20.0
548381,1,10,2,186,caught,277.0
548381,1,17,1,19,bowled,
548381,1,19,6,21,caught,67.0
548381,2,0,6,40,bowled,
548381,2,14,4,215,caught,23.0
548381,2,16,2,64,caught,19.0
548381,2,17,1,31,caught,23.0
548381,2,18,5,9,caught,35.0
597998,1,0,1,263,bowled,
597998,1,5,5,188,caught,9.0
597998,1,8,5,339,caught,64.0
597998,1,11,6,184,caught,67.0
597998,1,13,2,193,lbw,
597998,1,15,2,29,caught,88.0
597998,1,17,5,335,caught and bowled,
597998,1,18,6,65,caught,316.0
597998,1,19,5,74,caught,64.0
597998,1,19,6,294,run out,
597998,2,1,4,215,caught,263.0
597998,2,7,2,9,caught,263.0
597998,2,13,1,40,lbw,
597998,2,14,2,88,caught,184.0
597999,1,2,2,133,bowled,
597999,1,4,5,8,lbw,
597999,1,6,1,261,caught,139.0
597999,1,11,4,259,caught,358.0
597999,1,12,4,340,lbw,
597999,2,7,3,139,run out,
597999,2,9,5,3,stumped,240.0
597999,2,13,4,57,bowled,
597999,2,19,2,89,caught,261.0
597999,2,19,3,209,bowled,
598000,1,5,2,17,bowled,
598000,1,9,5,26,bowled,
598000,1,12,6,332,bowled,
598000,1,14,2,10,caught,254.0
598000,1,17,5,281,caught,97.0
598000,1,18,5,341,caught,107.0
598000,2,6,5,46,caught,17.0
598000,2,8,3,308,caught,10.0
598000,2,9,5,27,stumped,17.0
598000,2,11,2,97,caught,10.0
598000,2,15,5,48,caught,85.0
598000,2,16,2,52,bowled,
598000,2,17,1,254,run out,281.0
598000,2,18,2,300,bowled,
598000,2,18,3,237,bowled,
598000,2,18,5,107,caught,10.0
598001,1,2,6,342,caught,29.0
598001,1,11,3,86,caught and bowled,
598001,1,16,1,256,bowled,
598001,1,18,5,6,caught,65.0
598001,1,18,6,105,caught,188.0
598001,1,19,3,310,caught,233.0
598001,1,19,4,267,bowled,
598001,2,5,4,263,bowled,
598001,2,10,6,65,caught,86.0
598001,2,17,6,339,caught,105.0
598001,2,18,3,188,run out,105.0
598001,2,19,3,193,lbw,
598001,2,19,5,335,bowled,
598002,1,0,5,139,lbw,
598002,1,3,2,3,caught,202.0
598002,1,6,1,57,caught,20.0
598002,1,8,2,89,lbw,
598002,1,10,3,209,caught,224.0
598002,1,11,6,147,caught,72.0
598002,2,1,6,186,bowled,
598002,2,4,3,21,caught,3.0
598002,2,7,4,19,bowled,
598002,2,10,2,72,caught,89.0
598002,2,12,1,23,lbw,
598002,2,15,2,35,bowled,
598002,2,16,5,202,caught,222.0
598002,2,17,5,344,bowled,
598002,2,19,1,20,caught,222.0
598003,1,0,6,97,bowled,
598003,1,4,6,179,caught,14.0
598003,1,7,4,308,run out,
598003,1,8,6,46,bowled,
598003,1,9,6,192,caught,53.0
598003,1,13,3,52,caught,330.0
598003,1,16,1,254,bowled,
598003,1,19,2,300,bowled,
598003,1,19,6,237,run out,68.0
598003,2,2,2,53,caught,308.0
598003,2,9,4,238,bowled,
598004,1,1,1,163,caught,17.0
598004,1,3,4,133,bowled,
598004,1,7,1,340,lbw,
598004,1,13,6,8,caught and bowled,
598004,1,16,6,261,caught,315.0
598004,1,17,6,240,caught,326.0
598004,1,19,1,164,caught,10.0
598004,1,19,3,82,caught,26.0
598004,2,1,1,17,caught,240.0
598004,2,3,3,10,caught,120.0
598004,2,8,2,332,bowled,
598004,2,13,4,26,caught,240.0
598004,2,15,5,281,caught,164.0
598004,2,16,1,134,run out,
598004,2,19,1,326,caught,8.0
598005,1,2,3,32,caught,217.0
598005,1,7,5,6,bowled,
598005,1,10,1,256,lbw,
598005,1,15,2,86,caught,215.0
598005,1,15,4,310,stumped,215.0
598005,1,19,2,278,run out,
598005,2,2,2,215,bowled,
598005,2,2,3,9,caught,278.0
598005,2,6,1,88,lbw,
598005,2,6,5,40,caught,278.0
598005,2,7,3,31,caught,278.0
598005,2,10,6,64,caught,343.0
598005,2,14,1,90,caught,256.0
598005,2,15,3,67,caught,343.0
598005,2,18,1,217,bowled,
598005,2,18,6,348,caught,86.0
598006,1,0,6,3,caught,65.0
598006,1,1,3,139,run out,65.0
598006,1,14,4,89,caught,349.0
598006,1,17,3,222,caught,294.0
598006,1,19,1,209,caught and bowled,
598006,2,0,1,263,caught,3.0
598006,2,2,4,65,caught,89.0
598006,2,10,4,188,caught,209.0
598006,2,11,1,349,caught and bowled,
598006,2,14,1,29,caught,358.0
598006,2,15,2,236,caught and bowled,
598006,2,16,3,294,caught,357.0
598006,2,17,4,339,run out,357.0
598006,2,19,1,74,caught,131.0
598048,1,2,1,332,caught,82.0
598048,1,7,5,17,bowled,
598048,1,10,2,26,caught,8.0
598048,1,17,4,281,bowled,
598048,1,18,6,10,caught,111.0
598048,1,19,1,326,bowled,
598048,2,5,1,261,caught,26.0
598048,2,6,1,163,caught,17.0
598048,2,11,6,111,caught,341.0
598007,1,2,3,53,caught,19.0
598007,1,2,5,238,caught,72.0
598007,1,6,6,346,caught,19.0
598007,1,14,1,4,caught,72.0
598007,1,15,1,330,caught,224.0
598007,1,16,4,322,caught,202.0
598007,1,17,2,210,caught,351.0
598007,1,17,5,68,caught,186.0
598007,1,18,2,189,caught,72.0
598007,1,19,5,14,run out,20.0
598008,1,0,6,215,caught,355.0
598008,1,8,1,9,caught,164.0
598008,1,12,5,31,caught,82.0
598008,1,16,2,40,caught and bowled,
598008,1,17,2,217,caught,259.0
598008,1,17,6,88,caught,111.0
598008,1,19,2,211,run out,62.0
598008,1,19,3,90,bowled,
598008,2,2,3,261,caught,215.0
598008,2,9,1,8,caught,217.0
598009,1,0,1,342,lbw,
598009,1,11,2,86,caught,192.0
598009,1,12,2,256,caught,254.0
598009,1,14,2,6,caught,52.0
598009,1,15,5,278,caught,179.0
598009,2,4,5,46,caught,6.0
598009,2,11,6,52,caught,105.0
598009,2,16,6,255,bowled,
598010,1,0,4,188,caught,731.0
598010,1,4,3,65,caught,95.0
598010,1,4,4,41,caught,10.0
598010,1,8,6,193,caught,332.0
598010,1,13,3,339,caught,10.0
598010,1,17,3,29,caught,341.0
598010,1,17,5,191,caught,326.0
598010,1,18,2,294,bowled,
598010,2,1,2,332,run out,294.0
598010,2,7,4,17,caught and bowled,
598010,2,10,6,26,caught,41.0
598010,2,13,6,10,stumped,236.0
598010,2,14,2,341,caught,193.0
598010,2,16,1,326,bowled,
598010,2,17,4,281,caught,193.0
598011,1,7,1,3,caught,48.0
598011,1,8,2,139,caught,254.0
598011,1,15,1,89,lbw,
598011,2,0,1,255,bowled,
598011,2,1,1,52,run out,
598011,2,2,3,46,bowled,
598011,2,5,2,179,caught,222.0
598011,2,9,4,27,caught,357.0
598011,2,12,2,192,caught,57.0
598011,2,15,3,48,caught,222.0
598011,2,16,4,254,caught,357.0
598012,1,1,5,163,caught,20.0
598012,1,8,5,261,stumped,20.0
598012,1,16,4,8,caught,20.0
598012,1,16,6,259,caught,21.0
598012,1,17,5,350,caught,20.0
598012,1,19,6,111,caught,72.0
598012,2,2,1,186,caught,240.0
598012,2,3,6,19,caught,261.0
598012,2,10,3,21,caught,84.0
598012,2,12,2,23,caught,261.0
598012,2,18,1,20,caught,240.0
598012,2,18,4,72,lbw,
598013,1,7,4,215,caught,341.0
598013,1,13,4,40,bowled,
598013,1,18,4,217,run out,95.0
598013,1,19,6,9,run out,
598013,2,8,6,17,bowled,
598013,2,10,3,10,caught,31.0
598013,2,11,1,26,caught,88.0
598013,2,15,3,130,caught,88.0
598013,2,16,6,326,bowled,
598013,2,18,4,281,bowled,
598013,2,19,3,341,caught,88.0
598014,1,1,2,53,caught,39.0
598014,1,1,6,238,caught,256.0
598014,1,3,3,346,run out,311.0
598014,1,8,4,330,caught,352.0
598014,1,11,4,210,caught,352.0
598014,1,12,5,4,caught,6.0
598014,1,15,6,68,caught,86.0
598014,1,17,3,322,bowled,
598014,1,18,4,14,run out,352.0
598014,1,18,5,334,caught,352.0
598014,2,4,4,32,caught,238.0
598014,2,7,1,6,caught,53.0
598014,2,7,5,256,caught,53.0
598014,2,12,5,105,lbw,
598015,1,12,3,255,stumped,20.0
598015,1,14,1,46,caught,35.0
598015,1,16,1,52,caught,35.0
598015,1,17,1,254,caught,110.0
598015,1,19,5,97,bowled,
598015,2,0,2,124,lbw,
598015,2,4,2,21,caught,179.0
598015,2,6,4,186,caught,52.0
598015,2,12,6,23,caught,307.0
598015,2,14,4,35,caught,107.0
598015,2,15,5,72,caught,307.0
598015,2,17,3,20,caught,307.0
598015,2,19,1,110,caught,255.0
598016,1,3,5,53,lbw,
598016,1,8,4,346,caught and bowled,
598016,1,10,1,238,caught,215.0
598016,1,14,4,4,caught,215.0
598016,1,14,5,322,caught and bowled,
598016,1,14,6,330,bowled,
598016,1,15,6,321,bowled,
598016,1,19,1,119,bowled,
598016,1,19,4,14,caught,31.0
598016,2,0,1,215,caught,53.0
598016,2,1,2,9,caught,238.0
598016,2,13,1,40,caught,53.0
598016,2,14,6,217,caught,4.0
598016,2,16,1,88,bowled,
598016,2,17,2,96,lbw,
598016,2,18,6,90,bowled,
598016,2,19,2,31,caught,321.0
598016,2,19,5,353,run out,
598017,1,5,4,188,caught and bowled,
598017,1,6,1,41,caught,8.0
598017,1,11,1,339,caught,82.0
598017,1,14,1,354,caught,8.0
598017,1,17,6,65,run out,82.0
598017,2,2,6,355,caught,65.0
598017,2,3,3,163,caught,233.0
598017,2,15,6,111,run out,191.0
598017,2,16,2,199,caught and bowled,
598017,2,17,6,240,run out,
598017,2,18,3,284,caught,188.0
598017,2,18,4,8,caught,65.0
598017,4,0,1,188,caught,163.0
598017,4,0,6,354,bowled,
598018,1,1,6,356,caught,254.0
598018,1,2,5,17,bowled,
598018,1,2,6,10,bowled,
598018,1,4,6,341,caught,255.0
598018,1,9,2,167,lbw,
598018,1,10,4,281,caught,46.0
598018,1,14,6,328,caught,97.0
598018,1,19,5,134,run out,
598018,2,4,2,46,caught,328.0
598018,2,4,3,255,caught,356.0
598018,2,8,3,179,lbw,
598018,2,12,3,307,caught,326.0
598018,2,16,6,254,caught,326.0
598018,2,17,2,48,caught,328.0
598018,2,18,2,192,caught,95.0
598018,2,18,4,300,lbw,
598018,2,18,5,237,bowled,
598018,2,18,6,107,bowled,
598019,1,7,2,32,caught,89.0
598019,1,13,4,278,caught,139.0
598019,1,15,1,256,run out,
598019,2,0,4,139,caught,39.0
598019,2,2,5,3,caught and bowled,
598019,2,6,1,57,caught,32.0
598019,2,7,5,222,bowled,
598019,2,12,4,89,caught,105.0
598019,2,13,2,357,caught,311.0
598019,2,13,5,50,run out,
598019,2,16,1,358,bowled,
598019,2,17,1,209,lbw,
598019,2,18,2,195,bowled,
598020,1,4,3,186,lbw,
598020,1,12,5,21,caught,236.0
598020,1,19,3,20,caught,349.0
598020,1,19,6,72,run out,
598020,2,1,3,188,bowled,
598020,2,1,6,339,lbw,
598020,2,4,6,65,lbw,
598020,2,5,1,41,caught,19.0
598020,2,10,2,349,run out,
598020,2,12,2,29,caught,72.0
598020,2,13,5,83,caught,72.0
598020,2,15,2,191,bowled,
598020,2,16,1,236,caught,72.0
598020,2,17,3,233,caught,21.0
598021,1,2,5,238,caught,356.0
598021,1,8,4,53,caught,85.0
598021,1,8,6,168,caught,281.0
598021,1,14,1,68,run out,
598021,1,16,3,4,caught,332.0
598021,1,17,4,322,caught,326.0
598021,1,17,5,119,run out,
598021,1,17,6,346,caught,85.0
598021,1,18,1,330,bowled,
598021,2,0,4,356,bowled,
598021,2,7,5,332,caught,322.0
598021,2,11,4,341,caught,4.0
598021,2,15,1,10,bowled,
598021,2,16,1,328,lbw,
598022,1,5,5,40,caught,19.0
598022,1,6,1,9,run out,23.0
598022,1,7,4,217,caught,35.0
598022,1,7,6,31,run out,
598022,1,12,4,96,lbw,
598022,1,14,1,88,caught,364.0
598022,1,15,3,90,caught and bowled,
598022,1,15,5,64,lbw,
598022,1,17,3,316,caught,364.0
598022,2,4,3,202,caught,353.0
598022,2,7,2,186,lbw,
598022,2,8,6,21,caught,316.0
598022,2,11,3,20,run out,217.0
598022,2,15,3,23,bowled,
598022,2,16,5,19,caught,31.0
598023,1,2,2,32,caught,84.0
598023,1,5,2,86,caught,133.0
598023,1,9,5,256,caught,240.0
598023,1,14,4,6,caught,350.0
598023,1,15,2,105,caught,240.0
598023,1,16,3,311,caught,350.0
598023,1,16,6,278,caught,350.0
598023,1,17,4,78,lbw,
598023,1,18,1,239,bowled,
598023,1,19,4,39,caught,62.0
598023,2,6,4,133,caught,278.0
598023,2,7,4,8,bowled,
598023,2,8,6,111,caught,336.0
598024,1,3,2,147,caught,233.0
598024,1,5,1,89,run out,233.0
598024,1,16,2,139,caught,188.0
598024,1,18,6,57,caught,335.0
598024,2,15,5,65,lbw,
598025,1,10,3,46,caught,53.0
598025,1,15,1,255,caught,346.0
598025,1,17,1,27,caught,330.0
598025,1,19,2,359,caught,4.0
598025,2,0,3,53,caught,46.0
598025,2,1,1,322,lbw,
598025,2,6,4,346,bowled,
598026,1,7,2,86,bowled,
598026,1,9,3,278,caught and bowled,
598026,1,13,2,6,caught,20.0
598026,1,17,3,32,caught,19.0
598026,2,2,3,186,caught and bowled,
598026,2,12,4,21,lbw,
598026,2,16,1,19,run out,6.0
598026,2,16,3,35,bowled,
598026,2,18,6,20,caught,256.0
598027,1,13,4,133,caught,287.0
598027,1,16,2,8,run out,107.0
598027,1,18,5,111,caught,172.0
598027,1,19,4,80,caught,254.0
598027,1,19,6,350,caught,254.0
598027,2,0,2,46,caught,62.0
598027,2,4,2,255,caught,84.0
598027,2,5,2,359,caught,111.0
598027,2,5,4,27,caught,8.0
598027,2,13,3,307,caught,133.0
598027,2,16,2,254,bowled,
598027,2,18,5,300,caught,240.0
598027,2,19,3,287,stumped,240.0
598027,2,19,5,360,bowled,
598059,1,0,4,65,caught,4.0
598059,1,3,2,178,caught,238.0
598059,1,6,6,41,caught,238.0
598059,1,13,3,339,caught,334.0
598059,1,13,5,236,caught,238.0
598059,1,14,4,193,caught,321.0
598059,1,17,2,188,bowled,
598059,2,0,3,53,caught,193.0
598059,2,4,4,137,bowled,
598059,2,4,5,238,run out,188.0
598059,2,9,2,346,caught and bowled,
598059,2,15,5,4,caught,193.0
598029,1,1,1,31,caught,50.0
598029,1,7,6,40,caught,50.0
598029,1,11,4,9,caught,57.0
598029,1,17,6,217,caught,57.0
598029,1,19,4,88,bowled,
598029,1,19,6,96,bowled,
598029,2,4,5,139,bowled,
598029,2,7,5,89,lbw,
598029,2,10,6,147,caught,2.0
598029,2,16,6,57,caught and bowled,
598029,2,19,1,222,caught,88.0
598030,1,0,3,356,caught,186.0
598030,1,1,6,341,run out,21.0
598030,1,4,5,10,caught,20.0
598030,1,9,5,134,caught,72.0
598030,1,15,3,361,caught and bowled,
598030,1,17,2,362,caught,351.0
598030,2,7,3,186,stumped,356.0
598030,2,9,2,19,caught,356.0
598030,2,13,2,21,caught,362.0
598030,2,17,2,72,caught,326.0
598030,2,18,5,35,caught,134.0
598031,1,6,1,238,caught,217.0
598031,1,9,3,53,caught,217.0
598031,1,12,5,346,caught,96.0
598031,1,14,4,321,bowled,
598031,1,17,2,4,caught,353.0
598031,1,18,6,322,run out,
598031,2,1,2,40,bowled,
598031,2,1,3,31,caught,53.0
598031,2,10,4,9,caught,53.0
598031,2,17,6,217,caught,330.0
598032,1,0,5,332,caught,32.0
598032,1,1,4,26,caught,32.0
598032,1,1,6,42,caught,86.0
598032,1,3,4,167,caught,105.0
598032,1,4,4,281,caught,310.0
598032,1,6,1,341,caught,278.0
598032,1,14,1,134,caught,310.0
598032,1,17,5,326,caught,86.0
598032,1,18,6,362,lbw,
598032,2,2,3,86,caught,26.0
598032,2,12,5,6,caught,341.0
598033,1,3,4,139,lbw,
598033,1,10,1,147,bowled,
598033,1,12,5,57,run out,
598033,1,17,2,89,run out,8.0
598033,1,17,3,209,run out,8.0
598033,1,17,4,222,caught,350.0
598033,1,19,2,50,caught,80.0
598033,2,5,4,133,caught,358.0
598033,2,6,5,163,caught,209.0
598033,2,7,2,8,caught,89.0
598033,2,7,4,111,caught,89.0
598033,2,10,3,240,stumped,89.0
598033,2,13,2,80,caught,50.0
598033,2,13,5,284,caught,358.0
598034,1,10,1,63,caught,217.0
598034,1,15,5,19,caught,96.0
598034,1,19,2,21,run out,
598034,2,2,4,40,bowled,
598034,2,5,6,2,bowled,
598034,2,12,2,9,caught,224.0
598034,2,18,3,215,run out,19.0
598035,1,4,1,65,caught,359.0
598035,1,9,6,41,caught,46.0
598035,1,10,2,263,caught,46.0
598035,1,13,5,354,caught,46.0
598035,1,19,4,236,caught,172.0
598035,2,10,2,46,caught,263.0
598035,2,10,6,255,caught,236.0
598035,2,17,3,359,caught,188.0
598035,2,17,6,27,caught,354.0
598036,1,3,6,163,caught,352.0
598036,1,7,6,152,bowled,
598036,1,12,1,111,caught,311.0
598036,1,15,5,8,caught,311.0
598036,1,18,1,164,run out,
598036,1,18,6,350,caught,352.0
598036,2,2,5,86,caught,62.0
598036,2,6,4,6,bowled,
598036,2,14,2,352,caught,84.0
598036,2,18,3,32,caught,111.0
598036,2,19,2,105,bowled,
598036,2,19,3,205,run out,
598037,1,2,4,139,bowled,
598037,1,7,4,89,bowled,
598037,1,12,2,147,caught,321.0
598037,2,1,6,238,bowled,
598037,2,2,5,346,caught,222.0
598037,2,6,1,101,caught,222.0
598037,2,8,4,4,caught,358.0
598037,2,9,3,330,caught,147.0
598037,2,13,2,322,caught,89.0
598037,2,13,6,119,caught,89.0
598037,2,16,5,68,caught,209.0
598037,2,17,5,321,caught,139.0
598037,2,19,6,14,caught,139.0
598038,1,2,3,19,bowled,
598038,1,5,4,63,lbw,
598038,1,15,3,23,caught,307.0
598038,2,2,5,255,caught,20.0
598038,2,2,6,179,lbw,
598038,2,3,2,46,run out,21.0
598038,2,4,5,27,caught,20.0
598038,2,7,3,359,run out,110.0
598038,2,9,1,48,run out,
598038,2,14,2,307,caught and bowled,
598038,2,18,4,363,caught,21.0
598038,2,19,3,237,caught,21.0
598039,1,4,3,139,bowled,
598039,1,4,5,89,caught,167.0
598039,1,12,1,57,caught,85.0
598039,1,12,5,147,lbw,
598039,2,2,2,332,caught,147.0
598039,2,7,6,26,caught and bowled,
598039,2,17,2,341,caught,209.0
598040,1,0,2,40,run out,29.0
598040,1,2,2,215,bowled,
598040,1,5,5,31,caught,29.0
598040,1,7,4,217,caught,233.0
598040,1,8,3,9,caught,354.0
598040,1,15,2,96,caught,236.0
598040,1,18,2,227,caught,263.0
598040,2,3,4,41,caught,31.0
598040,2,4,1,65,caught,9.0
598040,2,16,5,263,caught,151.0
598041,1,3,5,63,caught,101.0
598041,1,11,1,19,stumped,330.0
598041,1,12,1,20,run out,
598041,1,18,3,110,caught,321.0
598041,2,1,6,137,bowled,
598041,2,5,6,238,caught,21.0
598041,2,10,3,4,caught,72.0
598041,2,19,1,101,bowled,
598041,2,19,2,330,caught,19.0
598041,2,19,5,210,lbw,
598042,1,6,3,163,caught,300.0
598042,1,12,6,8,bowled,
598042,1,15,1,80,caught,237.0
598042,2,2,5,255,bowled,
598042,2,6,6,179,run out,
598042,2,10,1,27,caught,111.0
598042,2,10,5,307,caught,240.0
598042,2,16,2,192,caught,163.0
598042,2,17,2,48,caught,111.0
598042,2,17,5,46,caught,62.0
598042,2,18,4,300,caught,8.0
598042,2,19,2,175,lbw,
598043,1,3,1,86,stumped,215.0
598043,1,4,3,311,caught,40.0
598043,1,10,5,32,lbw,
598043,1,12,2,278,bowled,
598043,1,17,4,352,caught,9.0
598043,1,19,3,205,bowled,
598043,2,5,3,40,stumped,278.0
598043,2,7,1,215,caught,86.0
598044,1,3,4,65,lbw,
598044,1,7,1,41,bowled,
598044,1,10,5,263,bowled,
598044,1,11,2,188,stumped,17.0
598044,1,12,2,236,caught and bowled,
598044,1,14,5,349,caught,85.0
598044,1,16,4,193,caught,17.0
598044,1,17,5,294,run out,
598044,1,18,1,29,bowled,
598044,1,19,1,74,bowled,
598044,2,4,4,42,lbw,
598044,2,5,6,326,caught,236.0
598044,2,6,5,17,stumped,236.0
598044,2,11,2,26,caught,233.0
598046,1,6,5,139,lbw,
598046,1,7,4,147,caught and bowled,
598046,1,9,1,222,caught,21.0
598046,1,11,5,89,caught,21.0
598046,1,15,1,209,bowled,
598046,2,2,1,186,bowled,
598046,2,2,2,21,caught,222.0
598046,2,2,5,23,lbw,
598046,2,3,6,72,caught,209.0
598046,2,6,4,202,bowled,
598046,2,9,1,19,caught,147.0
598046,2,11,2,20,caught,222.0
598046,2,12,1,351,bowled,
598046,2,12,4,364,caught,737.0
598046,2,15,2,35,caught,209.0
598047,1,10,5,255,bowled,
598047,1,13,6,27,caught,310.0
598047,1,15,2,46,run out,352.0
598047,1,19,4,192,caught,86.0
598047,2,11,5,6,caught,254.0
598047,2,14,5,32,bowled,
598047,2,15,6,86,caught,237.0
598047,2,17,1,105,caught,300.0
598047,2,19,2,352,caught,366.0
598064,1,11,2,163,bowled,
598064,1,15,1,204,bowled,
598064,1,16,5,8,caught,101.0
598064,2,2,3,101,caught,111.0
598064,2,4,2,238,caught,240.0
598064,2,7,4,330,lbw,
598064,2,9,5,4,caught,164.0
598049,1,1,4,41,bowled,
598049,1,2,4,365,caught,352.0
598049,1,7,3,188,caught,370.0
598049,1,11,6,65,caught,6.0
598049,2,13,4,6,caught,83.0
598050,1,12,6,139,bowled,
598050,1,13,3,147,caught,211.0
598050,1,17,1,57,caught,217.0
598050,1,17,5,222,caught,316.0
598050,1,17,6,209,run out,
598050,1,18,3,50,run out,31.0
598050,2,0,4,40,bowled,
598050,2,6,1,215,stumped,89.0
598050,2,8,3,31,bowled,
598050,2,9,5,9,caught,247.0
598050,2,12,2,217,caught,57.0
598050,2,13,6,96,caught and bowled,
598050,2,14,1,211,run out,
598050,2,15,6,90,caught,195.0
598050,2,17,4,316,caught,89.0
598050,2,18,2,151,bowled,
598051,1,5,2,186,caught,17.0
598051,1,17,2,19,bowled,
598051,1,17,4,20,caught,167.0
598051,2,1,5,42,run out,20.0
598051,2,5,3,26,caught,351.0
598051,2,7,5,341,caught,186.0
598051,2,8,2,362,caught,351.0
598051,2,8,6,17,caught,186.0
598051,2,12,5,281,caught,23.0
598051,2,15,2,134,run out,35.0
598051,2,19,5,95,caught,392.0
598052,1,0,3,238,caught and bowled,
598052,1,13,3,53,caught and bowled,
598052,1,14,3,4,bowled,
598052,1,18,4,101,bowled,
598052,1,18,6,321,caught,86.0
598052,1,19,4,119,caught,352.0
598052,2,1,2,6,bowled,
598052,2,9,4,32,bowled,
598053,1,5,2,215,stumped,36.0
598053,1,6,6,9,caught,192.0
598053,1,11,4,217,caught,46.0
598053,1,13,6,40,caught,192.0
598053,1,15,4,31,caught,36.0
598053,1,18,4,285,caught,333.0
598053,2,2,4,255,bowled,
598053,2,3,3,27,caught,215.0
598053,2,7,1,366,bowled,
598053,2,10,5,46,caught,40.0
598053,2,13,6,254,caught,88.0
598053,2,16,1,192,caught,88.0
598053,2,17,6,36,caught,215.0
598053,2,18,1,268,caught,88.0
598053,2,19,1,300,bowled,
598053,2,19,3,367,caught and bowled,
598054,1,1,6,163,bowled,
598054,1,4,6,204,bowled,
598054,1,13,2,164,caught and bowled,
598054,1,19,6,8,run out,
598054,2,3,1,65,bowled,
598054,2,5,2,41,caught,204.0
598054,2,6,5,188,bowled,
598054,2,14,1,354,bowled,
598054,2,16,1,263,caught,82.0
598054,2,16,3,236,caught,82.0
598054,2,19,5,191,bowled,
598055,1,2,5,255,caught,147.0
598055,1,4,4,46,lbw,
598055,1,12,6,97,caught,209.0
598055,1,13,3,192,run out,139.0
598055,1,13,5,27,lbw,
598055,1,17,3,363,caught,50.0
598055,1,19,3,48,caught,50.0
598055,1,19,6,300,caught,147.0
598055,2,0,1,147,bowled,
598055,2,4,3,139,caught,97.0
598055,2,7,2,89,caught,97.0
598055,2,15,6,209,caught,192.0
598055,2,18,2,57,caught,107.0
598056,1,4,1,42,caught and bowled,
598056,1,5,3,341,caught,321.0
598056,1,7,5,10,lbw,
598056,1,7,6,328,bowled,
598056,1,8,4,362,lbw,
598056,1,14,5,167,caught,53.0
598056,1,18,6,17,run out,
598056,2,0,5,238,caught,10.0
598056,2,7,1,101,caught,281.0
598056,2,7,2,53,bowled,
598056,2,9,4,321,caught,10.0
598056,2,16,5,210,run out,
598056,2,17,2,68,caught,42.0
598056,2,18,1,14,bowled,
598056,2,19,1,257,run out,
598056,2,19,4,334,caught,85.0
598057,1,4,3,204,caught,151.0
598057,1,8,4,8,bowled,
598057,1,13,1,163,stumped,215.0
598057,1,15,5,111,caught,215.0
598057,1,16,2,80,lbw,
598057,1,17,1,164,caught,88.0
598057,1,18,2,350,lbw,
598057,1,18,4,245,caught,88.0
598057,1,19,4,84,bowled,
598057,2,0,2,215,caught,164.0
598057,2,5,5,40,caught,163.0
598057,2,10,3,31,lbw,
598057,2,16,4,9,caught,164.0
598057,2,17,4,88,caught,8.0
598058,1,11,3,19,bowled,
598058,1,12,1,21,caught,352.0
598058,1,12,5,20,caught,32.0
598058,1,17,2,186,run out,278.0
598058,2,3,1,86,caught,186.0
598058,2,3,4,311,bowled,
598058,2,4,4,352,caught,20.0
598058,2,9,2,6,caught,20.0
598058,2,16,5,32,bowled,
598060,1,3,5,17,caught,209.0
598060,1,12,5,42,caught,89.0
598060,1,18,3,341,caught,358.0
598060,2,3,3,147,bowled,
598060,2,11,4,139,retired hurt,
598060,2,11,6,89,caught,10.0
598060,2,13,2,209,stumped,17.0
598045,1,4,1,204,caught,321.0
598045,1,18,3,163,bowled,
598045,1,18,5,111,bowled,
598045,1,19,2,8,lbw,
598045,1,19,6,355,caught,238.0
598045,2,2,3,101,bowled,
598045,2,15,2,322,caught,111.0
598045,2,16,5,321,bowled,
598062,1,7,2,186,run out,354.0
598062,1,9,2,19,caught,41.0
598062,1,10,4,21,caught,188.0
598062,1,16,6,35,bowled,
598062,2,0,2,41,caught,20.0
598062,2,4,4,263,caught,392.0
598062,2,6,3,193,caught,392.0
598062,2,7,6,236,caught,20.0
598062,2,9,3,354,caught,202.0
598062,2,14,5,178,caught,21.0
598062,2,16,3,188,caught,186.0
598062,2,17,4,29,bowled,
598062,2,17,5,74,caught,20.0
598061,1,5,4,46,bowled,
598061,1,12,5,255,bowled,
598061,1,19,3,97,run out,
598061,1,19,6,27,caught,285.0
598061,2,1,4,215,lbw,
598061,2,3,6,9,bowled,
598061,2,4,4,40,caught,27.0
598061,2,15,5,285,run out,
598061,2,16,2,88,caught,97.0
598061,2,17,5,31,obstructing the field,
598061,2,19,4,90,run out,
598063,1,3,2,306,lbw,
598063,1,11,5,89,caught,352.0
598063,1,12,4,208,caught,32.0
598063,1,15,5,57,caught,32.0
598063,1,16,4,222,run out,310.0
598063,1,17,5,209,caught,352.0
598063,1,19,3,358,caught,105.0
598063,1,19,6,195,run out,
598063,2,0,5,6,caught,89.0
598063,2,3,4,311,caught,306.0
598063,2,4,4,352,caught,131.0
598063,2,5,4,86,caught,195.0
598063,2,9,1,32,caught,222.0
598063,2,12,5,278,bowled,
598063,2,19,1,105,lbw,
598028,1,7,3,53,caught and bowled,
598028,1,11,3,322,caught,369.0
598028,1,16,2,101,caught,29.0
598028,1,19,5,210,caught,354.0
598028,2,2,4,263,bowled,
598028,2,3,5,29,caught,53.0
598028,2,3,6,188,caught,101.0
598028,2,10,4,41,caught,53.0
598028,2,16,1,65,caught,346.0
598028,2,19,1,354,bowled,
598028,2,19,6,191,caught,321.0
598065,1,1,1,17,bowled,
598065,1,1,6,42,caught,86.0
598065,1,2,4,10,caught,39.0
598065,1,10,3,341,caught,370.0
598065,1,16,2,362,caught,105.0
598065,1,18,3,328,caught,310.0
598065,1,18,6,95,bowled,
598065,1,19,5,167,run out,
598065,1,19,6,134,run out,310.0
598065,2,7,3,6,run out,10.0
598065,2,8,4,86,caught,42.0
598065,2,11,5,352,caught,95.0
598065,2,13,3,32,caught,362.0
598065,2,13,6,256,bowled,
598065,2,15,5,370,lbw,
598065,2,16,3,311,caught,281.0
598065,2,17,1,105,bowled,
598065,2,19,4,310,caught,328.0
598066,1,1,4,238,caught,222.0
598066,1,2,2,53,bowled,
598066,1,16,4,101,bowled,
598066,1,17,2,322,lbw,
598066,1,18,6,321,caught,372.0
598066,1,19,1,330,lbw,
598066,1,19,5,68,run out,
598066,1,19,6,14,bowled,
598066,2,0,3,306,caught,346.0
598066,2,3,5,208,bowled,
598066,2,8,4,209,caught,53.0
598066,2,9,3,89,caught and bowled,
598066,2,11,6,57,bowled,
598066,2,15,6,222,caught,321.0
598066,2,16,5,357,lbw,
598066,2,18,2,372,bowled,
598066,2,19,1,50,caught,330.0
598068,1,5,2,163,caught,19.0
598068,1,6,1,111,caught,35.0
598068,2,1,3,19,caught,355.0
598068,2,1,4,21,caught,82.0
598068,2,3,6,72,caught,80.0
598068,2,6,1,186,caught,163.0
598068,2,7,4,20,caught,347.0
598068,2,7,6,35,caught and bowled,
598067,1,5,1,46,caught,188.0
598067,1,9,4,97,bowled,
598067,1,11,6,255,caught,41.0
598067,1,13,3,27,caught,41.0
598067,1,19,4,359,caught,41.0
598067,2,2,1,188,caught,46.0
598067,2,4,5,65,caught,359.0
598067,2,7,2,41,caught,260.0
598067,2,7,3,94,lbw,
598067,2,9,4,354,bowled,
598067,2,16,4,365,caught,260.0
598067,2,16,6,191,caught,268.0
598067,2,18,3,29,caught,97.0
598067,2,19,5,294,caught,192.0
598069,1,4,3,215,caught,10.0
598069,1,7,1,40,run out,
598069,1,10,4,217,lbw,
598069,1,15,1,9,caught,42.0
598069,1,16,1,285,lbw,
598069,1,18,1,213,caught,281.0
598069,1,19,1,316,caught,281.0
598069,2,11,3,42,lbw,
598069,2,13,3,17,lbw,
598069,2,14,2,10,run out,
598069,2,15,3,341,caught,213.0
598069,2,17,5,281,bowled,
598070,1,7,2,186,caught,147.0
598070,2,1,4,208,caught,186.0
598070,2,8,2,147,caught,21.0
598070,2,10,3,89,lbw,
598070,2,11,6,57,caught,72.0
598070,2,14,5,222,caught,19.0
598070,2,15,5,50,caught,186.0
598070,2,17,3,358,caught,21.0
598070,2,17,6,195,caught,19.0
598070,2,18,2,209,caught,351.0
598070,2,18,4,131,caught,72.0
598071,1,0,6,17,caught,352.0
598071,1,2,3,341,caught,310.0
598071,1,10,6,10,caught,310.0
598071,1,15,4,42,caught,39.0
598071,1,17,2,362,run out,
598071,1,17,6,281,caught,278.0
598071,1,19,3,328,run out,
598071,2,1,6,6,caught,167.0
598071,2,6,4,32,caught,362.0
598071,2,7,4,278,bowled,
598071,2,8,2,86,caught and bowled,
598071,2,9,6,256,bowled,
598071,2,15,5,352,lbw,
598072,1,6,3,86,bowled,
598072,1,8,4,32,caught,57.0
598072,1,9,4,352,caught,50.0
598072,1,12,1,6,caught,57.0
598072,1,15,1,256,caught,50.0
598072,1,15,3,310,caught,147.0
598072,2,9,1,208,caught,352.0
598072,2,14,1,89,caught,86.0
598072,2,15,5,57,bowled,
598072,2,16,3,147,caught,352.0
598072,2,17,3,222,caught,310.0
598072,2,19,2,209,bowled,
598073,1,0,4,147,lbw,
598073,1,1,1,208,bowled,
598073,1,3,2,57,caught and bowled,
598073,1,9,3,89,bowled,
598073,1,15,1,209,bowled,
598073,1,17,5,50,caught,19.0
598073,1,18,4,357,run out,
598073,1,19,1,358,caught,20.0
598073,1,19,3,195,caught,20.0
598073,2,0,4,19,bowled,
598073,2,0,5,21,caught,147.0
598073,2,1,4,23,caught,89.0
598073,2,5,6,72,caught,358.0
598073,2,6,4,35,caught,222.0
598073,2,7,3,186,caught,57.0
598073,2,10,6,110,bowled,
598073,2,11,3,351,caught,89.0
598073,2,17,4,202,caught,375.0
729279,1,1,4,40,bowled,
729279,1,16,6,97,bowled,
729279,1,17,6,46,caught,57.0
729279,1,18,2,9,caught,373.0
729279,1,18,6,277,caught,57.0
729279,2,4,4,19,bowled,
729279,2,7,5,208,caught and bowled,
729279,2,15,2,57,caught,9.0
729279,2,16,1,209,stumped,46.0
729279,2,18,1,373,bowled,
729279,2,18,3,50,bowled,
729279,2,19,6,365,stumped,46.0
729281,1,2,6,261,caught,8.0
729281,1,3,3,89,caught,17.0
729281,1,4,1,88,caught,17.0
729281,1,7,1,186,bowled,
729281,2,1,5,374,caught,89.0
729281,2,8,5,17,bowled,
729283,1,12,4,2,caught,306.0
729283,1,16,2,147,caught,198.0
729283,1,18,4,21,caught,41.0
729283,1,19,6,20,caught,357.0
729283,2,2,6,41,bowled,
729283,2,3,4,204,lbw,
729283,2,5,1,375,lbw,
729283,2,15,4,306,bowled,
729285,1,0,5,255,caught,363.0
729285,1,11,3,42,caught,363.0
729285,1,13,2,188,caught,363.0
729285,1,16,6,355,caught,86.0
729285,1,17,3,362,caught,352.0
729285,1,19,4,167,caught,105.0
729285,2,0,3,48,lbw,
729285,2,3,3,352,caught,42.0
729285,2,6,2,32,caught,355.0
729285,2,15,6,86,caught,255.0
729285,2,17,4,105,caught,362.0
729285,2,18,3,90,caught,255.0
729287,1,3,5,19,caught,383.0
729287,1,6,5,208,caught,374.0
729287,1,9,1,57,caught,111.0
729287,1,11,2,222,caught,302.0
729287,1,16,3,209,caught,111.0
729287,1,16,4,373,caught,8.0
729287,1,17,2,15,caught,302.0
729287,1,18,5,50,bowled,
729287,1,19,4,195,run out,27.0
729287,2,2,6,374,bowled,
729287,2,3,3,8,caught,50.0
729287,2,3,5,27,lbw,
729289,1,0,1,9,caught,52.0
729289,1,1,4,40,caught,155.0
729289,1,10,6,97,bowled,
729289,1,16,6,46,caught,52.0
729289,1,19,4,31,bowled,
729289,2,0,5,186,run out,97.0
729289,2,3,6,261,caught,68.0
729289,2,6,6,52,bowled,
729289,2,14,3,89,lbw,
729289,2,15,6,88,caught,316.0
729289,2,19,2,377,caught,31.0
729291,1,2,6,86,run out,198.0
729291,1,6,1,48,lbw,
729291,1,13,1,32,bowled,
729291,1,15,3,256,caught,321.0
729291,1,16,5,352,bowled,
729291,2,1,4,41,caught,256.0
729291,2,2,4,63,caught,81.0
729291,2,13,5,306,caught,307.0
729293,1,3,2,2,caught,268.0
729293,1,10,6,147,bowled,
729293,1,14,4,21,caught,186.0
729293,1,17,2,304,caught,186.0
729293,1,18,4,20,caught,261.0
729293,1,18,6,35,caught,89.0
729293,1,19,5,202,run out,348.0
729293,2,2,1,261,caught,21.0
729293,2,3,3,186,caught,304.0
729293,2,4,2,88,caught,304.0
729293,2,8,1,155,lbw,
729293,2,9,2,52,caught,20.0
729293,2,12,1,89,bowled,
729293,2,13,5,377,caught,21.0
729293,2,14,2,348,caught,2.0
729293,2,15,4,294,caught,21.0
729295,1,6,4,41,caught,362.0
729295,1,10,6,204,caught,54.0
729295,1,15,3,321,caught,188.0
729295,1,17,6,306,caught,362.0
729295,1,19,2,198,caught,188.0
729295,1,19,6,358,bowled,
729295,2,1,2,42,caught,63.0
729295,2,4,3,255,bowled,
729295,2,4,5,188,caught,306.0
729295,2,6,6,54,bowled,
729295,2,10,2,29,bowled,
729295,2,13,3,362,caught,375.0
729295,2,14,1,355,caught,321.0
729295,2,17,3,167,caught,321.0
729295,2,18,3,95,bowled,
729295,2,19,2,300,caught,358.0
729297,1,5,2,2,caught,307.0
729297,1,7,2,147,caught,32.0
729297,1,8,2,21,caught,81.0
729297,1,10,1,304,run out,90.0
729297,1,11,1,20,caught,311.0
729297,1,14,5,172,caught,48.0
729297,2,1,3,48,run out,2.0
729297,2,5,2,86,caught,172.0
729297,2,6,4,32,caught,736.0
729297,2,6,5,352,caught and bowled,
729297,2,10,5,256,caught,304.0
729297,2,12,6,307,caught,304.0
729297,2,13,3,311,caught,20.0
729297,2,14,2,378,bowled,
729297,2,18,3,90,caught,202.0
729297,2,19,5,371,run out,
729299,1,0,3,40,lbw,
729299,1,1,2,97,caught,8.0
729299,1,11,3,337,caught,111.0
729299,1,11,5,31,caught,8.0
729299,1,15,2,9,caught,113.0
729299,1,17,1,46,caught,379.0
729299,1,19,6,82,caught,110.0
729299,2,7,4,113,lbw,
729299,2,8,1,17,caught,337.0
729299,2,15,5,8,bowled,
729299,2,18,4,27,caught,31.0
729299,2,19,4,111,caught,337.0
729301,1,6,2,42,caught,159.0
729301,2,11,2,356,caught,255.0
729301,2,12,2,186,caught,95.0
729301,2,16,4,89,caught,355.0
729301,2,16,5,159,caught,362.0
729303,1,1,6,19,bowled,
729303,1,4,4,208,caught,21.0
729303,1,15,2,373,run out,202.0
729303,1,17,4,57,caught,147.0
729303,1,18,1,209,caught,21.0
729303,1,18,4,222,bowled,
729303,1,18,6,50,caught,2.0
729303,2,6,2,147,caught,373.0
729303,2,7,4,21,stumped,365.0
729303,2,15,6,304,stumped,365.0
729305,1,0,4,113,caught,352.0
729305,1,0,5,17,run out,
729305,1,2,1,27,caught,307.0
729305,1,2,2,111,bowled,
729305,1,5,2,302,bowled,
729305,1,8,4,110,caught,307.0
729305,1,10,3,8,caught,378.0
729305,1,13,6,379,caught,256.0
729305,1,14,3,350,caught,378.0
729305,1,14,6,107,lbw,
729305,2,4,3,86,caught,17.0
729305,2,5,4,352,run out,
729305,2,6,3,340,caught,17.0
729305,2,12,5,32,caught,111.0
729307,1,1,4,204,run out,97.0
729307,1,4,1,63,lbw,
729307,1,7,4,306,bowled,
729307,1,9,4,321,caught,191.0
729307,1,13,4,198,caught,191.0
729307,1,13,6,41,bowled,
729307,1,18,1,375,stumped,46.0
729307,1,18,2,358,bowled,
729307,1,18,4,151,lbw,
729307,2,2,4,97,lbw,
729307,2,4,1,40,caught,375.0
729307,2,5,1,9,caught,306.0
729307,2,11,1,337,bowled,
729307,2,12,3,31,lbw,
729307,2,12,6,46,run out,198.0
729307,2,13,4,68,stumped,63.0
729307,2,15,6,316,bowled,
729307,2,17,3,309,caught,358.0
729307,2,18,2,233,bowled,
729309,1,1,4,57,run out,348.0
729309,1,3,2,208,caught,356.0
729309,1,6,4,373,caught,356.0
729309,1,8,6,209,caught,64.0
729309,1,13,5,19,bowled,
729309,1,18,4,365,run out,
729309,1,19,5,50,retired hurt,
729309,2,6,5,356,caught,19.0
729309,2,12,2,186,bowled,
729309,2,15,2,155,caught,792.0
729309,2,15,5,89,caught,209.0
729311,1,2,2,42,caught,172.0
729311,1,2,4,188,lbw,
729311,1,10,3,355,caught,360.0
729311,1,14,6,54,caught,147.0
729311,1,17,2,255,bowled,
729311,2,10,5,2,bowled,
729311,2,13,6,21,caught,54.0
729311,2,15,3,147,caught,188.0
729311,2,15,5,304,caught,355.0
729311,2,18,3,35,bowled,
729313,1,1,2,163,bowled,
729313,1,1,4,8,lbw,
729313,1,2,6,113,caught,63.0
729313,1,3,5,17,caught,63.0
729313,1,9,2,111,caught,306.0
729313,1,13,2,110,bowled,
729313,1,14,3,27,caught,321.0
729313,1,19,1,379,bowled,
729313,2,4,1,204,caught,17.0
729313,2,5,5,63,caught,379.0
729313,2,7,1,306,caught,379.0
729313,2,12,2,321,caught,17.0
729313,2,12,6,41,caught,17.0
729315,1,2,1,340,bowled,
729315,1,8,3,352,bowled,
729315,1,15,6,32,run out,
729315,1,17,2,256,caught,215.0
729315,1,19,3,86,caught,309.0
729315,2,3,4,215,caught,340.0
729315,2,8,5,9,caught,307.0
729315,2,12,6,97,lbw,
729315,2,13,4,40,caught,138.0
729315,2,18,1,309,caught,307.0
729315,2,18,4,46,bowled,
729315,2,18,5,82,bowled,
729315,2,19,2,68,run out,
729315,3,0,1,309,run out,
729315,3,0,6,277,run out,352.0
729317,1,2,4,42,caught,50.0
729317,1,4,6,255,caught,380.0
729317,1,18,2,188,caught,365.0
729317,1,18,6,362,caught,222.0
729317,1,19,2,355,caught,365.0
729317,2,1,2,57,bowled,
729317,2,2,4,373,caught,184.0
729317,2,5,5,380,bowled,
729317,2,15,2,209,caught,188.0
729317,2,17,4,208,caught,184.0
729317,2,18,4,50,caught,42.0
729317,2,19,1,222,bowled,
733971,1,2,3,147,lbw,
733971,1,10,4,21,caught,309.0
733971,1,14,3,2,caught,31.0
733971,2,2,2,40,run out,
733971,2,4,4,9,caught,172.0
733971,2,5,1,97,caught,2.0
733971,2,5,2,277,caught,364.0
733971,2,9,3,309,lbw,
733971,2,13,4,46,caught,20.0
733971,2,14,6,335,bowled,
733971,2,16,4,68,caught,304.0
733971,2,16,5,31,lbw,
733973,1,2,1,41,run out,57.0
733973,1,3,3,204,caught,365.0
733973,1,11,5,306,caught,380.0
733973,1,15,5,198,caught,373.0
733973,1,19,3,321,caught,380.0
733973,2,0,5,380,caught,63.0
733973,2,2,5,209,lbw,
733973,2,9,4,365,lbw,
733973,2,15,3,57,caught,63.0
733973,2,16,4,373,caught,321.0
733975,1,4,1,186,caught,32.0
733975,1,9,3,159,caught,307.0
733975,1,9,6,356,caught and bowled,
733975,1,15,2,89,caught,256.0
733975,1,19,3,155,caught,90.0
733975,2,2,5,86,caught,186.0
733975,2,9,6,352,stumped,89.0
733975,2,14,6,90,bowled,
733977,1,2,5,255,caught,17.0
733977,1,3,6,355,caught,163.0
733977,1,12,6,42,caught,111.0
733977,1,15,6,362,caught,379.0
733977,1,18,6,184,caught,379.0
733977,1,19,4,188,bowled,
733977,2,1,1,17,bowled,
733977,2,1,6,8,caught,184.0
733977,2,6,4,163,caught,362.0
733977,2,10,1,381,lbw,
733977,2,14,3,27,caught,164.0
733977,2,19,1,379,run out,255.0
733979,1,6,3,86,run out,316.0
733979,1,13,3,340,stumped,46.0
733979,1,16,2,352,caught,97.0
733979,1,18,3,32,caught,309.0
733979,1,19,3,307,caught,309.0
733979,1,19,4,256,caught,285.0
733979,2,14,1,40,caught,352.0
733979,2,14,3,46,caught,90.0
733979,2,14,5,335,bowled,
733979,2,15,1,97,stumped,352.0
733979,2,15,1,31,caught and bowled,
733979,2,15,2,285,lbw,
733981,1,4,1,356,run out,
733981,1,4,3,159,bowled,
733981,1,12,6,89,caught,364.0
733981,1,13,6,64,caught,360.0
733981,1,14,2,186,caught,304.0
733981,2,11,2,2,caught,186.0
733981,2,18,4,147,caught,186.0
733983,1,3,1,380,caught,27.0
733983,1,7,5,209,bowled,
733983,1,8,5,365,caught,17.0
733983,1,9,4,373,caught,8.0
733983,1,19,4,222,run out,
733983,2,5,1,17,bowled,
733983,2,9,5,163,bowled,
733983,2,12,4,111,bowled,
733983,2,13,3,8,caught,373.0
733983,2,15,3,27,run out,222.0
733983,2,16,4,379,caught,222.0
733983,2,17,3,312,bowled,
733983,2,18,2,381,caught,57.0
733985,1,2,3,356,caught,40.0
733985,1,5,3,159,run out,46.0
733985,1,8,6,186,caught,316.0
733985,1,11,5,89,caught,9.0
733985,1,15,5,64,bowled,
733985,2,11,5,46,lbw,
733985,2,17,2,40,caught,89.0
733987,1,4,3,238,caught,360.0
733987,1,5,2,41,bowled,
733987,1,15,6,321,bowled,
733987,1,17,2,306,caught,35.0
733987,2,0,4,147,caught,358.0
733987,2,7,3,21,caught,321.0
733987,2,10,5,35,bowled,
733987,2,11,6,2,run out,358.0
733987,2,18,1,304,caught,84.0
733987,2,18,5,20,caught,198.0
733989,1,3,6,42,bowled,
733989,1,6,3,255,caught,86.0
733989,1,8,6,355,bowled,
733989,1,11,5,188,stumped,352.0
733989,1,12,5,184,bowled,
733989,1,16,1,164,caught,86.0
733989,1,16,2,167,caught,352.0
733989,1,19,3,95,run out,352.0
733989,1,19,4,134,run out,352.0
733989,2,0,3,86,caught,188.0
733989,2,3,6,340,caught,184.0
733989,2,5,5,352,bowled,
733989,2,6,3,32,caught,184.0
733989,2,13,4,256,run out,188.0
733989,2,15,4,307,caught,29.0
733989,2,17,1,311,caught,255.0
733989,2,17,2,90,caught,188.0
733989,2,17,6,363,caught and bowled,
733989,2,19,5,371,caught,95.0
733991,1,5,5,238,caught,110.0
733991,1,6,5,41,caught,8.0
733991,1,8,5,306,caught,379.0
733991,1,11,4,198,caught,17.0
733991,1,16,3,321,caught,383.0
733991,1,17,5,63,caught,111.0
733991,1,19,2,375,bowled,
733991,1,19,4,382,bowled,
733991,2,2,1,163,caught,63.0
733991,2,2,2,8,caught,63.0
733991,2,5,3,17,caught,238.0
733991,2,6,5,302,bowled,
733991,2,9,3,27,caught,41.0
733991,2,11,1,110,caught,198.0
733991,2,15,4,111,caught,375.0
733991,2,16,3,312,caught,63.0
733991,2,19,2,379,caught,321.0
733993,1,2,4,356,caught,355.0
733993,1,6,3,159,caught,42.0
733993,1,8,5,261,caught,188.0
733993,1,16,1,89,caught,95.0
733993,1,16,5,64,caught,188.0
733993,1,18,6,155,bowled,
733993,1,19,6,236,caught,29.0
733993,2,1,4,42,caught,155.0
733993,2,3,2,255,bowled,
733995,1,2,5,365,caught,2.0
733995,1,11,5,384,caught,304.0
733995,1,17,3,57,caught,21.0
733995,1,17,6,222,caught,21.0
733995,1,18,1,209,caught,35.0
733995,1,19,6,208,caught,304.0
733995,2,4,3,2,lbw,
733995,2,7,6,21,stumped,365.0
733995,2,15,3,147,caught,384.0
733995,2,16,4,304,bowled,
733995,2,18,5,35,bowled,
733995,2,18,6,172,run out,
733997,1,1,3,238,caught,46.0
733997,1,5,1,63,bowled,
733997,1,10,3,306,caught,191.0
733997,1,14,3,41,bowled,
733997,1,15,2,321,bowled,
733997,1,16,6,357,bowled,
733997,1,19,5,358,stumped,46.0
733997,1,19,6,375,run out,
733997,2,6,6,46,caught,375.0
733999,1,2,3,8,caught,90.0
733999,1,7,4,163,caught,352.0
733999,1,8,1,385,caught,32.0
733999,1,18,6,27,lbw,
733999,1,19,4,111,caught,86.0
733999,2,7,1,86,caught,17.0
733999,2,8,3,32,bowled,
733999,2,8,6,256,caught,381.0
733999,2,10,6,352,caught and bowled,
733999,2,13,3,340,bowled,
734001,1,4,6,42,bowled,
734001,1,9,5,355,run out,
734001,1,18,5,255,caught,222.0
734001,2,1,2,365,caught,42.0
734001,2,15,5,384,bowled,
734001,2,16,5,209,caught and bowled,
734003,1,7,5,315,caught,147.0
734003,1,10,4,86,run out,
734003,1,12,4,32,bowled,
734003,1,14,6,340,bowled,
734003,1,17,2,307,bowled,
734003,1,18,1,311,bowled,
734003,1,18,3,256,caught,304.0
734003,1,19,4,90,caught,147.0
734003,2,2,1,2,caught,340.0
734003,2,4,2,21,caught,90.0
734003,2,9,6,147,caught,278.0
734003,2,14,5,202,bowled,
734003,2,17,3,304,bowled,
734005,1,5,3,163,bowled,
734005,1,8,1,8,run out,
734005,1,12,3,17,caught,89.0
734005,1,14,2,111,bowled,
734005,2,0,4,186,lbw,
734005,2,1,6,356,bowled,
734005,2,9,2,261,caught,302.0
734005,2,11,6,159,stumped,17.0
734005,2,12,6,89,caught,383.0
734005,2,17,4,155,bowled,
734005,2,19,4,236,run out,17.0
734007,1,8,1,255,bowled,
734007,1,11,1,42,caught,382.0
734007,1,18,1,188,run out,
734007,1,18,4,164,caught,321.0
734007,1,19,2,29,caught,321.0
734007,2,0,2,41,caught and bowled,
734007,2,7,1,63,stumped,184.0
734007,2,9,1,346,run out,300.0
734007,2,13,1,306,caught,95.0
734009,1,2,2,365,caught,309.0
734009,1,5,1,384,bowled,
734009,1,11,5,209,caught,309.0
734009,1,15,6,373,caught,68.0
734009,1,19,2,57,bowled,
734009,2,7,2,40,bowled,
734009,2,14,1,97,bowled,
734009,2,15,6,46,bowled,
734009,2,18,3,277,caught,209.0
734011,1,5,3,340,lbw,
734011,1,10,2,310,caught,343.0
734011,1,16,5,86,bowled,
734011,1,17,3,256,stumped,89.0
734011,1,17,6,352,caught,236.0
734011,1,19,6,386,run out,343.0
734011,2,2,3,261,caught,307.0
734011,2,4,4,89,caught,386.0
734011,2,6,5,155,caught,340.0
734011,2,7,4,159,bowled,
734011,2,9,2,52,caught and bowled,
734011,2,11,4,236,run out,386.0
734011,2,13,2,294,bowled,
734011,2,14,4,387,bowled,
734011,2,18,1,343,caught,307.0
734013,1,4,2,2,caught,379.0
734013,1,4,4,147,caught,111.0
734013,1,14,3,4,caught,379.0
734013,1,16,2,20,caught,163.0
734013,2,3,3,17,caught,21.0
734013,2,14,1,8,stumped,20.0
734013,2,16,6,163,bowled,
734013,2,17,6,111,caught,35.0
734013,2,19,4,302,caught,2.0
734015,1,1,3,255,caught,191.0
734015,1,5,4,42,caught,40.0
734015,1,8,3,184,caught,31.0
734015,1,12,4,355,lbw,
734015,1,13,2,188,caught,31.0
734015,1,18,1,362,caught,97.0
734015,1,19,3,167,run out,31.0
734015,1,19,6,95,bowled,
734015,2,1,6,40,caught,184.0
734015,2,9,5,46,run out,
734015,2,15,2,97,caught,255.0
734017,1,14,3,384,caught,310.0
734017,1,14,6,19,caught,310.0
734017,1,19,6,57,run out,311.0
734017,2,2,3,263,caught,19.0
734017,2,4,2,32,caught,209.0
734017,2,5,3,352,caught,209.0
734017,2,7,4,310,caught,222.0
734017,2,8,3,315,caught,209.0
734017,2,10,3,256,stumped,208.0
734017,2,11,6,340,caught,739.0
734017,2,18,5,105,caught,57.0
734019,1,2,3,186,caught,388.0
734019,1,10,3,159,bowled,
734019,1,16,5,155,caught,306.0
734019,1,17,1,236,caught,306.0
734019,1,17,5,261,bowled,
734019,1,18,1,89,caught,357.0
734019,1,18,4,268,caught,306.0
734019,2,6,2,346,caught,186.0
734019,2,7,5,41,caught,88.0
734019,2,8,6,306,bowled,
734019,2,9,5,321,bowled,
734019,2,14,6,63,caught,268.0
734019,2,18,3,198,caught,236.0
734021,1,0,5,17,lbw,
734021,1,5,1,163,caught,367.0
734021,1,12,2,27,caught,95.0
734021,1,17,3,8,caught,95.0
734021,1,18,1,111,bowled,
734021,1,19,6,379,run out,184.0
734021,2,12,3,42,run out,
734021,2,16,1,188,caught,27.0
734021,2,18,4,184,caught,27.0
734023,1,1,2,147,bowled,
734023,1,10,3,2,caught,309.0
734023,1,16,3,304,run out,68.0
734023,1,17,3,21,caught,285.0
734023,2,6,6,40,bowled,
734023,2,11,4,46,caught,304.0
734025,1,2,1,41,run out,14.0
734025,1,9,2,101,caught,222.0
734025,1,10,4,346,bowled,
734025,1,10,6,306,caught and bowled,
734025,1,14,4,63,run out,209.0
734025,1,16,1,375,caught,57.0
734025,1,19,3,198,caught,209.0
734025,1,19,5,388,bowled,
734025,2,6,6,19,bowled,
734025,2,11,5,209,caught,41.0
734025,2,17,2,57,caught,368.0
734027,1,0,5,40,caught,113.0
734027,1,3,4,97,caught,379.0
734027,1,6,6,31,run out,
734027,1,18,4,277,bowled,
734027,2,1,6,163,lbw,
734027,2,12,3,8,caught,191.0
734027,2,12,6,113,bowled,
734027,2,16,2,27,caught,82.0
734027,2,16,6,111,bowled,
734029,1,3,3,304,run out,167.0
734029,1,6,5,147,lbw,
734029,1,8,4,21,caught,255.0
734029,2,11,2,188,bowled,
734029,2,17,2,184,caught,323.0
734029,2,18,1,255,run out,
734029,2,19,2,362,caught,304.0
734031,1,7,6,384,caught,268.0
734031,1,11,6,19,run out,
734031,1,14,2,57,bowled,
734031,1,14,4,222,caught,89.0
734031,1,15,4,209,caught,186.0
734031,1,16,3,208,caught,236.0
734031,1,17,2,50,caught,186.0
734031,1,18,2,390,caught,89.0
734031,1,18,6,131,run out,
734031,1,19,4,389,run out,89.0
734031,2,5,2,186,stumped,208.0
734031,2,8,5,159,bowled,
734031,2,9,4,89,bowled,
734031,2,18,3,88,caught,19.0
734033,1,2,2,41,caught,244.0
734033,1,6,3,346,run out,256.0
734033,1,13,1,101,caught,86.0
734033,1,14,4,63,caught,86.0
734033,2,2,4,340,caught,198.0
734033,2,8,1,86,bowled,
734033,2,8,2,32,bowled,
734033,2,11,1,256,caught,101.0
734033,2,13,1,352,stumped,63.0
734033,2,15,5,391,caught,393.0
734033,2,17,3,105,stumped,63.0
734033,2,17,5,310,caught,101.0
734035,1,0,5,381,bowled,
734035,1,4,5,113,lbw,
734035,1,5,4,385,bowled,
734035,1,13,6,27,caught,21.0
734035,1,17,4,111,bowled,
734035,1,19,2,8,bowled,
734035,2,4,2,147,caught,8.0
734035,2,9,3,21,stumped,113.0
734037,1,0,2,188,bowled,
734037,1,7,6,184,caught and bowled,
734037,1,12,2,42,run out,
734037,1,14,6,54,run out,
734037,1,16,3,124,stumped,46.0
734037,1,19,3,392,run out,
734037,1,19,4,362,caught,277.0
734037,2,4,4,40,bowled,
734037,2,7,3,97,caught,95.0
734037,2,9,2,46,caught,392.0
734037,2,9,4,285,run out,
734037,2,11,6,277,caught,392.0
734037,2,13,5,31,caught,42.0
734039,1,2,2,261,caught,41.0
734039,1,5,2,89,caught,375.0
734039,1,5,6,236,caught,346.0
734039,1,9,3,88,run out,
734039,1,12,3,155,caught,375.0
734039,1,13,4,159,lbw,
734039,1,16,6,377,caught,198.0
734039,1,17,2,348,bowled,
734039,1,17,6,387,caught,357.0
734039,1,18,1,347,caught,306.0
734039,2,2,2,41,caught,89.0
734039,2,3,2,306,caught,159.0
734039,2,13,2,346,bowled,
734041,1,5,3,32,caught,222.0
734041,1,14,6,340,caught,384.0
734041,1,15,3,352,caught,50.0
734041,1,19,5,311,caught,373.0
734041,2,1,5,384,caught,311.0
734041,2,4,2,19,bowled,
734041,2,4,6,222,caught,105.0
734041,2,9,2,57,caught,340.0
734041,2,14,3,209,run out,
734043,1,1,2,40,caught,198.0
734043,1,8,2,46,caught,321.0
734043,1,8,5,97,bowled,
734043,1,14,2,277,caught,321.0
734043,1,14,3,31,caught,321.0
734043,1,17,6,309,bowled,
734043,1,18,4,285,caught,346.0
734043,1,19,5,316,run out,358.0
734043,2,1,1,41,caught,277.0
734043,2,5,5,346,caught,233.0
734043,2,7,5,306,lbw,
734043,2,11,6,63,caught,233.0
734043,2,12,2,321,bowled,
734043,2,13,3,375,run out,
734043,2,17,3,357,stumped,46.0
734043,2,19,1,198,caught,97.0
734045,1,9,4,19,bowled,
734045,1,12,1,373,caught,360.0
734045,1,16,4,384,caught,21.0
734045,1,17,3,57,caught,2.0
734045,1,18,4,222,caught,364.0
734045,1,18,6,208,caught,304.0
734045,1,19,1,209,caught,4.0
734045,1,19,4,14,bowled,
734045,2,6,2,147,caught,222.0
734045,2,6,5,304,caught,380.0
734045,2,9,3,2,stumped,208.0
734047,1,10,4,346,caught,21.0
734047,1,12,6,306,caught,21.0
734047,1,18,1,41,caught,304.0
734047,1,18,6,198,bowled,
734047,1,19,3,321,run out,20.0
734047,1,19,6,63,caught,147.0
734047,2,0,2,304,caught,198.0
734047,2,4,6,147,bowled,
734047,2,6,1,21,run out,198.0
734047,2,11,6,2,run out,
734047,2,12,1,35,caught,358.0
734047,2,12,5,4,caught,41.0
734047,2,16,5,202,stumped,63.0
734049,1,3,4,41,caught,40.0
734049,1,5,1,198,bowled,
734049,1,17,1,346,caught and bowled,
734049,1,17,6,306,caught,191.0
734049,2,0,4,46,caught,375.0
734049,2,6,1,40,caught,321.0
734049,2,13,3,31,caught,306.0
734049,2,15,3,277,run out,198.0
734049,2,16,3,285,caught,321.0
734049,2,16,6,97,caught,198.0
734049,2,18,2,309,caught,346.0
829705,1,1,3,255,caught,233.0
829705,1,4,6,208,caught,233.0
829705,1,5,2,209,caught,31.0
829705,2,2,5,46,caught,50.0
829705,2,11,6,97,caught,222.0
829705,2,14,2,40,caught,209.0
829707,1,1,2,2,caught,27.0
829707,1,3,6,21,bowled,
829707,1,8,1,147,caught,372.0
829707,1,12,2,304,caught,394.0
829707,1,15,2,35,stumped,365.0
829707,1,16,4,72,lbw,
829707,1,19,5,20,caught,261.0
829707,2,2,3,365,caught,72.0
829707,2,2,6,261,caught,20.0
829707,2,4,6,394,caught,304.0
829707,2,13,1,236,caught,35.0
829707,2,14,3,27,caught,360.0
829707,2,15,4,155,bowled,
829707,2,17,4,372,bowled,
829707,2,18,5,134,run out,
829707,2,19,3,387,caught,21.0
829709,1,1,3,86,caught,375.0
829709,1,2,5,352,lbw,
829709,1,5,6,340,bowled,
829709,1,10,1,307,caught,393.0
829709,1,10,4,256,caught,63.0
829709,1,16,4,395,bowled,
829709,1,19,3,311,caught,321.0
829709,2,0,1,41,caught,352.0
829709,2,2,6,63,run out,352.0
829709,2,4,6,306,caught,378.0
829709,2,8,4,186,run out,352.0
829709,2,13,1,321,caught,311.0
829709,2,17,3,375,bowled,
829709,2,18,3,358,caught,378.0
829709,2,18,6,198,caught,340.0
829711,1,8,1,147,run out,461.0
829711,1,13,3,21,run out,355.0
829711,1,19,2,20,caught,188.0
829711,1,19,3,35,run out,461.0
829711,2,3,4,42,caught,35.0
829711,2,5,6,355,bowled,
829711,2,11,3,184,caught,364.0
829711,2,14,5,188,caught,147.0
829711,2,16,4,162,bowled,
829711,2,18,6,167,caught,21.0
829713,1,10,4,46,caught,362.0
829713,1,13,2,40,caught,238.0
829713,1,16,1,309,caught,238.0
829713,1,16,2,97,run out,8.0
829713,1,19,1,31,caught,8.0
829713,1,19,6,277,run out,
829713,2,4,5,8,caught,46.0
829713,2,7,3,89,bowled,
829713,2,7,6,238,bowled,
829713,2,10,6,111,stumped,46.0
829713,2,14,4,362,stumped,46.0
829713,2,16,1,398,run out,
829713,2,18,2,163,run out,
829715,1,4,4,261,caught and bowled,
829715,1,10,6,394,caught,378.0
829715,1,16,3,27,caught,340.0
829715,2,4,6,352,caught,27.0
829715,2,7,2,307,caught,261.0
829715,2,9,6,340,stumped,236.0
829715,2,10,4,256,lbw,
829715,2,15,1,86,bowled,
829715,2,18,1,395,caught,192.0
829715,2,18,5,311,bowled,
829717,1,6,4,41,caught,222.0
829717,1,7,4,306,caught,209.0
829717,1,10,2,186,caught,399.0
829717,1,15,3,321,caught,208.0
829717,1,17,1,357,caught,82.0
829717,2,0,2,57,lbw,
829717,2,3,3,208,caught,186.0
829717,2,5,2,255,bowled,
829717,2,7,3,373,stumped,63.0
829717,2,11,5,209,caught,63.0
829717,2,13,4,222,caught,321.0
829717,2,19,5,50,caught,368.0
829719,1,5,3,163,caught,326.0
829719,1,10,1,89,caught,397.0
829719,1,11,5,8,bowled,
829719,1,11,6,238,caught,188.0
829719,1,15,6,362,bowled,
829719,1,18,2,111,caught,42.0
829719,1,18,3,398,caught,167.0
829719,1,18,5,312,caught,397.0
829719,1,19,3,297,bowled,
829719,1,19,5,247,bowled,
829719,2,7,5,188,lbw,
829719,2,9,5,397,stumped,89.0
829721,1,3,3,255,retired hurt,
829721,1,4,4,17,caught,351.0
829721,1,6,3,57,caught,307.0
829721,1,9,5,263,bowled,
829721,1,18,6,222,caught,340.0
829721,1,19,4,373,bowled,
829721,2,4,3,352,caught,57.0
829721,2,13,1,86,caught,373.0
829721,2,14,5,395,bowled,
829725,1,4,6,186,caught,155.0
829725,1,13,5,63,bowled,
829725,1,14,6,41,caught,372.0
829725,1,15,6,306,caught,88.0
829725,1,16,6,321,bowled,
829725,1,19,5,198,caught,394.0
829725,1,19,6,375,caught,192.0
829725,2,2,5,394,caught,396.0
829725,2,7,2,155,run out,375.0
829725,2,18,2,27,caught,368.0
829725,2,18,3,261,bowled,
829725,2,19,3,236,caught,396.0
829727,1,3,6,42,caught,352.0
829727,1,4,6,188,run out,86.0
829727,1,5,1,355,lbw,
829727,1,14,1,184,bowled,
829727,1,16,3,217,lbw,
829727,2,10,2,352,caught,184.0
829727,2,13,2,307,caught,188.0
829727,2,14,4,340,caught and bowled,
829727,2,18,4,86,bowled,
829729,1,0,4,17,lbw,
829729,1,2,5,373,caught,304.0
829729,1,3,4,384,caught,304.0
829729,1,9,3,50,caught,35.0
829729,1,14,6,57,caught,72.0
829729,1,19,4,209,caught,35.0
829729,1,19,5,222,caught,147.0
829729,2,7,2,2,caught,82.0
829729,2,7,6,147,caught,57.0
829729,2,12,2,304,bowled,
829729,2,14,5,20,caught and bowled,
829731,1,2,1,261,caught,42.0
829731,1,11,3,394,caught,188.0
829731,1,15,6,155,bowled,
829731,1,16,1,27,caught,188.0
829731,2,6,1,42,bowled,
829731,2,6,3,188,caught and bowled,
829731,2,12,4,355,bowled,
829731,2,15,6,184,caught,155.0
829731,2,16,4,162,caught,88.0
829731,2,16,6,217,bowled,
829731,2,19,2,326,run out,372.0
829731,2,19,6,167,caught,192.0
829733,1,0,4,186,caught,335.0
829733,1,3,5,63,caught,31.0
829733,1,4,2,41,caught,68.0
829733,1,11,4,306,caught,335.0
829733,1,13,6,281,caught,97.0
829733,1,17,3,330,caught,309.0
829733,1,18,6,375,caught,309.0
829733,1,19,4,198,run out,
829733,1,19,6,358,caught,40.0
829733,2,2,2,46,lbw,
829733,2,4,3,97,caught,198.0
829733,2,6,5,309,caught,63.0
829733,2,7,4,40,caught,63.0
829733,2,7,5,285,lbw,
829733,2,17,4,335,bowled,
829735,1,2,2,2,caught,311.0
829735,1,5,3,21,caught,352.0
829735,1,6,2,304,caught,351.0
829735,1,9,1,147,bowled,
829735,2,16,1,32,bowled,
829735,2,18,1,307,caught and bowled,
829737,1,5,5,17,bowled,
829737,1,13,3,384,caught,297.0
829737,1,17,4,263,caught,8.0
829737,1,18,2,222,caught,383.0
829737,1,18,3,209,caught,383.0
829737,1,18,5,57,caught and bowled,
829737,1,19,6,50,run out,
829737,2,4,6,215,bowled,
829737,2,8,1,163,bowled,
829737,2,10,3,8,caught,209.0
829737,2,12,1,89,caught,263.0
829737,2,13,1,381,bowled,
829737,2,14,2,111,caught,222.0
829737,2,19,1,138,run out,
829739,1,1,2,261,caught,233.0
829739,1,4,3,155,bowled,
829739,1,8,4,394,bowled,
829739,1,13,4,88,caught,31.0
829739,1,14,6,27,stumped,46.0
829739,1,17,6,236,caught,40.0
829739,1,19,2,372,run out,
829739,1,19,6,192,caught,46.0
829739,2,4,1,46,caught,155.0
829739,2,4,4,97,caught,387.0
829739,2,9,6,309,caught,236.0
829739,2,17,5,40,bowled,
829741,1,11,3,32,stumped,63.0
829741,1,14,6,395,bowled,
829741,1,15,3,307,caught,306.0
829741,1,17,4,86,caught,63.0
829741,1,18,1,311,caught,306.0
829741,1,19,1,340,caught,375.0
829741,2,1,6,41,run out,307.0
829741,2,6,2,186,run out,391.0
829741,2,8,4,306,caught,307.0
829741,2,14,3,101,caught,86.0
829741,2,16,6,63,bowled,
829741,2,17,5,321,caught,256.0
829741,3,0,1,321,lbw,
829741,3,0,6,101,run out,
829741,4,0,1,32,bowled,
829741,4,0,3,311,run out,
829743,1,14,2,188,caught,46.0
829743,1,16,1,162,caught,193.0
829743,1,18,3,42,caught,193.0
829743,1,19,2,184,bowled,
829743,2,3,4,40,bowled,
829743,2,5,5,46,caught,14.0
829743,2,8,5,335,caught,95.0
829743,2,11,2,31,caught,167.0
829745,1,1,5,2,caught,381.0
829745,1,8,5,147,caught,89.0
829745,1,12,5,21,caught,381.0
829745,1,14,1,20,caught,111.0
829745,1,15,2,35,caught,8.0
829745,1,17,3,72,caught,111.0
829745,1,18,2,202,caught,215.0
829745,1,19,4,364,bowled,
829745,2,3,3,215,caught,304.0
829745,2,3,6,381,bowled,
829745,2,8,2,89,caught,72.0
829745,2,11,3,111,run out,
829745,2,13,3,402,caught,364.0
829745,2,16,1,8,caught,147.0
829745,2,16,2,312,caught,72.0
829745,2,19,6,401,caught,147.0
829747,1,0,3,261,caught,209.0
829747,1,16,4,394,bowled,
829747,1,17,6,192,caught,17.0
829747,1,19,3,27,caught,222.0
829747,2,4,2,384,caught,155.0
829747,2,5,6,17,caught,387.0
829747,2,8,2,263,stumped,236.0
829747,2,10,2,222,caught,294.0
829747,2,15,6,57,caught,294.0
829747,2,16,1,400,caught,372.0
829747,2,16,3,209,caught,372.0
829747,2,16,4,403,caught,236.0
829747,2,19,4,50,caught,426.0
829749,1,4,6,86,lbw,
829749,1,5,4,32,caught,379.0
829749,1,9,5,340,run out,
829749,1,11,2,395,bowled,
829749,1,12,4,352,bowled,
829749,1,17,1,307,caught,89.0
829749,1,17,5,256,caught,401.0
829749,1,18,5,311,caught,89.0
829749,1,19,1,81,bowled,
829749,2,4,3,163,caught,352.0
829751,1,5,4,17,caught,341.0
829751,1,6,6,263,caught,42.0
829751,1,12,3,384,bowled,
829751,1,13,5,57,caught,300.0
829751,1,16,4,209,caught,461.0
829751,1,17,3,50,caught,300.0
829751,1,19,1,222,bowled,
829751,1,19,2,82,caught,184.0
829751,2,4,6,188,caught,209.0
829751,2,5,6,42,caught,195.0
829751,2,8,4,184,caught,222.0
829751,2,14,5,355,caught,209.0
829751,2,17,4,162,caught,400.0
829751,2,18,1,341,caught,17.0
829751,2,18,3,14,bowled,
829751,2,18,4,95,caught,222.0
829753,1,4,4,147,bowled,
829753,1,12,1,2,caught,321.0
829753,1,15,2,21,run out,
829753,2,0,5,41,caught,304.0
829753,2,5,1,101,lbw,
829753,2,6,3,198,caught,20.0
829753,2,8,6,321,caught,21.0
829753,2,9,2,186,caught,72.0
829753,2,11,4,375,stumped,20.0
829753,2,12,2,358,caught,74.0
829753,2,17,4,63,caught,202.0
829753,2,19,1,396,caught,35.0
829757,1,0,5,394,lbw,
829757,1,5,2,155,caught,89.0
829757,1,6,2,27,caught,89.0
829757,1,6,3,192,caught,111.0
829757,1,12,1,261,stumped,89.0
829757,1,13,4,372,lbw,
829757,1,14,6,134,bowled,
829757,1,16,3,294,bowled,
829757,1,17,3,236,caught,379.0
829757,1,18,2,404,run out,111.0
829759,1,1,5,42,caught,186.0
829759,1,5,6,341,caught,346.0
829759,1,9,5,188,caught,321.0
829759,1,16,4,184,caught,321.0
829759,1,17,2,162,caught,63.0
829759,1,19,2,164,bowled,
829759,2,2,2,346,bowled,
829759,2,3,1,101,bowled,
829759,2,7,3,198,caught,167.0
829759,2,8,2,186,run out,
829759,2,12,2,321,caught,461.0
829759,2,17,1,375,bowled,
829759,2,17,6,63,caught,14.0
829759,2,18,5,357,lbw,
829759,2,19,3,396,caught,188.0
829765,1,4,4,2,lbw,
829765,1,8,4,147,run out,31.0
829765,1,9,3,21,caught,46.0
829765,1,11,3,20,caught,46.0
829765,1,12,6,72,caught,309.0
829765,1,18,5,35,bowled,
829765,2,0,2,40,caught,20.0
829765,2,5,1,46,caught,2.0
829765,2,7,1,97,caught,72.0
829765,2,12,2,309,caught,72.0
829765,2,15,2,31,bowled,
829765,2,16,5,335,run out,
829765,2,17,1,405,caught,35.0
829765,2,17,5,68,caught,20.0
829765,2,18,5,233,bowled,
829763,1,0,4,163,caught,395.0
829763,1,2,2,8,caught,352.0
829763,1,11,1,238,lbw,
829763,1,13,5,111,run out,
829763,1,16,3,89,run out,
829763,1,18,5,401,caught,378.0
829763,1,19,6,312,run out,
829723,1,0,1,147,caught,285.0
829723,1,3,3,21,caught,68.0
829723,1,5,1,2,lbw,
829723,1,5,5,304,stumped,46.0
829723,1,6,5,20,bowled,
829723,1,16,3,72,bowled,
829723,1,18,3,35,caught,405.0
829723,1,18,5,323,bowled,
829723,1,19,1,364,caught,46.0
829723,2,4,2,40,caught,406.0
829723,2,8,2,97,caught,35.0
829723,2,9,1,309,caught,72.0
829767,1,0,2,41,caught,192.0
829767,1,1,1,101,lbw,
829767,1,2,6,346,caught,236.0
829767,1,3,3,63,caught,236.0
829767,1,7,6,198,lbw,
829767,1,9,5,281,caught,80.0
829767,1,18,1,375,caught,261.0
829767,1,18,4,321,caught,80.0
829767,2,12,3,394,caught,375.0
829769,1,4,5,17,caught and bowled,
829769,1,9,1,384,lbw,
829769,1,10,4,263,caught,256.0
829769,1,14,5,57,caught,315.0
829769,1,19,4,222,caught,352.0
829769,2,3,1,86,caught,209.0
829769,2,8,1,32,bowled,
829769,2,14,6,307,caught,50.0
829769,2,17,4,352,caught,399.0
829769,2,17,5,340,caught,17.0
829769,2,18,1,395,caught,263.0
829769,2,19,5,378,run out,
829771,1,3,5,40,caught,238.0
829771,1,6,5,46,caught,89.0
829771,1,8,4,335,run out,89.0
829771,1,9,1,285,caught,111.0
829771,2,3,5,163,caught,335.0
829771,2,4,4,111,bowled,
829771,2,7,2,8,caught,309.0
829773,1,8,1,188,caught,147.0
829773,1,9,6,164,stumped,20.0
829773,1,12,6,42,run out,
829773,1,16,1,184,bowled,
829773,1,17,2,326,caught,20.0
829773,1,19,4,341,caught,793.0
829773,1,19,6,167,caught,35.0
829773,2,1,5,2,bowled,
829773,2,5,1,147,caught,341.0
829773,2,7,4,21,caught,217.0
829773,2,12,4,304,run out,326.0
829773,2,12,5,20,bowled,
829773,2,16,3,323,bowled,
829775,1,12,2,17,caught,186.0
829775,1,17,6,57,caught,396.0
829775,1,19,3,384,caught,375.0
829775,2,1,1,41,caught,222.0
829775,2,4,3,306,caught,82.0
829775,2,11,5,186,caught,263.0
829775,2,16,2,321,caught,57.0
829775,2,18,5,198,run out,17.0
829775,2,18,5,375,run out,195.0
829775,2,19,6,63,run out,
829777,1,6,5,32,caught,236.0
829777,1,18,2,340,caught,134.0
829777,2,2,3,261,bowled,
829777,2,4,1,394,bowled,
829777,2,8,5,27,caught,256.0
829777,2,13,3,192,caught,352.0
829777,2,15,3,236,caught,32.0
829777,2,17,6,155,caught,81.0
829777,2,18,3,372,caught,307.0
829779,1,0,6,147,bowled,
829779,1,5,3,2,caught,138.0
829779,1,14,1,304,bowled,
829779,1,14,6,21,lbw,
829779,1,17,1,35,caught,8.0
829779,1,18,3,20,caught,379.0
829779,1,19,4,72,caught,401.0
829779,1,19,5,323,bowled,
829779,1,19,6,364,run out,89.0
829779,2,2,1,374,bowled,
829779,2,4,6,111,caught,304.0
829779,2,5,2,238,run out,
829779,2,13,6,8,run out,72.0
829779,2,14,1,89,caught,147.0
829779,2,16,4,402,caught,147.0
829779,2,16,6,312,caught,20.0
829779,2,18,6,379,caught,21.0
829779,2,19,1,401,caught,323.0
829779,2,19,4,138,caught,323.0
829781,1,6,2,40,caught,217.0
829781,1,10,6,46,caught,188.0
829781,1,11,6,335,caught,217.0
829781,1,13,5,97,run out,
829781,1,14,6,285,lbw,
829781,1,17,3,193,bowled,
829781,1,17,6,309,caught,164.0
829781,2,0,3,188,bowled,
829781,2,0,6,184,bowled,
829781,2,4,5,42,caught,97.0
829781,2,8,1,217,run out,
829781,2,11,4,341,stumped,46.0
829781,2,11,6,229,run out,
829781,2,14,1,164,caught,97.0
829781,2,17,5,167,caught,309.0
829781,2,19,4,14,caught,233.0
829783,1,0,1,261,caught,17.0
829783,1,5,1,394,caught,82.0
829783,1,6,4,155,caught and bowled,
829783,1,11,2,236,stumped,17.0
829783,1,15,4,192,caught,399.0
829783,1,18,6,27,caught,384.0
829783,2,0,1,384,lbw,
829783,2,1,5,400,caught,387.0
829783,2,4,2,17,caught,134.0
829783,2,5,2,50,bowled,
829783,2,15,2,57,bowled,
829785,1,11,2,8,bowled,
829785,1,16,6,163,caught and bowled,
829785,1,17,4,89,bowled,
829785,2,0,4,346,caught,401.0
829785,2,2,2,186,bowled,
829785,2,3,1,306,bowled,
829785,2,5,4,63,caught,8.0
829785,2,5,6,321,bowled,
829785,2,7,1,198,bowled,
829785,2,8,2,358,bowled,
829785,2,8,4,396,bowled,
829785,2,10,4,393,bowled,
829785,2,13,4,368,caught and bowled,
829761,1,4,3,40,caught,236.0
829761,1,8,6,46,lbw,
829761,1,11,4,97,bowled,
829761,1,14,5,68,caught,80.0
829761,1,16,3,335,caught,192.0
829761,1,18,6,31,caught,80.0
829761,1,19,6,193,run out,
829761,2,9,5,88,caught,309.0
829761,2,10,6,394,bowled,
829761,2,13,2,236,caught,193.0
829761,2,13,5,27,caught,335.0
829761,2,15,3,155,caught,233.0
829761,2,18,6,192,bowled,
829787,1,4,3,188,caught,352.0
829787,1,10,3,164,bowled,
829787,1,14,2,42,bowled,
829787,1,17,4,217,caught,307.0
829787,2,0,6,86,caught,184.0
829787,2,3,6,32,caught,14.0
829787,2,7,3,340,caught,184.0
829787,2,10,6,395,caught,300.0
829787,2,14,2,307,bowled,
829787,2,17,1,311,caught,162.0
829787,2,17,4,352,bowled,
829789,1,4,5,2,caught,400.0
829789,1,8,4,21,caught,400.0
829789,1,9,1,147,caught,400.0
829789,1,15,2,304,caught,384.0
829789,1,19,6,323,run out,17.0
829789,2,10,1,17,caught,304.0
829789,2,10,4,384,caught,147.0
829789,2,11,6,222,run out,72.0
829789,2,17,1,57,caught,21.0
829791,1,5,5,186,bowled,
829791,1,10,5,346,caught and bowled,
829791,1,16,3,306,caught,193.0
829791,1,16,6,63,bowled,
829791,1,19,3,330,caught and bowled,
829791,2,3,3,46,caught,375.0
829791,2,7,3,97,caught,375.0
829791,2,8,5,40,caught,186.0
829791,2,10,5,309,bowled,
829791,2,14,6,31,caught,63.0
829791,2,16,5,335,caught,63.0
829791,2,17,2,193,run out,375.0
829791,2,19,2,317,run out,396.0
829791,2,19,4,68,caught,63.0
829793,1,3,5,42,caught,110.0
829793,1,4,1,188,caught,80.0
829793,1,10,4,217,caught,372.0
829793,1,14,6,167,caught,426.0
829793,2,2,4,394,caught and bowled,
829793,2,8,2,356,stumped,184.0
829793,2,9,6,27,caught,167.0
829793,2,10,2,155,bowled,
829795,1,3,1,163,caught,384.0
829795,2,3,6,17,run out,
829795,2,8,1,57,caught,238.0
829795,2,14,2,222,caught,379.0
829795,2,15,4,400,stumped,89.0
829795,2,17,3,209,caught,111.0
829795,2,18,2,50,caught,8.0
829795,2,19,2,399,caught,89.0
829797,1,2,4,147,caught,311.0
829797,1,3,4,21,caught,311.0
829797,1,16,2,304,run out,32.0
829797,1,17,2,2,caught,315.0
829797,1,17,3,323,caught,307.0
829797,2,5,3,86,caught,72.0
829797,2,7,4,307,bowled,
829797,2,9,6,32,caught,72.0
829797,2,11,5,340,caught,202.0
829797,2,14,1,395,caught,21.0
829797,2,17,4,352,caught,147.0
829797,2,18,3,311,caught,72.0
829797,2,18,4,90,caught,304.0
829797,2,19,4,315,caught,74.0
829799,1,6,1,42,stumped,63.0
829799,1,13,4,164,caught,396.0
829799,1,15,2,217,caught,346.0
829799,1,17,1,188,caught,330.0
829799,1,17,2,184,run out,198.0
829799,2,4,5,186,caught,42.0
829799,2,6,1,346,caught,300.0
829799,2,7,3,306,caught,184.0
829799,2,8,6,63,caught,355.0
829799,2,12,3,198,caught,188.0
829799,2,14,1,330,caught,217.0
829799,2,18,6,375,caught,184.0
829801,1,5,6,2,caught,155.0
829801,1,8,1,147,lbw,
829801,1,9,2,21,caught,155.0
829801,1,15,2,304,bowled,
829801,1,17,3,72,caught,155.0
829801,1,18,1,20,caught,294.0
829801,2,2,3,356,caught,202.0
829801,2,4,1,155,bowled,
829801,2,13,2,27,caught,364.0
829801,2,15,6,110,caught,360.0
829803,1,2,1,63,caught,238.0
829803,1,4,2,346,caught,238.0
829803,1,4,4,306,caught,111.0
829803,1,5,5,321,stumped,89.0
829803,1,8,5,198,bowled,
829803,1,9,3,330,caught,89.0
829803,2,2,6,8,bowled,
829803,2,4,4,163,caught,63.0
829803,2,6,4,111,caught,388.0
829803,2,7,5,89,caught,321.0
829803,2,8,4,238,caught,321.0
829803,2,9,5,402,caught,388.0
829805,1,4,2,17,caught,97.0
829805,1,5,4,384,caught,97.0
829805,1,6,3,209,caught,335.0
829805,1,11,4,57,bowled,
829805,2,5,3,46,caught,195.0
829805,2,5,5,97,run out,384.0
829805,2,10,6,40,bowled,
829805,2,14,2,277,caught,400.0
829805,2,15,5,335,caught,17.0
829805,2,17,1,309,caught,209.0
829805,2,19,1,31,caught,17.0
829807,1,2,2,42,caught,107.0
829807,1,9,3,164,caught,89.0
829807,1,10,6,217,caught,238.0
829807,2,2,3,163,caught,42.0
829807,2,2,4,111,caught,95.0
829807,2,4,1,238,caught,217.0
829807,2,5,2,89,run out,300.0
829809,1,2,2,63,caught,2.0
829809,1,4,1,198,caught,20.0
829809,1,5,1,346,caught,74.0
829809,1,8,3,330,stumped,20.0
829809,1,9,5,306,bowled,
829809,1,13,5,321,caught,35.0
829809,1,18,6,375,caught,20.0
829809,2,0,6,19,caught,63.0
829809,2,1,5,2,bowled,
829809,2,13,3,304,bowled,
829811,1,6,6,86,run out,
829811,1,10,5,307,caught,191.0
829811,1,12,5,352,caught,40.0
829811,1,14,3,311,caught,309.0
829811,1,17,6,340,caught,46.0
829811,1,19,6,351,run out,
829811,2,0,6,40,caught,256.0
829811,2,2,6,46,caught,307.0
829811,2,8,1,97,caught,351.0
829811,2,13,2,335,caught,81.0
829811,2,13,4,309,caught,352.0
829811,2,15,2,31,caught,81.0
829811,2,16,4,322,caught,86.0
829811,2,17,2,68,caught,256.0
829811,2,19,1,277,caught,307.0
829813,1,6,2,394,caught,163.0
829813,1,11,2,356,caught,8.0
829813,1,13,5,27,caught,379.0
829813,1,14,2,236,caught,89.0
829813,1,15,2,192,run out,383.0
829815,1,0,6,42,bowled,
829815,1,1,1,188,caught,222.0
829815,1,5,3,217,caught,384.0
829815,1,9,2,164,stumped,17.0
829815,1,9,3,184,caught,57.0
829815,1,12,1,355,bowled,
829815,1,15,4,326,caught,82.0
829815,1,16,3,300,caught,400.0
829815,1,17,3,167,caught,399.0
829815,1,19,6,14,run out,
829815,2,13,2,384,caught,42.0
829817,1,10,4,17,caught,35.0
829817,1,13,4,384,caught,323.0
829817,1,15,4,57,caught,35.0
829817,1,16,1,400,caught,35.0
829817,1,18,5,209,caught,21.0
829817,1,19,4,222,caught,21.0
829817,2,0,4,147,lbw,
829817,2,5,1,19,caught,17.0
829817,2,10,2,21,caught and bowled,
829817,2,10,3,20,lbw,
829817,2,13,5,304,caught,82.0
829817,2,14,5,72,run out,
829817,2,15,3,323,caught,263.0
829817,2,17,2,35,caught,399.0
829817,2,18,4,202,caught,209.0
829817,2,18,6,74,caught,384.0
829819,1,5,6,163,bowled,
829819,1,7,3,8,caught and bowled,
829819,1,18,4,111,run out,
829819,1,19,3,89,caught,86.0
829819,2,1,6,32,caught,89.0
829819,2,4,5,352,caught,89.0
829819,2,8,1,307,caught,111.0
829819,2,12,1,340,caught,89.0
829819,2,13,6,86,caught,111.0
829819,2,14,4,311,caught and bowled,
829819,2,14,5,256,run out,
829819,2,15,6,351,caught,383.0
829819,2,16,5,395,caught,379.0
829819,2,18,6,81,bowled,
829821,1,4,1,8,caught,364.0
829821,1,4,6,111,lbw,
829821,1,7,1,238,caught,19.0
829821,1,13,3,163,caught and bowled,
829821,1,16,2,89,caught,364.0
829821,1,18,2,401,caught,72.0
829821,1,19,4,312,run out,20.0
829821,1,19,5,402,caught,323.0
829821,2,3,1,147,caught,379.0
829821,2,9,2,304,bowled,
829821,2,9,4,21,caught,401.0
829821,2,16,3,19,caught,312.0
829821,2,18,5,323,run out,402.0
829821,2,18,6,72,bowled,
829821,2,19,4,20,caught,89.0
829823,1,0,5,17,run out,304.0
829823,1,11,6,57,caught,35.0
829823,1,12,1,384,bowled,
829823,1,18,5,222,caught,21.0
829823,1,19,2,400,caught,21.0
829823,2,4,4,19,caught,399.0
829823,2,11,5,147,lbw,
829823,2,13,3,21,stumped,17.0
829823,2,14,3,72,caught,384.0
829823,2,15,5,20,bowled,
829823,2,16,2,304,caught,57.0
829823,2,17,3,323,caught,400.0
829823,2,18,2,202,caught,399.0
980901,1,1,1,57,lbw,
980901,1,3,5,384,bowled,
980901,1,4,1,400,caught,20.0
980901,1,4,6,408,caught,202.0
980901,1,7,1,222,lbw,
980901,1,10,6,389,caught,86.0
980901,1,15,1,209,caught,304.0
980901,1,18,4,82,caught,307.0
980901,2,9,4,304,bowled,
980903,1,2,2,356,caught,31.0
980903,1,2,6,394,lbw,
980903,1,4,5,261,caught,317.0
980903,1,5,3,340,caught,97.0
980903,1,9,6,323,stumped,46.0
980903,1,10,5,409,lbw,
980903,1,12,4,351,bowled,
980903,1,13,1,352,caught,46.0
980903,1,15,4,134,caught,40.0
980903,1,17,4,15,caught,97.0
980903,2,9,4,46,caught,351.0
980905,1,8,2,346,caught,89.0
980905,1,10,4,186,bowled,
980905,1,11,4,306,bowled,
980905,1,11,6,321,bowled,
980905,1,19,3,63,caught,35.0
980905,1,19,4,410,caught,255.0
980905,2,0,6,2,stumped,63.0
980905,2,5,3,21,caught,358.0
980905,2,11,5,255,stumped,63.0
980905,2,14,3,35,run out,358.0
980905,2,16,5,411,caught,364.0
980907,1,1,2,163,bowled,
980907,1,15,5,8,bowled,
980907,1,17,2,111,caught,217.0
980907,1,17,3,32,caught,184.0
980907,2,3,1,42,bowled,
980907,2,8,4,188,caught,450.0
980907,2,9,3,184,caught,111.0
980907,2,10,3,164,caught,367.0
980907,2,11,3,395,caught,111.0
980907,2,15,6,326,bowled,
980909,1,3,4,46,caught,222.0
980909,1,13,4,97,caught and bowled,
980909,1,17,2,335,bowled,
980909,1,18,1,40,caught,17.0
980909,1,19,5,412,run out,
980909,2,5,5,17,run out,
980909,2,10,1,400,caught,97.0
980909,2,11,5,403,caught,412.0
980909,2,18,3,408,caught,309.0
980911,1,3,5,86,lbw,
980911,1,13,6,159,bowled,
980911,1,15,4,304,stumped,89.0
980911,1,16,2,307,caught,311.0
980911,1,18,4,254,bowled,
980911,2,8,3,255,caught,85.0
980911,2,13,1,2,caught,304.0
980911,2,16,1,21,stumped,20.0
980913,1,1,3,186,run out,
980913,1,6,1,101,stumped,356.0
980913,1,8,1,321,lbw,
980913,1,8,4,306,caught,409.0
980913,1,10,4,346,bowled,
980913,1,12,6,63,run out,155.0
980913,1,15,1,375,caught,323.0
980913,1,17,1,364,caught,351.0
980913,1,18,5,358,bowled,
980913,2,2,1,394,caught,63.0
980913,2,12,5,352,bowled,
980915,1,2,4,42,caught,46.0
980915,1,3,2,188,caught,309.0
980915,1,5,6,164,lbw,
980915,1,9,4,395,caught,233.0
980915,1,17,3,184,caught,68.0
980915,1,18,4,217,caught,277.0
980915,1,19,5,326,run out,
980915,2,12,3,46,lbw,
980915,2,13,4,335,bowled,
980917,1,1,3,57,caught,187.0
980917,1,3,3,400,caught,187.0
980917,1,8,6,408,stumped,89.0
980917,1,10,1,222,caught,72.0
980917,1,12,6,17,caught,311.0
980917,1,15,5,50,caught,89.0
980917,1,16,6,209,bowled,
980917,1,19,5,378,run out,
980917,2,1,3,2,caught,400.0
980917,2,8,3,21,caught,17.0
980917,2,11,1,89,caught,50.0
980917,2,12,2,72,caught,17.0
980917,2,16,1,415,caught,400.0
980917,2,18,2,311,caught,17.0
980917,2,18,4,14,caught,17.0
980919,1,2,1,86,bowled,
980919,1,7,6,159,caught,346.0
980919,1,10,1,281,caught,364.0
980919,1,17,5,307,caught,321.0
980919,1,19,1,304,caught and bowled,
980919,1,19,2,20,caught,306.0
980919,1,19,6,29,run out,
980919,2,12,2,346,lbw,
980919,2,14,1,101,bowled,
980919,2,14,6,186,caught,20.0
980919,2,16,2,321,caught,159.0
980921,1,0,3,163,caught,155.0
980921,1,11,2,111,caught,348.0
980921,1,16,2,32,caught,351.0
980921,1,16,5,402,run out,348.0
980921,1,18,1,8,caught,394.0
980921,2,0,6,394,caught,401.0
980921,2,5,4,352,caught,383.0
980921,2,18,2,356,caught,236.0
980923,1,0,4,416,caught,184.0
980923,1,3,6,17,bowled,
980923,1,7,1,57,run out,
980923,1,10,4,408,caught,184.0
980923,1,17,1,209,caught,164.0
980923,1,18,5,400,bowled,
980923,2,0,5,42,bowled,
980923,2,10,1,164,caught,17.0
980923,2,14,2,217,caught,400.0
980925,1,3,4,346,caught,277.0
980925,1,7,5,186,bowled,
980925,1,10,4,63,caught,46.0
980925,1,12,1,321,caught,46.0
980925,1,14,5,306,caught,68.0
980925,1,16,6,375,caught,309.0
980925,1,17,6,364,caught,46.0
980925,1,18,3,413,run out,
980925,2,8,3,46,lbw,
980925,2,10,5,40,caught,306.0
980925,2,13,1,97,bowled,
980925,2,15,5,277,caught,368.0
980927,1,3,5,355,caught,50.0
980927,1,10,2,8,caught,378.0
980927,1,10,6,111,stumped,17.0
980927,1,13,3,32,caught,17.0
980927,1,19,1,418,run out,
980927,1,19,4,402,caught,414.0
980927,1,19,5,256,caught,400.0
980927,2,1,1,17,caught,111.0
980927,2,10,2,209,caught,363.0
980927,2,12,6,57,caught,111.0
980927,2,15,4,408,caught,32.0
980929,1,0,4,255,bowled,
980929,1,7,2,2,caught,395.0
980929,1,9,6,89,caught,300.0
980929,1,13,1,72,caught,300.0
980929,1,16,5,35,bowled,
980929,1,19,2,21,caught,164.0
980929,1,19,3,415,caught,229.0
980929,1,19,6,95,caught,217.0
980931,1,3,4,355,caught,85.0
980931,1,19,3,8,caught,86.0
980931,1,19,4,111,caught,315.0
980931,2,1,4,304,caught,312.0
980931,2,1,5,159,retired hurt,
980931,2,2,3,307,run out,8.0
980931,2,14,4,86,stumped,355.0
980931,2,15,5,20,caught,111.0
980931,2,18,3,281,caught,238.0
980931,2,18,5,202,caught,312.0
980931,2,19,3,90,caught,32.0
980931,2,19,4,419,caught,111.0
980933,1,1,6,356,caught,400.0
980933,1,6,6,394,caught,209.0
980933,1,7,6,340,caught,378.0
980933,1,16,3,352,caught,378.0
980933,2,1,4,17,run out,
980933,2,8,3,209,bowled,
980933,2,12,4,414,run out,15.0
980933,2,14,3,408,lbw,
980933,2,18,6,222,caught,351.0
980933,2,19,3,57,run out,
980933,2,19,4,50,lbw,
980935,1,2,1,186,caught,184.0
980935,1,5,5,346,run out,42.0
980935,1,9,2,321,caught,184.0
980935,1,9,6,306,caught,480.0
980935,1,13,3,101,lbw,
980935,1,19,2,420,caught,164.0
980935,2,9,5,188,caught,321.0
980935,2,9,6,208,run out,
980935,2,13,6,42,caught,420.0
980935,2,16,5,217,caught,346.0
980935,2,16,6,395,run out,321.0
980937,1,1,4,32,caught,35.0
980937,1,7,4,111,caught,21.0
980937,2,5,2,147,caught,111.0
980937,2,8,2,2,caught and bowled,
980937,2,15,4,21,caught,138.0
980937,2,19,2,35,caught,355.0
980939,1,3,6,304,bowled,
980939,1,12,2,307,run out,210.0
980939,1,14,5,281,bowled,
980939,1,17,1,86,caught and bowled,
980939,1,18,1,110,bowled,
980939,2,0,1,46,lbw,
980939,2,2,5,40,run out,
980939,2,6,3,277,bowled,
980939,2,14,2,31,lbw,
980939,2,15,5,309,lbw,
980939,2,17,5,335,caught,304.0
980939,2,18,4,210,bowled,
980939,2,19,2,68,caught,307.0
980941,1,0,2,57,caught,420.0
980941,1,14,3,209,caught,346.0
980941,1,17,5,408,bowled,
980941,1,18,4,17,caught,101.0
980941,1,19,5,222,caught,368.0
980941,1,19,6,400,caught,321.0
980941,2,2,5,186,caught,408.0
980941,2,4,5,346,caught,408.0
980941,2,14,6,101,caught,209.0
980941,2,17,1,306,bowled,
980941,2,17,5,420,bowled,
980941,2,18,3,375,bowled,
980941,2,18,6,358,bowled,
980943,1,0,4,188,caught,86.0
980943,1,4,6,208,caught,281.0
980943,1,5,3,217,caught,20.0
980943,1,7,1,395,caught,20.0
980943,1,8,1,164,caught,20.0
980943,1,16,4,184,bowled,
980943,1,18,1,229,run out,281.0
980943,1,19,4,300,caught,304.0
980943,2,0,5,86,caught,217.0
980943,2,9,1,304,caught,184.0
980943,2,10,6,20,caught,208.0
980945,1,10,4,147,lbw,
980945,1,11,2,2,bowled,
980945,1,11,6,21,caught,340.0
980945,1,14,3,35,caught,356.0
980945,1,16,4,411,caught,155.0
980945,1,16,5,89,caught,155.0
980945,2,1,3,352,caught,311.0
980945,2,3,4,356,caught,21.0
980945,2,3,6,340,caught,371.0
980945,2,10,4,421,caught,14.0
980945,2,17,1,155,caught and bowled,
980947,1,7,4,46,caught,222.0
980947,1,8,5,277,caught,17.0
980947,1,13,5,40,caught,222.0
980947,1,15,5,309,caught and bowled,
980947,1,17,2,335,bowled,
980947,2,1,1,17,caught,31.0
980947,2,6,5,209,caught,309.0
980947,2,8,6,414,bowled,
980947,2,12,6,408,caught,337.0
980949,1,2,3,80,run out,21.0
980949,1,13,4,86,run out,72.0
980949,1,19,3,307,bowled,
980949,2,8,1,2,caught,110.0
980949,2,10,5,147,bowled,
980949,2,16,2,89,caught,86.0
980949,2,18,2,72,caught,20.0
980949,2,18,3,35,run out,20.0
980949,2,19,3,21,bowled,
980949,2,19,4,411,run out,80.0
980951,1,0,3,394,lbw,
980951,1,0,5,356,caught,317.0
980951,1,4,6,352,lbw,
980951,1,16,2,340,lbw,
980951,1,16,4,351,bowled,
980951,1,18,4,422,bowled,
980951,1,19,2,409,caught,316.0
980951,1,19,6,421,run out,
980951,2,2,6,40,caught,394.0
980951,2,4,4,68,lbw,
980951,2,7,5,31,caught,134.0
980951,2,11,2,309,caught,394.0
980951,2,13,3,210,caught,351.0
980951,2,16,6,335,caught and bowled,
980951,2,17,2,392,run out,351.0
980951,2,17,4,46,caught,340.0
980951,2,18,2,316,run out,394.0
980951,2,18,3,233,caught,351.0
980953,1,3,4,42,caught and bowled,
980953,1,15,5,188,caught,111.0
980953,1,16,5,397,caught,355.0
980953,1,17,2,184,caught,111.0
980953,1,19,1,395,run out,
980953,2,5,2,8,caught,326.0
980953,2,9,6,355,caught,184.0
980953,2,11,2,32,run out,430.0
980953,2,14,4,111,caught,397.0
980953,2,17,1,370,caught,42.0
980953,2,19,6,367,caught,164.0
980955,1,6,4,410,stumped,89.0
980955,1,7,5,101,caught,21.0
980955,1,7,6,306,caught,89.0
980955,1,8,5,330,run out,
980955,1,13,1,186,caught,72.0
980955,1,17,2,321,caught,147.0
980955,1,18,2,375,caught,411.0
980955,1,18,5,63,bowled,
980955,1,19,3,364,bowled,
980955,1,19,5,423,bowled,
980955,2,1,4,2,bowled,
980955,2,4,6,21,bowled,
980955,2,6,3,147,caught,330.0
980955,2,6,5,89,bowled,
980955,2,6,6,72,bowled,
980955,2,10,1,35,caught,63.0
980955,2,14,5,411,run out,
980955,2,18,6,14,caught,423.0
980955,2,19,2,311,caught,321.0
980957,1,1,5,86,caught,414.0
980957,1,9,2,307,caught,17.0
980957,1,12,1,424,caught,408.0
980957,1,17,3,80,caught,400.0
980957,1,19,2,20,caught,209.0
980957,2,3,6,17,caught,20.0
980957,2,11,4,209,caught,86.0
980959,1,1,3,163,caught,46.0
980959,1,11,1,355,caught,31.0
980959,1,13,4,111,lbw,
980959,1,16,4,8,caught,335.0
980959,1,18,6,370,caught and bowled,
980959,1,19,5,256,caught,97.0
980959,1,19,6,32,run out,
980959,2,0,6,46,caught,8.0
980959,2,4,4,337,bowled,
980959,2,8,6,40,lbw,
980959,2,10,1,97,caught,370.0
980959,2,17,3,335,caught,256.0
980961,1,2,5,2,bowled,
980961,1,3,1,147,caught,351.0
980961,1,3,6,255,caught,421.0
980961,1,10,6,21,stumped,356.0
980961,1,17,3,89,bowled,
980961,1,18,6,311,bowled,
980961,1,19,6,411,run out,
980961,2,13,3,421,caught,89.0
980961,2,14,5,356,caught,147.0
980963,1,13,3,40,run out,
980963,1,16,5,46,run out,
980963,1,19,6,335,run out,
980963,2,0,4,410,caught,68.0
980963,2,2,6,346,caught,277.0
980963,2,3,1,186,caught,277.0
980963,2,8,6,63,bowled,
980963,2,15,4,306,lbw,
980963,2,17,3,321,caught,210.0
980963,2,19,2,375,run out,
980963,2,19,3,330,run out,
980963,2,19,5,425,lbw,
980965,1,2,4,421,bowled,
980965,1,5,6,352,caught,202.0
980965,1,9,4,340,caught,281.0
980965,1,14,4,422,caught,86.0
980965,1,16,5,409,caught,281.0
980965,1,16,6,155,run out,
980965,1,17,5,426,run out,80.0
980965,2,8,2,427,stumped,352.0
980965,2,13,2,80,caught,422.0
980965,2,18,1,20,caught,422.0
980967,1,2,4,147,caught,480.0
980967,1,4,6,21,caught and bowled,
980967,1,5,4,89,caught,397.0
980967,1,7,4,2,caught,188.0
980967,1,14,1,72,caught,445.0
980967,1,18,1,35,caught,300.0
980967,2,3,1,188,caught,14.0
980967,2,4,5,397,caught,147.0
980967,2,9,2,164,caught,89.0
980967,2,13,6,27,caught,115.0
980967,2,17,2,395,caught,89.0
980969,1,2,2,427,run out,
980969,1,14,1,80,stumped,355.0
980969,1,15,4,20,caught,367.0
980969,1,17,6,281,caught,32.0
980969,1,18,1,86,bowled,
980969,1,18,5,198,caught,355.0
980969,2,11,1,355,caught,198.0
980969,2,11,6,111,caught,281.0
980969,2,15,3,32,lbw,
980971,1,5,4,186,caught,409.0
980971,1,6,6,428,run out,
980971,1,13,5,410,caught,352.0
980971,1,17,6,306,bowled,
980971,1,18,1,63,caught,351.0
980971,2,7,5,356,caught,375.0
980971,2,13,4,352,caught,306.0
980971,2,15,3,340,caught,321.0
980971,2,16,5,422,caught,63.0
980971,2,17,5,409,caught,330.0
980973,1,9,5,188,caught,222.0
980973,1,11,3,397,caught,57.0
980973,1,19,4,27,hit wicket,
980973,2,0,6,17,lbw,
980973,2,1,1,57,bowled,
980973,2,3,4,209,caught,397.0
980973,2,3,6,408,caught,184.0
980973,2,4,2,414,caught,42.0
980973,2,8,4,222,caught,430.0
980973,2,9,1,400,caught,184.0
980973,2,11,1,378,caught,184.0
980973,2,13,6,403,caught,164.0
980973,2,16,3,376,caught,184.0
980975,1,2,1,40,bowled,
980975,1,2,3,97,caught,89.0
980975,1,3,3,46,caught,89.0
980975,1,5,5,309,caught,21.0
980975,2,5,3,147,bowled,
980975,2,7,5,2,caught,97.0
980975,2,13,5,21,caught,317.0
980975,2,16,3,89,stumped,46.0
980975,2,17,4,255,run out,97.0
980977,1,7,3,355,bowled,
980977,1,7,5,8,caught,186.0
980977,1,8,4,32,bowled,
980977,1,17,5,111,caught,423.0
980977,1,19,5,418,caught,186.0
980977,1,19,6,370,run out,
980977,2,5,3,428,caught,256.0
980977,2,10,5,63,run out,355.0
980977,2,10,6,321,stumped,355.0
980977,2,16,6,186,caught,383.0
980979,1,3,2,188,caught,20.0
980979,1,10,2,42,caught,80.0
980979,1,15,2,27,caught,80.0
980979,1,17,4,397,caught,90.0
980979,1,17,5,164,caught,90.0
980979,1,19,2,395,stumped,20.0
980979,1,19,4,184,bowled,
980979,1,19,6,300,caught,80.0
980979,2,0,3,86,caught,184.0
980979,2,3,6,427,run out,
980979,2,11,6,198,caught,74.0
980979,2,13,2,202,caught,184.0
980979,2,14,6,80,caught,42.0
980979,2,19,3,281,caught,164.0
980979,2,19,5,20,run out,
980979,2,19,6,431,caught,184.0
980981,1,1,1,8,caught,50.0
980981,1,3,4,163,caught,57.0
980981,1,10,1,111,caught,209.0
980981,1,15,3,32,run out,57.0
980981,2,1,1,17,caught,32.0
980981,2,9,3,57,caught,111.0
980981,2,12,6,432,caught,256.0
980981,2,15,1,209,caught,111.0
980983,1,8,5,188,bowled,
980983,1,12,6,42,caught,352.0
980983,1,14,6,27,caught,421.0
980983,1,15,2,164,lbw,
980983,1,17,5,395,hit wicket,
980983,1,18,3,397,bowled,
980983,1,18,6,300,run out,351.0
980983,1,19,5,184,caught,352.0
980983,2,3,1,261,caught,27.0
980983,2,9,2,340,bowled,
980983,2,9,5,356,caught,184.0
980985,1,1,6,263,caught,330.0
980985,1,2,5,209,bowled,
980985,1,8,5,57,bowled,
980985,1,10,4,432,caught,63.0
980985,1,13,3,408,caught,330.0
980985,1,16,4,414,caught,375.0
980985,1,16,5,222,bowled,
980985,1,17,2,378,caught,330.0
980985,1,18,3,403,caught,321.0
980985,2,0,6,428,lbw,
980985,2,15,4,63,bowled,
980985,2,15,5,306,caught,222.0
980987,1,3,5,163,bowled,
980987,1,19,5,8,caught,72.0
980987,1,19,6,32,caught,89.0
980987,2,1,5,147,bowled,
980987,2,4,6,2,caught,111.0
980987,2,6,5,89,caught,111.0
980987,2,6,6,35,caught and bowled,
980987,2,7,5,72,lbw,
980987,2,11,2,415,bowled,
980987,2,12,1,14,bowled,
980987,2,12,5,81,bowled,
980987,2,18,3,255,caught,271.0
980987,2,18,4,433,caught,271.0
980989,1,2,4,86,bowled,
980989,1,4,3,427,caught,309.0
980989,1,9,4,80,caught,46.0
980989,1,10,3,198,stumped,46.0
980989,1,13,5,29,run out,
980989,1,16,2,281,caught,97.0
980989,2,0,2,46,stumped,20.0
980989,2,0,3,40,lbw,
980991,1,4,2,186,caught,188.0
980991,1,11,1,63,caught,395.0
980991,1,17,2,330,bowled,
980991,1,19,4,428,caught,188.0
980991,2,7,6,42,run out,364.0
980991,2,12,1,188,hit wicket,
980991,2,15,6,395,caught,321.0
980993,1,6,3,57,caught,421.0
980993,1,14,5,416,caught,340.0
980993,1,17,2,414,bowled,
980993,1,17,5,222,caught,356.0
980993,2,1,3,261,bowled,
980993,2,4,4,340,caught,376.0
980993,2,7,5,352,run out,
980993,2,9,2,356,caught,408.0
980993,2,12,5,155,caught,408.0
980993,2,12,6,421,bowled,
980993,2,15,3,134,bowled,
980993,2,16,4,351,run out,
980993,2,17,6,387,run out,82.0
980993,2,19,1,15,bowled,
980995,1,2,2,46,caught and bowled,
980995,1,10,3,40,run out,
980995,1,13,4,97,caught,111.0
980995,1,14,1,31,stumped,355.0
980995,1,15,2,309,caught,138.0
980995,2,7,3,163,lbw,
980997,1,2,1,356,lbw,
980997,1,4,5,394,caught,427.0
980997,1,9,6,352,stumped,20.0
980997,1,12,6,421,caught,281.0
980997,1,14,3,340,lbw,
980997,1,18,2,155,caught,29.0
980997,2,3,4,427,caught,394.0
980999,1,10,6,163,caught,321.0
980999,1,11,4,111,bowled,
980999,1,13,6,8,caught,321.0
980999,2,1,4,186,bowled,
980999,2,3,4,63,lbw,
980999,2,4,4,428,caught,435.0
980999,2,5,1,321,caught,111.0
980999,2,7,3,375,caught,8.0
980999,2,8,2,429,caught,111.0
980999,2,8,5,417,caught,111.0
980999,2,10,5,330,caught,163.0
980999,2,12,2,364,run out,
981001,1,3,1,40,run out,187.0
981001,1,4,2,97,caught,21.0
981001,1,6,2,46,caught,89.0
981001,1,9,2,68,bowled,
981001,1,11,3,277,caught,434.0
981001,1,16,5,309,caught,81.0
981001,1,18,2,31,caught,21.0
981001,1,19,3,392,caught,255.0
981001,2,0,1,147,caught,46.0
981001,2,1,2,2,lbw,
981001,2,3,5,89,bowled,
981001,2,9,5,255,run out,
981003,1,5,6,42,run out,409.0
981003,1,6,4,395,run out,134.0
981003,1,9,3,27,bowled,
981003,1,13,3,164,caught,323.0
981003,1,15,2,188,caught,134.0
981003,1,17,3,217,caught,409.0
981003,1,19,6,300,run out,
981003,2,1,5,356,caught,184.0
981003,2,11,4,421,run out,300.0
981003,2,16,1,155,caught,188.0
981003,2,18,2,409,caught,430.0
981005,1,7,3,428,caught,198.0
981005,1,8,3,63,caught,202.0
981005,1,15,4,186,bowled,
981005,1,17,3,330,caught,444.0
981005,1,17,5,321,lbw,
981005,1,18,6,429,caught,86.0
981005,1,19,1,375,caught,80.0
981005,2,4,4,86,caught,63.0
981005,2,6,6,198,stumped,63.0
981005,2,11,2,80,caught,429.0
981005,2,11,5,427,caught,321.0
981005,2,13,2,29,caught,63.0
981005,2,18,1,281,caught,63.0
981007,1,3,5,57,caught,187.0
981007,1,4,3,416,caught,72.0
981007,1,4,6,414,caught,255.0
981007,1,13,5,408,caught and bowled,
981007,1,16,6,432,caught,81.0
981007,1,17,5,222,caught,147.0
981007,1,19,2,50,caught,21.0
981007,1,19,6,400,caught,35.0
981007,2,0,2,255,lbw,
981007,2,9,2,2,bowled,
981007,2,10,6,89,caught,408.0
981007,2,12,2,21,caught,408.0
981009,1,3,4,46,caught,397.0
981009,1,5,6,412,caught,184.0
981009,1,7,3,40,caught,164.0
981009,1,15,4,97,caught,397.0
981009,1,16,4,392,caught,164.0
981009,1,19,1,277,caught,184.0
981009,2,3,3,188,bowled,
981009,2,11,3,42,caught,412.0
981009,2,12,1,184,caught,46.0
981009,2,14,3,27,caught,210.0
981009,2,15,1,395,run out,
981009,2,15,4,397,caught,309.0
981009,2,17,6,164,bowled,
981009,2,19,1,300,caught,210.0
981011,1,1,2,421,caught,355.0
981011,1,5,3,340,caught,8.0
981011,1,9,3,352,caught,355.0
981011,1,11,2,422,caught,163.0
981011,1,14,3,323,caught,111.0
981011,1,14,6,409,caught,32.0
981011,1,16,1,356,caught,435.0
981011,1,19,6,426,run out,
981011,2,1,1,163,bowled,
981011,2,2,4,111,caught,426.0
981011,2,10,1,355,bowled,
981011,2,14,6,32,caught,422.0
981013,1,1,1,2,caught,111.0
981013,1,1,4,255,caught,163.0
981013,1,3,4,21,caught,271.0
981013,1,13,5,89,bowled,
981013,1,15,5,35,caught,163.0
981013,1,16,3,147,caught,8.0
981013,1,18,3,434,caught,8.0
981013,1,18,4,72,bowled,
981013,1,19,3,14,bowled,
981013,1,19,6,81,run out,
981013,2,1,2,8,bowled,
981013,2,3,2,163,bowled,
981013,2,3,3,355,caught,147.0
981013,2,4,5,32,caught,147.0
981013,2,5,3,370,caught,187.0
981013,2,9,4,256,lbw,
981015,1,1,6,42,bowled,
981015,1,9,4,164,caught and bowled,
981015,1,9,5,188,bowled,
981015,1,15,5,395,run out,455.0
981015,1,16,1,386,stumped,46.0
981015,1,18,3,27,bowled,
981015,1,18,5,184,caught,46.0
981015,1,19,5,300,caught,97.0
981015,2,1,5,46,caught,164.0
981015,2,6,6,412,run out,27.0
981015,2,9,1,40,caught,445.0
981015,2,10,5,31,caught,300.0
981015,2,15,5,309,caught,42.0
981015,2,17,2,97,caught,395.0
981015,2,19,2,210,bowled,
981015,2,19,5,392,caught,386.0
981017,1,0,6,434,caught,461.0
981017,1,3,2,21,lbw,
981017,1,8,5,89,run out,461.0
981017,1,11,6,2,caught,300.0
981017,1,12,4,147,caught,42.0
981017,1,17,3,255,bowled,
981017,1,19,3,72,bowled,
981017,2,1,1,42,run out,2.0
981017,2,4,1,164,caught,434.0
981017,2,8,2,27,caught,147.0
981017,2,11,1,395,lbw,
981017,2,12,3,386,caught,89.0
981017,2,15,5,184,caught,35.0
981019,1,6,4,42,caught,435.0
981019,1,9,5,164,caught,383.0
981019,1,13,3,188,caught,138.0
981019,1,15,6,395,caught,8.0
981019,1,16,1,27,caught,32.0
981019,1,17,1,184,run out,32.0
981019,1,18,4,229,caught,383.0
981019,2,10,3,163,caught,229.0
981019,2,12,5,8,bowled,
981019,2,13,5,111,caught,164.0
981019,2,15,3,355,bowled,
981019,2,16,3,32,caught,164.0
981019,2,18,1,256,run out,
981019,2,19,3,435,run out,184.0
1082591,1,1,4,188,caught,238.0
1082591,1,10,3,42,caught,370.0
1082591,1,15,2,164,caught,370.0
1082591,1,18,4,27,bowled,
1082591,2,5,4,238,bowled,
1082591,2,6,3,163,caught,188.0
1082591,2,11,4,236,run out,386.0
1082591,2,12,5,418,caught,27.0
1082591,2,13,4,370,caught,164.0
1082591,2,16,5,256,caught,27.0
1082591,2,17,3,32,caught,164.0
1082591,2,17,4,271,bowled,
1082591,2,18,5,436,caught,188.0
1082591,2,19,4,383,run out,435.0
1082592,1,4,2,17,bowled,
1082592,1,6,3,57,bowled,
1082592,1,6,5,408,lbw,
1082592,1,11,1,209,caught and bowled,
1082592,1,13,2,414,caught,20.0
1082592,1,15,3,432,caught,90.0
1082592,1,18,2,222,caught,261.0
1082592,1,19,6,378,run out,
1082592,2,3,1,261,caught,57.0
1082592,2,10,1,86,caught,432.0
1082592,2,15,2,438,caught,378.0
1082593,1,3,1,439,caught,31.0
1082593,1,8,1,2,lbw,
1082593,1,10,2,255,caught,309.0
1082593,1,19,5,89,caught,309.0
1082594,1,0,5,261,bowled,
1082594,1,6,2,86,caught,410.0
1082594,1,8,1,307,caught,346.0
1082594,1,11,2,20,caught and bowled,
1082594,1,17,3,438,caught and bowled,
1082594,1,19,5,259,caught,306.0
1082594,2,2,5,346,caught,88.0
1082594,2,5,2,63,bowled,
1082594,2,10,4,428,caught,438.0
1082594,2,11,1,375,caught and bowled,
1082595,1,3,2,163,caught,352.0
1082595,1,5,5,238,bowled,
1082595,1,8,4,32,stumped,421.0
1082595,1,14,6,256,caught,422.0
1082595,1,16,4,440,run out,
1082595,1,16,6,236,caught,351.0
1082595,1,19,3,323,bowled,
1082595,1,19,6,436,bowled,
1082595,2,4,4,208,bowled,
1082595,2,5,3,340,bowled,
1082595,2,7,3,422,caught,469.0
1082595,2,10,5,352,caught,256.0
1082595,2,12,6,351,lbw,
1082595,2,14,5,409,bowled,
1082595,2,16,2,405,bowled,
1082595,2,19,1,421,bowled,
1082595,2,19,3,294,caught and bowled,
1082596,1,4,5,2,lbw,
1082596,1,5,2,439,caught,42.0
1082596,1,6,2,255,lbw,
1082596,1,8,6,21,lbw,
1082596,1,16,4,147,caught,445.0
1082596,1,17,2,89,caught,184.0
1082596,1,17,4,81,run out,446.0
1082596,2,3,1,42,caught,2.0
1082597,1,4,2,40,caught,403.0
1082597,1,4,5,46,caught,400.0
1082597,1,7,3,337,lbw,
1082597,1,11,4,31,caught,400.0
1082597,1,16,1,309,caught,222.0
1082597,1,18,1,442,caught,222.0
1082597,1,19,6,316,lbw,
1082597,2,7,3,17,lbw,
1082597,2,8,3,408,lbw,
1082597,2,9,5,57,lbw,
1082597,2,12,1,414,caught,46.0
1082597,2,16,1,222,caught,357.0
1082597,2,18,3,432,caught,316.0
1082598,1,0,6,32,bowled,
1082598,1,3,3,440,caught,306.0
1082598,1,4,6,236,lbw,
1082598,1,13,1,238,caught,63.0
1082598,2,5,6,346,lbw,
1082598,2,8,1,375,bowled,
1082599,1,1,1,208,caught,20.0
1082599,1,8,1,422,bowled,
1082599,1,15,2,421,run out,261.0
1082599,1,18,2,352,bowled,
1082599,2,2,6,86,caught,352.0
1082599,2,4,5,261,caught,351.0
1082599,2,5,5,443,caught,294.0
1082599,2,6,4,304,caught,421.0
1082599,2,7,5,438,caught,421.0
1082599,2,11,6,20,caught,340.0
1082599,2,13,1,90,caught,351.0
1082599,2,14,1,444,caught,421.0
1082599,2,15,3,431,caught,352.0
1082599,2,16,1,107,caught,134.0
1082600,1,10,2,188,caught,17.0
1082600,1,13,1,395,caught,222.0
1082600,1,14,5,42,bowled,
1082600,1,15,3,27,bowled,
1082600,1,17,4,386,bowled,
1082600,1,18,1,445,caught,432.0
1082600,1,19,1,184,caught,222.0
1082600,1,19,4,446,caught and bowled,
1082600,2,3,1,408,bowled,
1082600,2,4,5,57,lbw,
1082600,2,9,4,17,caught,300.0
1082600,2,13,4,222,caught,42.0
1082600,2,17,1,414,caught,386.0
1082600,2,17,6,432,bowled,
1082601,1,5,1,346,bowled,
1082601,1,7,4,410,bowled,
1082601,1,11,4,428,caught,40.0
1082601,1,12,1,306,caught,46.0
1082601,1,17,3,321,caught,97.0
1082601,1,17,4,63,caught,442.0
1082601,1,17,6,375,caught,316.0
1082601,1,19,5,364,caught,309.0
1082601,1,19,6,297,caught,40.0
1082601,2,5,4,316,caught,375.0
1082601,2,9,6,46,bowled,
1082602,1,9,2,163,caught,17.0
1082602,1,15,3,8,caught,408.0
1082602,1,16,2,111,caught,57.0
1082602,1,17,6,236,run out,376.0
1082602,1,18,1,238,bowled,
1082602,2,1,5,408,caught,163.0
1082602,2,2,2,17,caught,163.0
1082602,2,2,3,403,caught,238.0
1082602,2,2,4,57,bowled,
1082602,2,7,6,432,caught,271.0
1082602,2,17,3,222,caught,111.0
1082603,1,0,3,86,caught,21.0
1082603,1,5,5,443,caught,255.0
1082603,1,9,2,307,caught,255.0
1082603,1,12,1,438,bowled,
1082603,1,14,2,20,lbw,
1082603,1,19,1,315,caught,2.0
1082603,1,19,2,88,caught,411.0
1082603,1,19,3,407,bowled,
1082603,2,8,5,147,caught,447.0
1082603,2,11,1,2,stumped,20.0
1082603,2,12,5,89,bowled,
1082604,1,2,2,316,bowled,
1082604,1,5,4,40,bowled,
1082604,1,14,2,46,caught,446.0
1082604,1,17,4,97,caught,188.0
1082604,1,18,5,309,caught,184.0
1082604,1,19,4,449,bowled,
1082604,2,6,4,42,caught,449.0
1082604,2,9,5,188,caught,442.0
1082604,2,10,4,164,caught and bowled,
1082604,2,13,2,395,stumped,46.0
1082604,2,14,5,27,caught,357.0
1082604,2,17,1,386,caught,449.0
1082605,1,6,5,352,caught,217.0
1082605,1,7,3,340,caught,63.0
1082605,1,11,5,394,caught,217.0
1082605,1,12,5,422,caught,321.0
1082605,1,15,1,421,caught,217.0
1082605,1,17,5,351,caught,364.0
1082605,2,1,4,346,lbw,
1082605,2,3,2,63,caught,15.0
1082605,2,4,4,428,caught,422.0
1082605,2,9,6,217,caught,340.0
1082605,2,10,3,306,caught,422.0
1082605,2,13,4,321,lbw,
1082605,2,18,5,364,bowled,
1082605,2,19,1,423,bowled,
1082605,2,19,6,375,bowled,
1082606,1,0,2,147,caught,432.0
1082606,1,11,1,21,caught,57.0
1082606,1,13,4,2,bowled,
1082606,1,17,4,411,caught,414.0
1082606,2,0,2,17,caught,439.0
1082606,2,9,2,432,caught,89.0
1082606,2,11,1,408,caught,2.0
1082606,2,18,1,222,caught,35.0
1082607,1,7,4,86,bowled,
1082607,1,8,2,443,caught,8.0
1082607,1,15,6,20,bowled,
1082607,1,16,1,307,bowled,
1082607,1,16,5,259,caught,238.0
1082607,1,17,1,438,bowled,
1082607,1,17,2,407,caught,111.0
1082607,1,19,6,88,run out,
1082607,2,1,5,238,caught,20.0
1082607,2,5,3,8,caught,86.0
1082607,2,10,2,111,stumped,20.0
1082607,2,14,5,236,bowled,
1082607,2,15,5,32,bowled,
1082607,2,17,3,323,caught,443.0
1082607,2,17,6,256,bowled,
1082607,2,18,2,451,bowled,
1082607,2,19,3,450,bowled,
1082608,1,6,1,422,caught,46.0
1082608,1,7,5,352,caught,46.0
1082608,1,13,2,394,run out,
1082608,1,14,6,340,bowled,
1082608,1,17,2,192,bowled,
1082608,1,18,1,421,caught,40.0
1082608,1,19,5,351,caught,233.0
1082608,2,0,5,449,caught,422.0
1082608,2,1,6,46,caught,421.0
1082608,2,2,5,40,caught,192.0
1082608,2,14,5,31,caught and bowled,
1082608,2,17,5,309,caught,15.0
1082608,2,19,2,442,stumped,421.0
1082609,1,4,6,42,caught,63.0
1082609,1,9,1,164,stumped,63.0
1082609,1,9,2,27,caught,63.0
1082609,1,15,3,184,stumped,63.0
1082609,1,18,4,395,caught,368.0
1082609,1,19,3,452,caught,321.0
1082609,2,0,1,428,lbw,
1082609,2,2,5,306,caught,188.0
1082609,2,8,1,217,bowled,
1082609,2,9,4,321,bowled,
1082609,2,9,6,63,bowled,
1082609,2,13,4,375,caught,42.0
1082609,2,16,2,364,caught,42.0
1082609,2,18,1,423,bowled,
1082609,2,18,3,346,lbw,
1082609,2,19,4,85,bowled,
1082610,1,12,4,163,lbw,
1082610,1,15,5,8,caught,147.0
1082610,2,1,2,147,caught,238.0
1082610,2,3,6,21,caught,32.0
1082610,2,9,4,255,stumped,236.0
1082610,2,10,6,89,caught,8.0
1082610,2,14,4,2,caught,450.0
1082610,2,17,4,35,run out,
1082610,2,19,4,411,caught,383.0
1082611,1,1,5,188,caught,134.0
1082611,1,16,1,397,caught,394.0
1082611,1,18,1,42,caught,192.0
1082611,1,18,2,27,bowled,
1082611,2,1,5,422,caught,395.0
1082611,2,9,2,340,run out,
1082611,2,9,5,421,caught,188.0
1082611,2,13,1,352,caught,164.0
1082611,2,19,5,192,caught,435.0
1082612,1,5,5,101,caught,222.0
1082612,1,10,6,63,bowled,
1082612,1,16,3,306,bowled,
1082612,1,17,2,410,caught,222.0
1082612,2,5,5,17,caught,306.0
1082612,2,13,1,408,caught,306.0
1082613,1,3,2,316,caught,311.0
1082613,1,11,3,40,caught,21.0
1082613,1,18,2,46,caught,2.0
1082613,1,19,3,97,bowled,
1082613,1,19,5,309,run out,
1082613,2,3,3,255,caught,97.0
1082613,2,6,2,2,caught,97.0
1082613,2,7,2,89,caught,40.0
1082613,2,11,4,411,caught,233.0
1082613,2,12,4,147,bowled,
1082613,2,17,5,21,caught,97.0
1082614,1,3,6,17,bowled,
1082614,1,5,1,408,run out,352.0
1082614,1,7,2,432,caught,373.0
1082614,1,8,1,57,caught,405.0
1082614,1,12,4,414,caught,421.0
1082614,1,17,1,222,caught,352.0
1082614,1,18,6,50,run out,454.0
1082614,1,19,3,400,run out,
1082614,2,0,4,208,run out,400.0
1082614,2,1,2,352,caught,57.0
1082614,2,3,3,394,caught,17.0
1082614,2,3,6,373,lbw,
1082614,2,5,3,421,caught,50.0
1082614,2,6,3,340,bowled,
1082614,2,18,4,454,bowled,
1082615,1,8,1,42,caught,443.0
1082615,1,12,3,397,lbw,
1082615,1,16,3,188,bowled,
1082615,2,3,1,86,caught,369.0
1082615,2,10,5,307,bowled,
1082615,2,13,1,443,run out,446.0
1082615,2,16,1,438,caught,445.0
1082616,1,1,2,346,caught,89.0
1082616,1,9,2,101,caught,21.0
1082616,1,13,6,428,caught and bowled,
1082616,1,14,2,306,lbw,
1082616,1,17,5,410,caught,2.0
1082616,1,18,4,375,caught,255.0
1082616,1,19,6,63,run out,441.0
1082616,2,0,6,2,lbw,
1082616,2,5,4,255,caught,410.0
1082616,2,8,6,21,caught,306.0
1082616,2,11,6,35,caught and bowled,
1082616,2,12,6,147,caught,410.0
1082616,2,13,1,415,lbw,
1082616,2,16,4,453,bowled,
1082617,1,3,4,40,caught,236.0
1082617,1,5,4,316,caught,383.0
1082617,1,6,2,46,lbw,
1082617,1,9,2,31,stumped,236.0
1082617,1,11,1,97,caught,451.0
1082617,1,11,3,449,caught,8.0
1082617,1,16,3,442,caught,238.0
1082617,1,17,3,372,caught,111.0
1082617,1,17,4,309,caught,436.0
1082617,1,19,3,455,bowled,
1082617,2,0,3,8,caught,97.0
1082617,2,1,2,238,caught,97.0
1082617,2,2,3,111,caught,46.0
1082617,2,4,1,236,caught,442.0
1082617,2,6,2,163,caught,372.0
1082617,2,6,5,256,caught,46.0
1082617,2,7,3,323,lbw,
1082617,2,8,3,451,lbw,
1082617,2,9,1,436,caught,455.0
1082617,2,9,4,383,caught,97.0
1082618,1,9,3,86,caught and bowled,
1082618,1,11,3,443,caught,222.0
1082618,1,12,6,307,bowled,
1082618,1,16,1,438,bowled,
1082618,1,17,3,20,bowled,
1082618,1,19,4,88,lbw,
1082618,2,4,2,408,caught,456.0
1082618,2,7,2,432,caught,347.0
1082618,2,8,6,17,bowled,
1082618,2,12,1,167,bowled,
1082618,2,16,1,222,caught,307.0
1082618,2,19,1,400,caught,438.0
1082618,2,19,4,57,caught and bowled,
1082618,2,19,5,403,run out,
1082620,1,7,5,443,bowled,
1082620,1,13,3,86,stumped,46.0
1082620,1,17,2,20,stumped,46.0
1082620,1,17,5,88,stumped,46.0
1082620,1,19,6,259,caught,97.0
1082620,2,2,4,316,run out,
1082620,2,16,5,46,caught,443.0
1082620,2,17,4,40,caught,407.0
1082621,1,3,5,8,caught,255.0
1082621,1,4,1,163,caught,89.0
1082621,1,4,2,418,caught,21.0
1082621,1,8,4,236,bowled,
1082621,1,9,3,111,run out,35.0
1082621,1,13,4,323,caught,441.0
1082621,1,14,3,451,caught,411.0
1082621,1,15,5,238,caught,35.0
1082621,1,19,4,271,caught,2.0
1082621,1,19,6,383,run out,
1082621,2,2,3,411,lbw,
1082621,2,4,1,2,caught,111.0
1082621,2,12,1,255,caught,111.0
1082622,1,4,5,340,lbw,
1082622,1,13,6,352,lbw,
1082622,1,15,1,421,lbw,
1082622,1,15,5,394,lbw,
1082622,1,17,1,373,run out,
1082622,1,19,5,351,caught,442.0
1082622,2,1,2,316,bowled,
1082622,2,12,2,46,run out,340.0
1082622,2,14,5,97,bowled,
1082623,1,9,6,188,bowled,
1082623,1,14,2,42,caught,306.0
1082623,1,17,1,27,caught,375.0
1082623,2,2,2,416,caught,164.0
1082623,2,3,5,346,caught,369.0
1082623,2,4,6,306,caught,74.0
1082623,2,13,1,217,caught,395.0
1082623,2,14,6,63,bowled,
1082623,2,15,4,101,caught,395.0
1082623,2,17,4,375,caught,188.0
1082623,2,19,2,364,caught,395.0
1082623,2,19,6,396,caught,397.0
1082624,1,3,1,86,caught,450.0
1082624,1,8,2,443,caught,236.0
1082624,1,13,5,307,caught,450.0
1082624,2,1,6,418,bowled,
1082624,2,4,4,111,caught,88.0
1082624,2,7,4,236,run out,
1082624,2,8,4,370,caught,307.0
1082624,2,9,5,256,caught,456.0
1082624,2,12,4,323,caught,259.0
1082624,2,14,6,450,caught,307.0
1082624,2,16,5,451,bowled,
1082624,2,17,5,8,caught,261.0
1082625,1,1,6,2,bowled,
1082625,1,4,2,21,caught,222.0
1082625,1,5,5,255,bowled,
1082625,1,8,2,89,stumped,17.0
1082625,1,11,1,411,caught,222.0
1082625,1,13,5,35,caught and bowled,
1082625,1,15,4,29,caught,400.0
1082625,1,18,5,453,run out,376.0
1082625,1,18,6,311,bowled,
1082625,2,3,6,408,run out,311.0
1082625,2,9,4,432,lbw,
1082625,2,13,1,57,caught,89.0
1082625,2,13,5,17,caught,89.0
1082625,2,16,2,222,caught,2.0
1082625,2,18,1,400,caught,411.0
1082625,2,18,5,50,lbw,
1082625,2,18,6,403,run out,29.0
1082625,2,19,3,376,run out,35.0
1082625,2,19,6,414,run out,35.0
1082625,3,0,4,222,caught,255.0
1082625,3,0,5,408,caught,411.0
1082626,1,0,6,422,caught,63.0
1082626,1,2,5,352,caught,364.0
1082626,1,4,6,394,caught and bowled,
1082626,1,6,1,340,bowled,
1082626,1,7,4,421,lbw,
1082626,1,8,4,351,caught and bowled,
1082626,1,14,1,373,bowled,
1082626,1,15,3,454,caught,101.0
1082626,1,16,6,348,caught,368.0
1082626,1,17,1,294,caught and bowled,
1082627,1,12,4,42,run out,455.0
1082627,1,16,2,188,caught,40.0
1082627,1,19,6,397,run out,
1082627,2,1,2,316,caught,188.0
1082627,2,2,3,40,caught,446.0
1082627,2,10,6,97,caught and bowled,
1082627,2,12,3,46,caught,188.0
1082627,2,15,6,31,caught,369.0
1082627,2,18,6,459,caught,446.0
1082627,2,19,6,449,caught,446.0
1082628,1,3,4,238,caught,400.0
1082628,1,5,1,8,caught,57.0
1082628,1,10,3,418,caught,400.0
1082628,1,12,2,111,caught,376.0
1082628,1,13,4,32,bowled,
1082628,1,19,4,323,caught,222.0
1082628,1,19,5,236,caught,222.0
1082628,1,19,6,271,run out,17.0
1082628,2,0,1,17,caught,383.0
1082628,2,7,3,408,caught,418.0
1082628,2,9,2,432,caught,418.0
1082628,2,12,6,222,caught,418.0
1082628,2,13,3,414,retired hurt,
1082628,2,16,3,167,caught,450.0
1082629,1,5,6,411,caught,456.0
1082629,1,7,6,21,run out,
1082629,1,9,5,255,caught and bowled,
1082629,1,9,6,147,bowled,
1082629,1,11,5,2,caught,86.0
1082629,1,14,6,35,caught,347.0
1082629,1,17,2,311,caught,88.0
1082629,1,17,5,115,caught,443.0
1082629,1,19,4,89,run out,20.0
1082629,1,19,5,460,bowled,
1082629,2,0,4,86,lbw,
1082629,2,0,6,307,caught,460.0
1082629,2,1,3,88,lbw,
1082629,2,5,3,443,run out,255.0
1082629,2,16,1,20,caught,2.0
1082630,1,5,2,188,bowled,
1082630,1,8,2,42,caught,394.0
1082630,1,11,4,397,caught,351.0
1082630,2,4,1,352,caught,42.0
1082630,2,7,4,340,caught,300.0
1082630,2,11,4,421,bowled,
1082630,2,15,6,394,caught,474.0
1082631,1,0,6,316,caught and bowled,
1082631,1,3,6,459,hit wicket,
1082631,1,5,5,40,caught,86.0
1082631,1,9,1,31,lbw,
1082631,1,14,1,97,caught,86.0
1082631,1,16,2,449,caught,456.0
1082631,1,17,4,442,run out,
1082631,1,19,3,372,caught,456.0
1082631,2,1,4,86,caught,459.0
1082631,2,4,6,307,bowled,
1082631,2,8,2,88,bowled,
1082631,2,13,3,438,caught and bowled,
1082631,2,16,1,20,caught,459.0
1082631,2,18,4,443,caught,564.0
1082632,1,1,1,2,caught,421.0
1082632,1,1,2,147,run out,294.0
1082632,1,13,2,21,run out,454.0
1082632,1,14,1,89,caught,373.0
1082632,1,17,1,411,caught,394.0
1082632,1,18,3,255,caught,421.0
1082632,1,19,1,311,caught,409.0
1082632,2,2,5,340,caught,89.0
1082632,2,13,2,352,caught,311.0
1082632,2,14,3,421,caught,89.0
1082633,1,0,5,428,caught,236.0
1082633,1,3,3,416,caught,323.0
1082633,1,6,6,101,caught,238.0
1082633,1,11,2,346,caught,111.0
1082633,1,13,5,306,caught,451.0
1082633,1,17,2,63,bowled,
1082633,1,18,1,364,caught,236.0
1082633,2,0,4,163,caught,416.0
1082633,2,2,5,8,bowled,
1082633,2,4,5,111,caught,63.0
1082633,2,7,5,236,caught,375.0
1082633,2,10,5,32,caught,63.0
1082633,2,11,2,238,bowled,
1082633,2,13,5,271,lbw,
1082633,2,17,1,323,caught,63.0
1082633,2,17,2,451,bowled,
1082633,2,18,6,437,caught,416.0
1082634,1,1,5,443,run out,229.0
1082634,1,6,4,86,caught,27.0
1082634,1,14,3,438,bowled,
1082634,1,15,4,307,caught,229.0
1082634,1,15,6,259,caught,446.0
1082634,1,18,6,88,run out,
1082634,1,19,3,20,caught,184.0
1082634,1,19,4,407,caught,188.0
1082634,2,4,1,42,bowled,
1082634,2,4,3,397,caught,20.0
1082634,2,12,2,188,caught,407.0
1082634,2,13,6,164,bowled,
1082634,2,17,1,27,caught,443.0
1082634,2,17,6,184,caught,438.0
1082634,2,19,2,229,caught,438.0
1082634,2,19,3,446,caught and bowled,
1082634,2,19,4,300,caught,88.0
1082635,1,8,4,17,stumped,421.0
1082635,1,12,3,384,caught,308.0
1082635,1,15,3,57,caught,134.0
1082635,2,0,1,352,caught,384.0
1082635,2,1,5,394,caught,50.0
1082635,2,3,2,421,caught,384.0
1082635,2,4,4,340,caught,57.0
1082635,2,5,5,373,caught,167.0
1082635,2,7,4,308,caught,57.0
1082635,2,8,2,405,caught,17.0
1082635,2,9,4,454,caught,57.0
1082635,2,10,4,348,caught,222.0
1082635,2,13,4,15,caught,432.0
1082636,1,0,1,163,caught,40.0
1082636,1,2,5,8,lbw,
1082636,1,4,4,111,bowled,
1082636,1,15,1,238,caught,233.0
1082636,1,18,1,236,caught,233.0
1082636,1,19,3,323,caught,337.0
1082636,2,6,1,316,caught,236.0
1082636,2,7,3,337,bowled,
1082636,2,13,2,449,stumped,236.0
1082636,2,14,1,40,caught,323.0
1082637,1,0,5,416,caught,441.0
1082637,1,15,4,101,caught,255.0
1082637,1,19,5,428,lbw,
1082637,2,9,2,411,caught,321.0
1082637,2,11,2,147,caught,416.0
1082637,2,17,1,21,caught,330.0
1082637,2,17,4,255,caught,63.0
1082638,1,1,4,384,bowled,
1082638,1,4,1,432,caught,300.0
1082638,1,6,1,17,caught,188.0
1082638,1,14,2,400,caught,164.0
1082638,1,18,1,57,bowled,
1082638,1,19,1,222,caught,445.0
1082638,1,19,5,167,caught,184.0
1082638,2,1,1,188,lbw,
1082638,2,12,1,164,caught,57.0
1082638,2,14,4,27,caught,400.0
1082639,1,4,5,346,caught,46.0
1082639,1,5,5,416,lbw,
1082639,1,8,3,101,bowled,
1082639,1,15,3,306,caught,442.0
1082639,1,17,6,63,stumped,46.0
1082639,1,18,2,425,bowled,
1082639,2,3,4,316,bowled,
1082639,2,9,3,40,caught,101.0
1082639,2,9,5,46,caught,375.0
1082639,2,17,1,97,caught,375.0
1082639,2,17,2,337,run out,
1082639,2,18,1,31,caught,306.0
1082640,1,3,1,147,run out,
1082640,1,5,5,21,bowled,
1082640,1,6,3,411,caught,15.0
1082640,1,16,1,89,caught,373.0
1082640,1,18,3,255,bowled,
1082640,2,1,3,352,bowled,
1082640,2,1,5,421,run out,21.0
1082640,2,7,3,340,caught,147.0
1082640,2,9,6,308,run out,35.0
1082640,2,11,4,373,run out,35.0
1082640,2,13,5,409,caught and bowled,
1082640,2,18,2,405,caught,147.0
1082640,2,19,2,394,bowled,
1082641,1,5,3,416,caught,400.0
1082641,1,10,6,306,bowled,
1082641,1,15,2,101,caught,17.0
1082641,2,8,4,17,caught,346.0
1082641,2,9,3,384,caught,416.0
1082641,2,11,4,57,caught,416.0
1082641,2,12,4,432,caught,416.0
1082641,2,16,1,400,caught,63.0
1082641,2,17,5,167,bowled,
1082642,1,0,6,352,run out,438.0
1082642,1,2,1,394,caught,20.0
1082642,1,8,5,421,caught,259.0
1082642,1,13,6,308,caught,20.0
1082642,1,15,2,373,stumped,20.0
1082642,1,16,5,405,bowled,
1082642,1,18,5,340,caught,347.0
1082642,1,19,5,348,caught,438.0
1082642,2,0,1,86,bowled,
1082642,2,4,1,443,caught,421.0
1082642,2,9,1,307,lbw,
1082642,2,15,4,438,caught,373.0
1082642,2,17,3,20,run out,348.0
1082642,2,18,2,259,lbw,
1082642,2,19,6,88,bowled,
1082643,1,10,5,147,lbw,
1082643,1,12,4,411,caught,184.0
1082643,1,12,6,21,caught,42.0
1082643,1,13,1,89,caught,395.0
1082643,1,13,5,255,bowled,
1082643,1,16,5,311,bowled,
1082643,1,16,6,115,bowled,
1082643,1,18,5,460,bowled,
1082643,1,19,1,14,bowled,
1082643,1,19,2,125,bowled,
1082643,2,2,1,42,caught,311.0
1082643,2,2,6,164,caught,89.0
1082644,1,2,2,384,caught,316.0
1082644,1,8,2,57,lbw,
1082644,1,15,6,80,run out,233.0
1082644,1,18,5,209,stumped,46.0
1082644,1,19,4,222,caught,31.0
1082644,2,0,4,316,caught,400.0
1082644,2,4,3,40,caught,167.0
1082644,2,5,6,46,caught,57.0
1082644,2,6,2,337,caught,399.0
1082644,2,8,6,31,caught,400.0
1082644,2,14,1,449,bowled,
1082644,2,17,1,97,caught,399.0
1082644,2,18,3,455,caught,209.0
1082645,1,0,1,416,caught,88.0
1082645,1,3,3,101,caught,307.0
1082645,1,4,3,217,run out,347.0
1082645,1,5,2,391,caught,347.0
1082645,1,5,5,306,caught,86.0
1082645,1,9,2,63,caught,20.0
1082645,1,11,3,375,caught,20.0
1082645,1,13,4,425,caught,20.0
1082645,1,15,1,85,caught,307.0
1082645,1,15,5,364,caught,259.0
1082645,2,5,3,443,bowled,
1082646,1,4,5,440,bowled,
1082646,1,13,1,163,caught,15.0
1082646,1,14,1,418,run out,
1082646,1,16,3,8,caught,294.0
1082646,1,17,4,236,run out,405.0
1082646,1,18,5,370,caught,373.0
1082646,2,0,2,352,caught,8.0
1082646,2,5,2,340,caught,236.0
1082646,2,11,4,394,caught,32.0
1082646,2,11,5,308,bowled,
1082646,2,15,2,373,stumped,440.0
1082646,2,15,6,405,caught,8.0
1082646,2,16,4,421,bowled,
1082646,2,17,6,134,bowled,
1082646,2,19,2,348,stumped,440.0
1082646,2,19,6,294,caught,236.0
1082647,1,0,6,443,bowled,
1082647,1,1,5,307,caught,400.0
1082647,1,12,4,86,lbw,
1082647,1,19,6,88,run out,376.0
1082647,2,4,3,384,run out,407.0
1082647,2,5,1,57,lbw,
1082647,2,5,4,209,caught,307.0
1082647,2,7,6,222,caught,307.0
1082647,2,11,1,400,caught,259.0
1082647,2,14,3,414,caught,259.0
1082647,2,14,6,17,caught,259.0
1082647,2,16,6,167,caught,20.0
1082647,2,19,3,403,caught,347.0
1082648,1,4,2,42,caught,46.0
1082648,1,11,6,397,caught,309.0
1082648,1,12,2,188,bowled,
1082648,1,15,3,27,caught,68.0
1082648,1,18,1,445,caught,309.0
1082648,1,18,3,435,caught and bowled,
1082648,1,19,6,184,caught,337.0
1082648,2,0,3,337,caught,184.0
1082648,2,0,4,31,run out,300.0
1082648,2,1,1,46,caught,42.0
1082649,1,1,3,337,caught,222.0
1082649,1,4,4,316,stumped,17.0
1082649,1,5,2,46,lbw,
1082649,1,6,5,40,caught,400.0
1082649,1,6,6,449,lbw,
1082649,1,14,5,258,caught,358.0
1082649,1,16,1,68,caught,209.0
1082649,1,16,5,372,caught,400.0
1082649,1,17,1,309,caught,195.0
1082649,1,18,5,345,bowled,
1082649,2,1,3,384,lbw,
1082649,2,2,5,17,caught,46.0
1082649,2,5,4,209,bowled,
1082649,2,12,2,57,caught,345.0
1082650,1,2,1,17,caught,407.0
1082650,1,2,4,384,caught and bowled,
1082650,1,7,2,209,run out,307.0
1082650,1,10,1,57,caught,407.0
1082650,1,10,6,222,caught,88.0
1082650,1,13,2,400,lbw,
1082650,1,14,1,167,run out,
1082650,1,19,6,414,caught,86.0
1082650,2,2,2,443,lbw,
1082650,2,11,5,86,caught,222.0
1082650,2,16,2,20,caught,17.0
1082650,2,19,2,88,caught,222.0
1082650,2,19,3,307,caught,209.0
1082650,2,19,6,456,run out,
1136561,1,2,1,462,lbw,
1136561,1,3,5,57,caught,209.0
1136561,1,12,3,309,caught,50.0
1136561,1,14,4,411,caught,463.0
1136561,2,3,4,32,caught,462.0
1136561,2,5,6,21,caught and bowled,
1136561,2,6,3,209,lbw,
1136561,2,8,3,20,lbw,
1136561,2,11,6,35,caught,309.0
1136561,2,12,6,444,stumped,411.0
1136561,2,14,5,50,caught,376.0
1136561,2,16,3,463,caught,480.0
1136561,2,18,6,72,caught,57.0
1136562,1,2,3,412,lbw,
1136562,1,6,5,394,caught,355.0
1136562,1,10,1,445,caught,375.0
1136562,1,13,2,421,caught,453.0
1136562,1,14,6,40,run out,
1136562,1,15,3,391,lbw,
1136562,1,19,6,259,bowled,
1136562,2,3,2,261,caught,348.0
1136562,2,4,5,355,caught,348.0
1136562,2,9,2,27,caught,445.0
1136562,2,15,4,340,caught,461.0
1136563,1,1,4,356,caught,82.0
1136563,1,8,2,2,bowled,
1136563,1,14,2,111,caught,358.0
1136563,1,14,3,8,bowled,
1136563,1,18,1,402,caught,464.0
1136563,1,19,5,238,caught,455.0
1136563,1,19,6,442,caught,335.0
1136563,2,1,5,337,caught,111.0
1136563,2,5,2,316,bowled,
1136563,2,7,3,46,caught,2.0
1136563,2,14,3,432,lbw,
1136563,2,15,4,464,caught,356.0
1136563,2,17,4,335,caught,111.0
1136564,1,0,6,465,run out,
1136564,1,6,5,86,caught,446.0
1136564,1,8,6,438,caught,397.0
1136564,1,13,2,443,caught,97.0
1136564,1,13,5,352,caught,446.0
1136564,1,14,4,466,caught,63.0
1136564,1,17,2,408,bowled,
1136564,1,18,6,389,caught,31.0
1136564,1,19,2,347,run out,
1136564,2,1,3,63,caught,344.0
1136565,1,1,3,316,caught,21.0
1136565,1,5,2,337,bowled,
1136565,1,8,1,432,caught,20.0
1136565,1,8,2,46,run out,
1136565,1,9,6,464,caught,72.0
1136565,1,17,4,89,lbw,
1136565,2,5,5,32,caught,464.0
1136565,2,8,3,209,caught,473.0
1136565,2,11,3,21,caught,82.0
1136565,2,16,3,20,caught,89.0
1136565,2,18,4,422,caught,46.0
1136566,1,1,2,465,run out,
1136566,1,4,1,438,caught,421.0
1136566,1,10,6,352,bowled,
1136566,1,13,4,86,caught,351.0
1136566,1,17,4,408,bowled,
1136566,2,0,1,412,run out,
1136566,2,3,4,306,caught,408.0
1136566,2,4,6,421,caught,466.0
1136566,2,5,4,445,caught,438.0
1136567,1,1,6,57,caught,277.0
1136567,1,5,2,411,caught,31.0
1136567,1,5,6,462,bowled,
1136567,1,8,5,414,caught,397.0
1136567,1,14,5,222,caught,42.0
1136567,1,17,3,386,bowled,
1136567,1,18,4,309,caught,395.0
1136567,1,18,5,115,lbw,
1136567,2,6,5,63,lbw,
1136567,2,7,6,397,caught,411.0
1136567,2,8,5,42,caught,376.0
1136567,2,10,2,97,caught,57.0
1136567,2,12,6,277,bowled,
1136567,2,17,4,31,caught,222.0
1136567,2,17,5,446,caught,411.0
1136567,2,18,4,369,caught and bowled,
1136567,2,18,6,368,caught,414.0
1136568,1,3,1,261,caught,356.0
1136568,1,3,2,255,lbw,
1136568,1,3,6,27,bowled,
1136568,1,11,1,355,caught,402.0
1136568,1,12,6,340,bowled,
1136568,1,13,4,410,stumped,356.0
1136568,1,14,6,375,lbw,
1136568,1,17,5,453,caught,8.0
1136568,1,18,5,202,stumped,356.0
1136568,1,19,2,470,caught,402.0
1136568,2,0,2,2,caught,470.0
1136568,2,4,5,8,bowled,
1136568,2,11,2,356,bowled,
1136568,2,11,3,402,caught,340.0
1136568,2,18,1,111,caught,340.0
1136568,2,18,4,238,run out,
1136569,1,8,6,462,caught,439.0
1136569,1,10,2,309,lbw,
1136569,1,15,4,411,bowled,
1136569,1,15,5,222,bowled,
1136569,1,17,3,57,caught,439.0
1136569,1,18,3,414,caught,391.0
1136569,1,19,1,400,caught,394.0
1136569,2,5,1,40,caught,57.0
1136569,2,11,5,421,caught,222.0
1136569,2,13,2,306,caught and bowled,
1136570,1,2,4,46,caught,63.0
1136570,1,7,4,432,caught,97.0
1136570,1,10,4,316,caught,397.0
1136570,1,12,2,337,caught and bowled,
1136570,1,13,2,335,caught,97.0
1136570,1,16,4,472,caught,277.0
1136570,1,18,3,89,caught,63.0
1136570,1,19,6,473,caught,300.0
1136570,2,3,1,63,caught,89.0
1136570,2,5,1,42,bowled,
1136570,2,8,4,97,lbw,
1136570,2,15,5,277,bowled,
1136570,2,17,2,397,caught,335.0
1136571,1,5,4,86,caught,233.0
1136571,1,6,5,465,caught,356.0
1136571,1,12,2,438,bowled,
1136571,1,18,2,408,caught,8.0
1136571,2,0,4,2,caught,438.0
1136571,2,7,6,356,caught,347.0
1136571,2,10,2,8,caught,465.0
1136571,2,12,3,111,caught,347.0
1136571,2,14,1,323,caught,408.0
1136571,2,18,5,456,bowled,
1136572,1,7,6,355,caught,72.0
1136572,1,11,3,163,caught,387.0
1136572,1,14,1,261,caught,35.0
1136572,1,14,2,255,lbw,
1136572,1,15,3,27,caught,20.0
1136572,1,18,5,202,caught,20.0
1136572,1,19,4,340,caught,35.0
1136572,2,1,6,32,caught,430.0
1136572,2,4,1,186,caught,430.0
1136572,2,6,4,422,lbw,
1136572,2,13,4,209,run out,
1136572,2,18,2,35,caught,202.0
1136573,1,2,3,316,caught,306.0
1136573,1,7,3,46,caught and bowled,
1136573,1,10,5,337,caught,439.0
1136573,1,13,4,89,caught,461.0
1136573,1,17,2,335,bowled,
1136573,1,18,3,432,caught,40.0
1136573,1,19,2,472,caught,351.0
1136573,1,19,5,68,caught,421.0
1136573,1,19,6,467,caught,306.0
1136573,2,0,6,439,stumped,89.0
1136573,2,1,5,394,caught,432.0
1136573,2,2,6,40,bowled,
1136573,2,8,3,421,caught,68.0
1136573,2,9,3,391,caught,335.0
1136573,2,10,5,306,caught,46.0
1136573,2,11,3,351,bowled,
1136573,2,11,5,445,lbw,
1136573,2,13,5,348,caught,335.0
1136573,2,14,2,461,caught and bowled,
1136574,1,0,1,309,bowled,
1136574,1,0,2,411,bowled,
1136574,1,11,2,462,caught,356.0
1136574,1,15,3,414,run out,
1136574,1,18,1,222,caught,111.0
1136574,1,19,5,57,caught,442.0
1136574,2,4,1,356,bowled,
1136574,2,4,4,111,caught,400.0
1136574,2,9,4,238,stumped,411.0
1136574,2,9,4,373,caught,155.0
1136574,2,11,3,456,caught,309.0
1136574,2,13,5,402,stumped,208.0
1136574,2,17,3,442,caught,414.0
1136574,2,17,6,233,caught,57.0
1136575,1,6,5,86,stumped,89.0
1136575,1,8,4,352,caught,455.0
1136575,1,12,5,465,bowled,
1136575,1,13,6,443,caught,335.0
1136575,1,16,1,438,caught,432.0
1136575,1,18,1,466,caught,473.0
1136575,1,18,2,389,bowled,
1136575,1,19,5,81,run out,
1136575,2,0,3,337,bowled,
1136575,2,8,4,316,run out,
1136575,2,12,3,46,caught,438.0
1136576,1,7,5,355,lbw,
1136576,1,10,2,261,caught,395.0
1136576,1,17,4,340,caught,42.0
1136576,2,0,5,42,retired hurt,
1136576,2,1,5,63,bowled,
1136576,2,4,6,31,bowled,
1136576,2,14,2,397,caught,255.0
1136576,2,16,4,395,caught,88.0
1136577,1,4,3,209,caught,408.0
1136577,1,11,5,21,caught,466.0
1136577,1,13,2,20,caught,466.0
1136577,1,15,1,422,caught,438.0
1136577,1,19,5,32,caught,408.0
1136577,2,1,5,475,bowled,
1136577,2,2,6,352,caught,167.0
1136577,2,4,3,86,bowled,
1136577,2,10,1,408,caught,387.0
1136577,2,12,2,443,caught,422.0
1136577,2,13,5,438,caught,422.0
1136577,2,14,4,466,caught,20.0
1136577,2,15,3,256,caught and bowled,
1136577,2,18,2,347,bowled,
1136577,2,18,3,344,caught,20.0
1136578,1,1,3,316,caught,340.0
1136578,1,8,1,46,caught,340.0
1136578,1,9,4,432,run out,
1136578,1,15,2,337,caught,355.0
1136578,1,16,5,335,caught,340.0
1136578,1,18,5,89,caught,453.0
1136578,1,19,2,467,caught,345.0
1136578,2,9,4,355,caught,467.0
1136579,1,2,2,40,caught,383.0
1136579,1,5,4,439,bowled,
1136579,1,13,5,394,caught,474.0
1136579,1,15,3,306,caught,474.0
1136579,1,19,4,421,caught,111.0
1136579,2,1,6,346,caught,439.0
1136579,2,4,3,356,run out,
1136579,2,10,6,8,caught,461.0
1136579,2,15,5,373,bowled,
1136580,1,3,3,32,caught,395.0
1136580,1,7,1,304,stumped,63.0
1136580,1,16,4,209,run out,
1136580,2,0,5,476,caught,32.0
1136580,2,2,1,97,caught,167.0
1136580,2,4,2,395,caught,35.0
1136580,2,10,3,277,caught,21.0
1136580,2,17,6,397,caught,35.0
1136580,2,18,4,31,caught,21.0
1136581,1,0,4,462,bowled,
1136581,1,14,2,411,caught,408.0
1136581,1,15,2,309,caught,408.0
1136581,1,15,4,57,run out,
1136581,1,18,1,414,caught,475.0
1136581,1,18,4,400,bowled,
1136581,1,18,5,403,bowled,
1136581,2,2,2,443,caught,309.0
1136581,2,5,4,86,caught,414.0
1136581,2,14,1,438,bowled,
1136581,2,16,2,352,caught,400.0
1136581,2,16,3,408,bowled,
1136581,2,17,1,475,caught,411.0
1136581,2,19,1,477,caught and bowled,
1136582,1,1,3,255,caught,394.0
1136582,1,4,3,355,caught,500.0
1136582,1,7,3,261,bowled,
1136582,1,12,4,27,caught,421.0
1136582,1,16,1,340,caught,394.0
1136582,1,17,3,321,caught,479.0
1136582,1,19,1,202,caught,391.0
1136582,1,19,6,453,bowled,
1136582,2,2,3,478,bowled,
1136582,2,4,5,306,caught,453.0
1136582,2,5,3,40,caught,255.0
1136582,2,8,1,421,bowled,
1136582,2,11,6,259,run out,
1136582,2,17,6,391,caught,355.0
1136582,2,18,2,479,caught,340.0
1136582,2,19,6,394,caught,255.0
1136583,1,1,4,42,bowled,
1136583,1,1,6,63,caught,411.0
1136583,1,4,4,97,caught,57.0
1136583,1,5,3,277,run out,
1136583,1,8,1,397,caught,411.0
1136583,1,11,1,452,bowled,
1136583,1,13,3,446,caught,411.0
1136583,1,15,1,441,bowled,
1136583,1,16,5,369,run out,
1136583,1,18,4,31,caught,400.0
1136583,2,2,5,462,caught,97.0
1136583,2,3,6,411,caught,395.0
1136583,2,5,2,57,caught,42.0
1136583,2,11,5,414,lbw,
1136583,2,13,1,222,caught,42.0
1136583,2,14,5,309,caught,446.0
1136583,2,15,2,403,lbw,
1136583,2,15,6,468,lbw,
1136583,2,17,4,400,caught,441.0
1136583,2,18,5,480,caught,395.0
1136584,1,4,2,8,caught,35.0
1136584,1,13,1,356,caught and bowled,
1136584,1,14,5,111,caught,422.0
1136584,1,14,6,373,caught,50.0
1136584,1,18,6,238,caught,35.0
1136584,1,19,1,449,run out,
1136584,1,19,2,323,run out,
1136584,1,19,3,233,caught,422.0
1136584,2,0,6,32,caught,474.0
1136584,2,5,1,21,caught,238.0
1136584,2,6,2,422,stumped,356.0
1136584,2,8,6,35,bowled,
1136584,2,17,5,209,run out,
1136585,1,0,4,397,caught,202.0
1136585,1,2,2,42,caught,340.0
1136585,1,4,5,63,caught,453.0
1136585,1,13,4,277,caught,261.0
1136585,1,19,4,97,bowled,
1136585,1,19,6,452,caught,261.0
1136585,2,7,5,355,bowled,
1136585,2,8,2,163,caught and bowled,
1136585,2,12,1,261,caught,97.0
1136585,2,13,4,340,lbw,
1136585,2,14,2,255,caught,97.0
1136585,2,15,3,88,caught,397.0
1136585,2,15,5,453,lbw,
1136585,2,16,5,430,run out,
1136585,2,17,2,202,caught,397.0
1136585,2,19,2,345,bowled,
1136586,1,6,6,412,bowled,
1136586,1,13,6,478,bowled,
1136586,1,14,2,421,caught,89.0
1136586,1,19,3,306,run out,
1136586,2,1,5,337,bowled,
1136586,2,2,1,46,caught,478.0
1136586,2,2,6,316,caught,394.0
1136586,2,5,1,432,caught and bowled,
1136586,2,9,3,89,caught,461.0
1136586,2,15,3,472,run out,
1136586,2,15,6,473,bowled,
1136586,2,17,5,335,bowled,
1136586,2,18,2,68,caught,412.0
1136587,1,4,2,32,caught,468.0
1136587,1,11,2,209,caught,386.0
1136587,1,17,1,20,caught,462.0
1136587,1,17,3,72,caught,468.0
1136587,1,19,4,422,caught,386.0
1136587,2,9,5,309,caught,35.0
1136587,2,16,1,462,caught,407.0
1136588,1,2,1,42,bowled,
1136588,1,13,3,481,caught,352.0
1136588,1,14,5,397,caught,408.0
1136588,1,17,1,277,bowled,
1136588,1,17,6,31,caught,81.0
1136588,1,18,5,97,caught,86.0
1136588,1,19,5,446,caught,438.0
1136588,2,2,2,443,bowled,
1136588,2,9,4,352,caught,481.0
1136588,2,10,2,438,bowled,
1136588,2,13,6,408,caught,42.0
1136588,2,18,3,482,caught,63.0
1136588,2,19,5,466,caught,42.0
1136589,1,8,1,356,caught,472.0
1136589,1,9,5,2,caught,89.0
1136589,1,9,6,346,bowled,
1136589,1,17,3,238,caught,473.0
1136589,2,7,1,316,caught,449.0
1136589,2,12,2,46,caught,378.0
1136589,2,16,2,432,retired hurt,
1136589,2,16,3,335,caught,356.0
1136589,2,18,5,89,caught,8.0
1136590,1,10,5,304,caught,461.0
1136590,1,11,1,21,bowled,
1136590,1,13,5,32,caught,479.0
1136590,1,19,5,209,run out,
1136590,2,1,4,478,caught,35.0
1136590,2,4,6,412,caught,167.0
1136590,2,6,6,394,run out,
1136590,2,8,5,306,bowled,
1136590,2,17,4,421,caught,35.0
1136591,1,4,6,356,caught,57.0
1136591,1,8,4,346,lbw,
1136591,1,14,3,2,run out,
1136591,1,17,1,238,caught,309.0
1136591,1,17,2,8,caught,222.0
1136591,1,17,6,456,caught,57.0
1136591,1,18,5,378,caught,386.0
1136591,2,0,6,411,bowled,
1136591,2,3,1,309,lbw,
1136591,2,3,2,57,caught,356.0
1136591,2,7,1,222,caught,356.0
1136591,2,11,6,155,run out,
1136591,2,18,3,414,caught,238.0
1136591,2,19,1,400,caught,8.0
1136592,1,0,4,412,caught,408.0
1136592,1,7,2,478,caught and bowled,
1136592,1,14,3,394,caught,443.0
1136592,1,14,6,421,caught,438.0
1136592,1,16,2,445,caught,443.0
1136592,1,17,1,306,lbw,
1136592,2,6,4,408,stumped,421.0
1136592,2,8,1,352,caught,412.0
1136592,2,8,6,438,caught,445.0
1136592,2,9,4,465,caught,500.0
1136592,2,11,4,443,run out,
1136593,1,5,1,304,bowled,
1136593,1,10,2,32,caught,473.0
1136593,1,11,4,21,caught,358.0
1136593,1,14,4,209,bowled,
1136593,1,19,5,35,caught,89.0
1136593,2,0,6,337,caught,32.0
1136593,2,4,2,46,caught,72.0
1136593,2,6,4,316,caught,72.0
1136593,2,11,4,464,bowled,
1136594,1,6,4,355,caught,155.0
1136594,1,11,4,163,caught,309.0
1136594,1,12,3,27,run out,
1136594,1,15,6,340,caught,400.0
1136594,1,16,5,375,caught,400.0
1136594,1,19,4,261,caught and bowled,
1136594,2,5,4,462,caught,355.0
1136594,2,11,4,309,caught,355.0
1136594,2,12,6,411,bowled,
1136594,2,15,3,400,bowled,
1136595,1,1,2,2,caught,407.0
1136595,1,6,1,8,bowled,
1136595,1,7,3,111,stumped,20.0
1136595,1,10,6,238,caught,572.0
1136595,1,12,5,17,caught and bowled,
1136595,1,13,1,419,stumped,20.0
1136595,1,14,1,449,caught,21.0
1136595,1,15,1,233,run out,
1136595,1,19,6,474,run out,
1136595,2,2,6,32,bowled,
1136595,2,8,4,21,caught,378.0
1136595,2,11,1,209,caught,474.0
1136595,2,12,2,483,caught,238.0
1136596,1,1,4,306,run out,
1136596,1,10,1,478,caught,369.0
1136596,1,15,1,394,caught,42.0
1136596,1,16,1,184,run out,
1136596,1,16,5,421,lbw,
1136596,2,8,6,481,bowled,
1136596,2,10,6,42,bowled,
1136596,2,17,1,97,caught,478.0
1136597,1,9,2,462,caught,337.0
1136597,1,11,4,57,caught,464.0
1136597,1,14,2,309,caught,89.0
1136597,1,16,5,414,caught,472.0
1136597,2,2,5,337,caught,376.0
1136597,2,3,1,472,caught and bowled,
1136597,2,12,3,46,caught,386.0
1136597,2,13,3,432,caught,376.0
1136597,2,16,4,335,caught,414.0
1136597,2,19,2,316,caught,57.0
1136598,1,0,3,465,caught,453.0
1136598,1,3,4,86,caught,163.0
1136598,1,10,5,352,caught,340.0
1136598,1,12,5,438,caught,88.0
1136598,1,14,1,408,caught,355.0
1136598,1,14,2,477,bowled,
1136598,1,15,2,466,caught,410.0
1136598,1,17,1,443,caught,202.0
1136598,1,19,6,389,run out,
1136598,2,3,2,163,caught,352.0
1136598,2,4,4,261,caught,443.0
1136598,2,10,5,340,bowled,
1136598,2,12,5,375,caught,465.0
1136599,1,2,3,481,bowled,
1136599,1,5,5,42,caught,378.0
1136599,1,8,2,97,caught,8.0
1136599,1,15,6,397,caught,238.0
1136599,1,17,2,277,caught,233.0
1136599,1,18,1,31,bowled,
1136599,1,18,6,63,bowled,
1136599,1,19,2,446,run out,
1136599,1,19,5,369,run out,
1136599,1,19,6,368,lbw,
1136599,2,2,5,17,lbw,
1136599,2,7,1,346,bowled,
1136599,2,9,5,8,caught,31.0
1136599,2,10,4,111,bowled,
1136599,2,11,4,484,caught,63.0
1136599,2,19,6,449,bowled,
1136600,1,3,4,86,caught,415.0
1136600,1,6,3,466,caught,88.0
1136600,1,14,3,352,caught,88.0
1136600,1,16,2,408,stumped,355.0
1136600,1,17,6,256,run out,
1136600,1,19,1,438,caught,202.0
1136600,1,19,3,477,caught,88.0
1136600,1,19,6,347,caught,340.0
1136600,2,2,1,163,stumped,408.0
1136600,2,2,2,202,bowled,
1136600,2,3,4,340,caught,347.0
1136600,2,8,6,415,caught,466.0
1136600,2,11,6,88,caught,86.0
1136600,2,13,3,375,run out,
1136600,2,19,1,410,caught,466.0
1136601,1,5,4,462,caught,337.0
1136601,1,8,6,309,caught,464.0
1136601,1,14,4,411,caught,46.0
1136601,1,17,6,400,caught,464.0
1136601,1,18,2,57,caught,46.0
1136601,1,19,5,386,caught,335.0
1136601,2,0,2,316,caught,414.0
1136601,2,3,6,337,run out,
1136601,2,6,4,46,caught,309.0
1136601,2,7,6,335,caught,468.0
1136601,2,9,1,89,run out,
1136601,2,9,2,432,caught,386.0
1136601,2,10,2,464,caught,411.0
1136601,2,13,5,68,caught,309.0
1136601,2,16,5,467,caught,155.0
1136601,2,18,1,455,lbw,
1136602,1,3,5,478,caught,42.0
1136602,1,3,6,439,caught,146.0
1136602,1,7,4,394,run out,
1136602,1,13,6,312,run out,
1136602,1,19,1,306,caught,481.0
1136602,2,1,5,481,lbw,
1136603,1,2,1,209,bowled,
1136603,1,11,3,32,caught,408.0
1136603,1,12,6,21,caught,256.0
1136603,1,19,4,422,run out,
1136603,2,3,6,438,bowled,
1136603,2,4,4,86,caught,21.0
1136603,2,11,2,352,run out,
1136603,2,12,4,486,caught,72.0
1136603,2,17,4,256,caught,32.0
1136603,2,18,6,466,caught,20.0
1136604,1,5,2,337,bowled,
1136604,1,11,3,316,caught,355.0
1136604,1,11,5,46,caught,364.0
1136604,1,16,6,335,caught,355.0
1136604,1,17,5,432,caught,321.0
1136604,1,19,2,89,caught,321.0
1136604,2,5,4,163,caught,89.0
1136604,2,5,5,261,caught,487.0
1136604,2,7,6,340,caught,485.0
1136604,2,8,6,355,bowled,
1136604,2,11,6,375,caught,487.0
1136604,2,15,2,255,caught,455.0
1136604,2,19,1,453,caught,89.0
1136604,2,19,3,202,lbw,
1136605,1,0,6,478,bowled,
1136605,1,2,4,439,bowled,
1136605,1,12,6,421,caught,111.0
1136605,1,15,1,394,caught,8.0
1136605,2,1,1,484,caught,478.0
1136605,2,2,4,17,lbw,
1136605,2,13,2,8,caught,421.0
1136605,2,16,1,238,bowled,
1136605,2,17,5,402,caught,478.0
1136606,1,3,3,481,caught,21.0
1136606,1,15,6,42,caught,50.0
1136606,1,16,1,397,caught,72.0
1136606,1,18,3,97,caught,572.0
1136606,2,13,3,32,run out,
1136606,2,14,1,21,caught,397.0
1136607,1,10,4,309,caught,347.0
1136607,1,10,5,57,caught,347.0
1136607,1,13,2,462,caught,352.0
1136607,1,14,2,411,caught,352.0
1136607,1,16,5,414,caught,466.0
1136607,1,19,5,400,caught,352.0
1136607,2,0,5,465,caught,411.0
1136607,2,13,1,86,caught,309.0
1136607,2,17,5,352,caught,447.0
1136608,1,4,3,355,caught,449.0
1136608,1,4,6,163,caught,474.0
1136608,1,5,2,340,caught,8.0
1136608,1,6,5,410,bowled,
1136608,1,8,5,261,caught,17.0
1136608,1,11,5,255,caught,8.0
1136608,1,11,6,202,run out,
1136608,1,12,4,453,caught,17.0
1136608,1,13,6,364,run out,
1136608,1,15,1,345,run out,
1136609,1,4,5,443,caught,89.0
1136609,1,7,2,86,bowled,
1136609,1,9,2,408,caught,487.0
1136609,1,10,3,352,lbw,
1136609,1,11,1,256,stumped,89.0
1136609,1,12,6,466,caught,89.0
1136609,1,13,5,438,caught and bowled,
1136609,1,16,3,489,caught,89.0
1136609,1,17,3,477,caught,472.0
1136609,1,18,6,347,bowled,
1136609,2,1,2,316,caught,466.0
1136609,2,3,5,46,caught,443.0
1136609,2,8,2,432,lbw,
1136609,2,15,2,337,caught,396.0
1136610,1,3,1,462,bowled,
1136610,1,5,3,411,caught,410.0
1136610,1,5,4,309,caught,355.0
1136610,1,8,2,57,caught,27.0
1136610,1,14,2,414,caught,345.0
1136610,1,15,3,222,caught,255.0
1136610,1,17,4,386,caught,375.0
1136610,1,18,2,400,caught,202.0
1136610,2,3,5,163,caught,386.0
1136610,2,16,1,255,caught,400.0
1136610,2,16,5,410,caught,411.0
1136610,2,18,3,355,caught,386.0
1136610,2,19,3,27,caught,462.0
1136611,1,0,6,17,caught,369.0
1136611,1,4,5,8,bowled,
1136611,1,14,2,111,caught,42.0
1136611,1,14,4,484,caught,146.0
1136611,1,17,1,238,caught,42.0
1136611,1,19,2,449,caught,446.0
1136611,2,5,1,42,caught and bowled,
1136611,2,7,6,481,caught,111.0
1136611,2,19,1,397,caught,449.0
1136612,1,4,1,478,caught,407.0
1136612,1,10,3,394,bowled,
1136612,1,10,6,421,caught,72.0
1136612,1,13,5,306,bowled,
1136612,1,14,4,488,caught,50.0
1136612,2,6,5,32,caught,461.0
1136612,2,9,6,209,caught,306.0
1136612,2,13,1,21,caught,445.0
1136612,2,14,3,422,caught,488.0
1136612,2,17,6,20,caught,394.0
1136612,2,19,2,72,caught,445.0
1136613,1,1,4,477,caught,17.0
1136613,1,13,1,86,lbw,
1136613,1,13,2,352,caught,484.0
1136613,1,18,6,475,caught,484.0
1136613,1,19,6,466,run out,
1136613,2,2,5,8,bowled,
1136613,2,8,3,17,stumped,475.0
1136613,2,8,6,484,caught and bowled,
1136613,2,10,3,238,stumped,475.0
1136613,2,11,6,449,caught,86.0
1136613,2,12,4,111,stumped,475.0
1136613,2,15,1,402,caught,475.0
1136613,2,15,2,233,bowled,
1136613,2,17,6,378,caught,466.0
1136613,2,19,2,474,caught,466.0
1136614,1,8,4,146,caught,335.0
1136614,1,12,5,397,caught,335.0
1136614,1,15,1,42,lbw,
1136614,1,16,2,31,caught,46.0
1136614,1,18,1,409,caught,89.0
1136614,1,19,1,97,caught,464.0
1136614,1,19,4,277,caught,316.0
1136614,1,19,5,446,caught,89.0
1136614,1,19,6,300,run out,
1136614,2,3,4,316,caught,97.0
1136614,2,13,1,337,caught,97.0
1136614,2,16,3,46,caught,146.0
1136614,2,17,4,335,caught,97.0
1136614,2,19,2,432,caught,300.0
1136615,1,3,1,478,run out,
1136615,1,4,3,306,bowled,
1136615,1,8,6,394,caught,414.0
1136615,1,16,5,421,caught,222.0
1136615,2,0,4,309,caught,445.0
1136615,2,6,1,411,caught,445.0
1136615,2,8,6,462,stumped,421.0
1136615,2,9,1,222,caught,461.0
1136615,2,9,4,414,caught,391.0
1136615,2,13,5,57,caught,461.0
1136615,2,14,5,400,caught,391.0
1136615,2,18,6,468,bowled,
1136615,2,19,2,386,caught,306.0
1136615,2,19,3,376,caught,461.0
1136616,1,1,2,163,caught,20.0
1136616,1,2,5,255,caught,21.0
1136616,1,3,6,355,bowled,
1136616,1,11,1,88,caught,20.0
1136616,1,12,1,321,bowled,
1136616,1,16,3,375,caught,422.0
1136616,1,17,1,202,caught,20.0
1136616,1,17,3,453,caught,21.0
1136616,1,18,5,340,caught,444.0
1136616,1,19,4,345,caught,304.0
1136616,2,1,2,209,caught,355.0
1136616,2,4,3,304,caught,163.0
1136616,2,4,4,422,bowled,
1136616,2,10,1,50,lbw,
1136616,2,16,1,444,caught,364.0
1136617,1,0,1,42,bowled,
1136617,1,3,5,146,caught and bowled,
1136617,1,4,2,397,caught,20.0
1136617,1,6,4,277,caught,20.0
1136617,1,11,3,97,caught and bowled,
1136617,1,14,6,31,caught and bowled,
1136617,1,19,6,300,run out,
1136617,2,0,5,32,caught,146.0
1136617,2,3,3,21,bowled,
1136617,2,3,4,209,bowled,
1136617,2,7,4,20,bowled,
1136617,2,11,2,72,caught,42.0
1136617,2,12,3,35,caught and bowled,
1136617,2,14,6,444,caught,409.0
1136617,2,17,5,50,run out,
1136618,1,0,2,316,stumped,475.0
1136618,1,2,1,46,caught and bowled,
1136618,1,3,4,432,caught,347.0
1136618,1,7,6,337,caught and bowled,
1136618,1,14,2,472,caught,475.0
1136618,1,17,1,89,caught,86.0
1136618,1,19,4,487,caught,477.0
1136618,2,5,1,443,caught and bowled,
1136618,2,14,1,86,caught and bowled,
1136618,2,16,5,352,caught,487.0
1136618,2,17,6,256,caught,337.0
1136619,1,7,1,42,lbw,
1136619,1,7,5,397,caught,89.0
1136619,1,10,3,63,stumped,89.0
1136619,1,15,1,277,run out,
1136619,1,16,5,395,caught,68.0
1136619,1,17,5,409,run out,
1136619,1,18,1,31,caught,68.0
1136619,2,3,2,316,caught,409.0
1136619,2,8,3,432,run out,
1136619,2,10,1,46,bowled,
1136619,2,11,6,89,bowled,
1136619,2,12,2,337,lbw,
1136619,2,14,4,335,caught,42.0
1136619,2,18,1,68,bowled,
1136619,2,19,2,473,caught,446.0
1136619,2,19,3,472,caught,446.0
1136620,1,1,5,146,run out,
1136620,1,8,3,42,bowled,
1136620,1,12,1,397,stumped,20.0
1136620,1,15,5,277,caught,21.0
1136620,1,16,6,395,caught,483.0
1136620,1,19,6,409,caught,209.0
1136620,2,3,6,304,caught and bowled,
1136620,2,13,3,21,caught,146.0
1175356,1,3,3,8,caught,35.0
1175356,1,5,2,484,caught and bowled,
1175356,1,7,2,111,caught,35.0
1175356,1,7,6,490,run out,
1175356,1,9,2,491,caught,32.0
1175356,1,10,3,449,caught,20.0
1175356,1,11,1,492,caught,32.0
1175356,1,13,4,383,caught,50.0
1175356,1,16,5,233,bowled,
1175356,1,17,1,17,caught,236.0
1175356,2,2,1,32,bowled,
1175356,2,9,2,21,caught,491.0
1175356,2,14,2,209,bowled,
1175357,1,12,5,493,bowled,
1175357,1,15,6,188,caught,46.0
1175357,1,17,3,31,bowled,
1175357,2,1,6,337,caught,446.0
1175357,2,11,4,46,bowled,
1175357,2,12,4,89,caught,300.0
1175357,2,15,3,432,lbw,
1175358,1,1,3,478,caught,356.0
1175358,1,3,4,394,caught,222.0
1175358,1,12,6,293,caught,400.0
1175358,1,15,1,42,caught,309.0
1175358,1,16,5,494,caught,356.0
1175358,1,17,2,375,caught,495.0
1175358,2,3,3,57,caught,391.0
1175358,2,5,1,309,run out,
1175358,2,5,5,356,caught,461.0
1175358,2,10,5,222,caught,391.0
1175358,2,11,2,400,caught and bowled,
1175358,2,14,6,414,caught,391.0
1175358,2,16,2,386,caught,421.0
1175358,2,18,1,27,caught,391.0
1175358,2,19,2,403,stumped,421.0
1175359,1,0,4,355,caught,408.0
1175359,1,8,5,261,caught,81.0
1175359,1,15,5,163,caught,443.0
1175359,1,19,1,496,caught,86.0
1175359,2,8,1,86,bowled,
1175359,2,12,5,408,run out,
1175359,2,16,4,307,caught,355.0
1175359,2,16,6,352,caught,202.0
1175359,2,17,3,438,caught,340.0
1175359,2,17,6,443,caught,355.0
1175359,2,18,5,477,run out,
1175359,2,19,1,347,caught and bowled,
1175359,2,19,2,466,caught,348.0
1175360,1,4,3,478,caught,32.0
1175360,1,11,4,394,lbw,
1175360,1,15,2,421,caught,407.0
1175360,1,15,4,293,caught,21.0
1175360,1,16,3,494,bowled,
1175360,1,17,1,42,caught,407.0
1175360,2,2,4,209,caught,394.0
1175360,2,6,5,32,stumped,421.0
1175360,2,10,2,21,caught,421.0
1175360,2,19,1,236,caught,421.0
1175361,1,2,4,337,caught,321.0
1175361,1,3,3,316,caught,355.0
1175361,1,14,3,432,caught,261.0
1175361,1,19,4,335,caught,261.0
1175361,2,1,4,355,caught,455.0
1175361,2,4,2,163,caught,485.0
1175361,2,7,3,402,caught,89.0
1175361,2,15,2,261,bowled,
1175362,1,6,3,356,bowled,
1175362,1,10,4,57,caught,474.0
1175362,1,13,4,27,caught,474.0
1175362,1,15,3,309,caught,484.0
1175362,1,15,6,222,caught,490.0
1175362,1,16,3,414,caught,492.0
1175362,1,17,1,403,bowled,
1175362,1,19,1,468,caught,17.0
1175362,2,3,2,484,run out,
1175362,2,6,5,17,bowled,
1175362,2,13,4,8,caught,400.0
1175362,2,16,1,490,caught,400.0
1175362,2,18,3,449,caught,414.0
1175363,1,3,2,408,bowled,
1175363,1,15,5,86,caught,97.0
1175363,2,9,4,188,caught,81.0
1175363,2,10,6,493,caught,81.0
1175363,2,14,4,397,caught,443.0
1175363,2,15,3,445,caught,486.0
1175363,2,15,4,97,lbw,
1175364,1,5,2,57,lbw,
1175364,1,6,2,309,lbw,
1175364,1,12,6,356,lbw,
1175364,1,14,4,27,caught,348.0
1175364,1,17,1,222,caught,261.0
1175364,1,18,3,414,caught,419.0
1175364,1,19,4,400,caught,238.0
1175364,2,7,2,163,caught and bowled,
1175364,2,13,3,261,caught and bowled,
1175365,1,3,4,420,lbw,
1175365,1,5,6,46,lbw,
1175365,1,6,5,337,caught,421.0
1175365,1,7,1,432,caught,454.0
1175365,1,9,1,472,run out,
1175365,1,17,5,335,caught,391.0
1175365,1,18,4,89,caught,421.0
1175365,1,19,6,68,run out,
1175365,2,2,4,42,caught,335.0
1175365,2,11,6,394,caught,472.0
1175365,2,17,5,421,caught,68.0
1175365,2,18,3,478,caught,89.0
1175365,2,19,5,341,caught,472.0
1175365,2,19,6,293,run out,
1175365,3,0,3,394,caught,68.0
1175365,4,0,3,335,bowled,
1175366,1,16,2,493,caught,233.0
1175366,1,17,3,445,run out,
1175366,2,1,6,17,caught,97.0
1175366,2,3,1,490,stumped,493.0
1175366,2,3,4,111,bowled,
1175366,2,6,1,8,caught,188.0
1175366,2,6,2,484,run out,
1175366,2,7,3,491,caught,395.0
1175366,2,15,1,497,caught,395.0
1175366,2,17,3,233,run out,
1175366,2,18,4,449,run out,
1175366,2,19,5,383,caught,395.0
1175367,1,1,6,209,caught,408.0
1175367,1,3,4,32,caught,477.0
1175367,1,4,5,236,caught,408.0
1175367,1,13,4,21,bowled,
1175367,1,18,3,72,caught,81.0
1175367,2,0,2,86,caught,35.0
1175367,2,2,6,352,caught,21.0
1175367,2,3,1,408,caught,72.0
1175367,2,9,6,443,caught and bowled,
1175367,2,13,2,307,caught,483.0
1175367,2,16,1,466,caught,21.0
1175367,2,19,1,438,caught,21.0
1175367,2,19,5,389,caught,387.0
1175368,1,1,5,355,lbw,
1175368,1,3,5,498,lbw,
1175368,1,7,1,261,run out,
1175368,1,13,5,402,caught,421.0
1175368,1,16,2,321,caught,421.0
1175368,1,17,3,499,caught,351.0
1175368,1,18,5,202,bowled,
1175368,1,19,1,419,caught,500.0
1175368,1,19,4,348,run out,
1175368,2,0,1,478,caught,355.0
1175368,2,7,2,394,bowled,
1175368,2,9,5,42,lbw,
1175368,2,16,4,421,bowled,
1175368,2,16,5,351,run out,
1175368,2,17,4,293,caught,340.0
1175368,2,17,6,312,caught,355.0
1175368,2,18,3,341,bowled,
1175368,2,19,1,454,bowled,
1175368,2,19,2,501,bowled,
1175369,1,6,3,8,bowled,
1175369,1,8,3,111,caught and bowled,
1175369,1,10,1,490,caught,408.0
1175369,1,17,2,17,caught,86.0
1175369,2,7,4,86,lbw,
1175369,2,12,4,408,caught,410.0
1175369,2,18,6,307,caught,233.0
1175370,1,2,3,356,caught,236.0
1175370,1,7,1,57,caught,20.0
1175370,1,8,3,27,caught,209.0
1175370,1,16,4,414,caught,35.0
1175370,1,17,6,309,caught,35.0
1175370,2,0,4,209,caught,356.0
1175370,2,1,2,32,caught,222.0
1175370,2,4,6,21,caught,222.0
1175370,2,14,1,20,caught,309.0
1175370,2,14,4,35,caught,356.0
1175370,2,17,1,236,caught,356.0
1175370,2,17,5,72,caught,356.0
1175370,2,19,1,444,caught,376.0
1175371,1,2,2,478,bowled,
1175371,1,5,6,42,caught,368.0
1175371,1,9,1,421,caught,395.0
1175371,1,10,5,391,caught,452.0
1175371,1,13,3,293,caught,97.0
1175371,1,16,1,394,bowled,
1175371,1,18,2,351,caught,452.0
1175371,1,19,2,454,caught,300.0
1175371,2,6,5,493,lbw,
1175371,2,7,6,188,caught,351.0
1175371,2,12,6,97,caught,478.0
1175371,2,14,3,445,caught,394.0
1175371,2,15,6,395,caught,454.0
1175372,1,7,5,17,lbw,
1175372,1,17,1,8,caught and bowled,
1175372,1,18,5,111,caught,472.0
1175372,2,1,5,316,caught,323.0
1175372,2,9,5,46,caught,378.0
1175372,2,11,3,337,bowled,
1175372,2,15,4,432,caught,475.0
1175372,2,16,6,89,caught,383.0
1178393,1,7,2,32,caught,498.0
1178393,1,13,3,304,caught,321.0
1178393,1,13,4,21,bowled,
1178393,2,1,4,163,caught,20.0
1178393,2,1,6,261,caught,304.0
1178393,2,17,3,355,caught,35.0
1178393,2,18,6,321,bowled,
1178393,2,19,4,402,caught,304.0
1178394,1,3,4,57,caught,395.0
1178394,1,4,6,309,lbw,
1178394,1,8,2,356,caught,395.0
1178394,1,11,4,414,caught,493.0
1178394,1,12,5,411,run out,
1178394,1,16,3,400,caught,445.0
1178394,1,17,6,447,caught,493.0
1178394,2,3,4,493,caught,376.0
1178394,2,4,1,188,bowled,
1178394,2,6,5,445,caught,400.0
1178394,2,10,3,97,caught,57.0
1178394,2,11,2,31,caught,411.0
1178394,2,15,4,395,bowled,
1178394,2,15,5,446,caught and bowled,
1178394,2,16,4,452,caught,57.0
1178394,2,17,1,300,bowled,
1178394,2,17,4,369,caught,356.0
1178395,1,1,6,17,caught,501.0
1178395,1,5,6,111,caught,293.0
1178395,1,10,4,410,caught,391.0
1178395,1,14,3,484,stumped,421.0
1178395,1,17,1,8,caught,394.0
1178395,1,17,3,415,caught,421.0
1178395,1,17,6,323,caught,421.0
1178395,1,18,6,474,lbw,
1178395,2,0,3,42,caught,492.0
1178395,2,8,2,478,caught,415.0
1178395,2,13,1,293,lbw,
1178395,2,17,3,394,caught,383.0
1178395,2,17,6,351,caught,111.0
1178395,2,18,2,421,caught,378.0
1178396,1,1,1,86,lbw,
1178396,1,11,5,408,caught,472.0
1178396,1,15,4,443,caught,68.0
1178396,2,8,3,316,caught,307.0
1178396,2,10,5,337,caught,749.0
1178397,1,1,4,493,caught,202.0
1178397,1,10,4,445,caught,355.0
1178397,1,13,2,452,run out,
1178397,1,19,1,97,caught,340.0
1178397,2,3,1,163,caught,395.0
1178397,2,17,1,261,caught,445.0
1178397,2,17,6,321,caught,395.0
1178397,2,18,6,238,caught,395.0
1178398,1,0,6,337,lbw,
1178398,1,1,5,316,caught,444.0
1178398,1,2,3,432,caught,209.0
1178398,1,4,4,46,caught,236.0
1178398,1,8,4,89,caught,50.0
1178398,1,10,1,472,stumped,20.0
1178398,1,15,3,68,stumped,20.0
1178398,1,15,4,455,run out,
1178398,1,16,3,485,caught,50.0
1178398,2,2,2,32,caught,68.0
1178398,2,4,6,21,caught,68.0
1178398,2,14,4,209,caught,432.0
1178399,1,12,5,163,caught,414.0
1178399,1,14,6,321,caught,356.0
1178399,1,16,5,340,caught,447.0
1178399,1,17,3,498,caught,356.0
1178399,2,3,4,503,bowled,
1178399,2,7,4,309,caught,164.0
1178399,2,8,5,356,caught,321.0
1178399,2,11,6,411,run out,
1178399,2,15,1,400,caught,321.0
1178399,2,15,4,414,caught,321.0
1178399,2,19,2,222,caught,321.0
1178400,1,2,5,86,lbw,
1178400,1,3,4,408,caught,209.0
1178400,1,5,2,352,caught,483.0
1178400,1,8,5,443,caught,236.0
1178400,1,10,5,307,caught,209.0
1178400,1,14,6,505,caught,20.0
1178400,1,18,2,438,bowled,
1178400,2,0,4,32,bowled,
1178400,2,1,5,21,run out,
1178400,2,3,6,304,caught,443.0
1178400,2,5,5,236,caught,438.0
1178400,2,17,4,209,caught,389.0
1178400,2,19,3,20,bowled,
1178401,1,0,1,507,bowled,
1178401,1,8,4,46,caught,421.0
1178401,1,12,4,432,bowled,
1178401,1,14,2,472,caught,375.0
1178401,1,15,1,89,caught,42.0
1178401,1,18,2,335,caught,454.0
1178401,1,19,2,409,caught,391.0
1178401,2,2,6,478,caught,89.0
1178401,2,5,4,394,caught,89.0
1178401,2,17,1,421,caught,455.0
1178402,1,10,5,57,caught,408.0
1178402,1,13,1,309,bowled,
1178402,1,16,2,222,caught,389.0
1178402,1,18,3,356,caught,408.0
1178402,1,19,2,411,caught,408.0
1178402,2,6,2,86,caught,309.0
1178402,2,13,2,408,caught,309.0
1178402,2,16,5,352,lbw,
1178402,2,17,1,443,caught and bowled,
1178402,2,17,6,508,bowled,
1178402,2,18,1,307,caught,411.0
1178403,1,6,2,355,stumped,17.0
1178403,1,8,5,261,bowled,
1178403,1,12,6,402,caught,17.0
1178403,1,13,5,498,lbw,
1178403,2,3,5,17,caught,261.0
1178403,2,15,3,8,caught,419.0
1178404,1,4,5,316,caught,304.0
1178404,1,10,2,432,caught,304.0
1178404,1,10,4,46,caught,304.0
1178404,1,14,1,337,caught,407.0
1178404,1,14,5,335,caught,483.0
1178404,1,17,2,89,caught,304.0
1178404,1,19,5,472,caught,35.0
1178404,1,19,6,455,run out,
1178404,2,3,1,32,lbw,
1178404,2,5,3,304,bowled,
1178404,2,9,1,209,caught,46.0
1178404,2,11,1,236,lbw,
1178404,2,15,4,20,lbw,
1178405,1,1,5,478,caught,493.0
1178405,1,3,2,42,caught,300.0
1178405,1,7,6,412,caught,493.0
1178405,1,15,5,394,caught,493.0
1178405,1,16,2,421,caught,395.0
1178405,1,17,6,351,bowled,
1178405,1,19,3,494,lbw,
1178405,2,9,5,493,caught,454.0
1178405,2,11,4,397,caught,454.0
1178405,2,15,2,476,caught,375.0
1178405,2,16,2,188,caught,394.0
1178405,2,16,3,445,caught,421.0
1178405,2,17,2,395,bowled,
1178405,2,17,3,446,caught,494.0
1178405,2,17,6,488,caught,494.0
1178405,2,18,4,300,caught and bowled,
1178405,2,18,5,509,bowled,
1178406,1,2,1,8,caught,356.0
1178406,1,6,6,17,caught,309.0
1178406,1,17,1,484,caught,400.0
1178406,1,17,5,410,caught,57.0
1178406,1,19,2,111,run out,
1178406,1,19,3,415,caught,356.0
1178406,1,19,5,323,caught,356.0
1178406,2,7,1,57,bowled,
1178406,2,7,4,356,lbw,
1178406,2,10,3,411,stumped,17.0
1178406,2,15,3,309,caught,492.0
1178406,2,17,5,414,caught,794.0
1178407,1,5,4,163,caught,352.0
1178407,1,8,4,261,caught,477.0
1178407,1,17,1,355,caught,477.0
1178407,1,18,3,496,caught,86.0
1178407,1,18,6,238,bowled,
1178407,1,19,1,321,caught,408.0
1178407,2,4,1,408,caught,496.0
1178407,2,11,4,352,bowled,
1178407,2,15,6,443,caught,261.0
1178407,2,16,3,510,caught,321.0
1178407,2,17,1,477,caught,355.0
1178407,2,18,3,86,caught,348.0
1178407,2,19,1,389,caught,261.0
1178408,1,9,5,32,bowled,
1178408,1,10,2,304,caught,493.0
1178408,1,13,1,21,lbw,
1178408,1,13,4,236,lbw,
1178408,1,14,4,422,caught,445.0
1178408,2,5,4,188,caught,304.0
1178408,2,6,6,397,caught and bowled,
1178408,2,12,2,445,caught,422.0
1178408,2,16,4,395,caught,304.0
1178409,1,6,1,57,bowled,
1178409,1,7,5,386,lbw,
1178409,1,9,5,356,run out,
1178409,1,15,1,309,caught,421.0
1178409,1,19,3,400,caught,421.0
1178409,2,6,3,42,bowled,
1178409,2,8,3,478,caught,400.0
1178409,2,9,4,412,bowled,
1178409,2,10,2,394,bowled,
1178409,2,13,5,421,bowled,
1178409,2,16,6,351,caught,400.0
1178409,2,17,1,494,run out,
1178409,2,17,2,375,bowled,
1178409,2,19,4,454,caught,222.0
1178410,1,3,2,17,caught,432.0
1178410,1,8,5,415,caught,46.0
1178410,1,15,6,484,caught,485.0
1178410,1,19,6,8,caught,472.0
1178410,2,0,6,337,caught,8.0
1178410,2,3,5,316,caught,17.0
1178410,2,4,6,472,caught,8.0
1178410,2,11,5,46,caught,323.0
1178410,2,19,5,335,run out,
1178411,1,2,3,57,caught and bowled,
1178411,1,13,5,309,caught,81.0
1178411,1,14,3,356,caught,438.0
1178411,1,16,5,222,bowled,
1178411,1,19,1,400,lbw,
1178411,2,3,4,86,caught,309.0
1178411,2,7,2,352,caught,222.0
1178411,2,7,6,438,bowled,
1178411,2,17,4,505,run out,
1178411,2,18,1,510,lbw,
1178412,1,1,4,355,stumped,421.0
1178412,1,4,5,261,caught,512.0
1178412,1,7,1,321,caught,478.0
1178412,1,12,2,163,caught,375.0
1178412,1,12,6,498,caught and bowled,
1178412,1,16,3,238,stumped,421.0
1178412,1,19,1,202,caught,394.0
1178412,2,3,1,478,run out,
1178412,2,13,3,42,caught,202.0
1178412,2,15,1,421,caught,498.0
1178412,2,18,3,293,bowled,
1178412,2,18,4,375,run out,
1178413,1,2,4,316,bowled,
1178413,1,4,2,472,caught,445.0
1178413,1,7,1,432,caught,493.0
1178413,1,8,2,89,run out,
1178413,1,15,3,464,caught,446.0
1178413,1,16,6,337,caught,397.0
1178413,1,18,5,335,caught,446.0
1178413,1,19,3,68,caught,493.0
1178413,2,12,2,188,bowled,
1178414,1,2,3,8,caught,20.0
1178414,1,6,5,111,caught,304.0
1178414,1,12,4,415,caught,304.0
1178414,1,15,4,17,caught,32.0
1178414,1,16,3,410,caught,483.0
1178414,1,18,6,323,caught,209.0
1178414,1,19,5,484,caught,407.0
1178414,2,0,5,32,caught,410.0
1178414,2,0,6,21,bowled,
1178414,2,3,6,304,caught,111.0
1178414,2,5,5,236,caught,111.0
1178414,2,13,1,209,bowled,
1178414,2,16,4,35,run out,
1178414,2,18,6,72,caught,17.0
1178414,2,19,6,407,run out,
1178415,1,1,1,352,run out,
1178415,1,13,1,307,caught,351.0
1178415,1,15,5,438,caught,394.0
1178415,1,16,4,510,caught,512.0
1178415,1,19,3,256,bowled,
1178415,1,19,6,505,bowled,
1178415,2,7,3,42,stumped,352.0
1178415,2,8,5,394,caught,438.0
1178415,2,16,4,478,caught,505.0
1178415,2,17,6,512,caught,505.0
1178416,1,1,3,493,caught,20.0
1178416,1,13,3,188,stumped,20.0
1178416,1,18,6,445,caught,35.0
1178416,2,2,3,304,run out,
1178416,2,9,6,21,stumped,493.0
1178416,2,17,1,32,caught,493.0
1178416,2,19,4,209,caught,445.0
1178417,1,3,1,8,caught,238.0
1178417,1,6,2,17,caught and bowled,
1178417,1,7,3,484,bowled,
1178417,1,8,6,415,caught,238.0
1178417,2,3,2,163,caught,111.0
1178417,2,9,1,261,caught,383.0
1178417,2,10,1,355,caught,378.0
1178417,2,18,1,321,caught,111.0
1178417,2,18,6,496,caught,111.0
1178417,2,19,2,202,caught,8.0
1178417,2,19,3,499,caught,17.0
1178418,1,0,3,337,bowled,
1178418,1,4,6,472,bowled,
1178418,1,8,2,432,caught,297.0
1178418,1,11,3,316,run out,
1178418,1,16,5,335,caught,505.0
1178418,1,17,2,409,caught,86.0
1178418,2,5,2,86,lbw,
1178418,2,6,3,352,bowled,
1178418,2,7,2,307,bowled,
1178418,2,10,1,438,caught,335.0
1178418,2,12,3,256,caught,464.0
1178418,2,15,2,389,caught,472.0
1178418,2,18,5,505,hit wicket,
1178419,1,2,4,356,caught,209.0
1178419,1,12,1,462,caught,72.0
1178419,1,13,1,414,caught,506.0
1178419,1,16,2,57,caught,186.0
1178419,2,0,5,32,caught,447.0
1178419,2,3,1,21,caught,309.0
1178419,2,4,3,209,bowled,
1178419,2,7,2,236,bowled,
1178419,2,9,6,483,caught,447.0
1178419,2,11,4,186,caught,309.0
1178419,2,15,6,72,caught and bowled,
1178419,2,16,3,444,caught,414.0
1178419,2,17,2,50,caught,400.0
1178419,2,17,4,506,caught,222.0
1178420,1,3,5,397,bowled,
1178420,1,12,1,188,caught,307.0
1178420,1,14,6,97,caught,352.0
1178420,1,15,5,445,caught,347.0
1178420,1,16,2,395,caught and bowled,
1178420,1,17,5,63,caught,352.0
1178420,1,18,1,277,caught,389.0
1178420,1,19,3,300,caught,347.0
1178420,2,9,1,508,caught,63.0
1178420,2,11,3,86,caught,188.0
1178420,2,16,6,307,caught,369.0
1178421,1,3,3,478,caught,17.0
1178421,1,12,2,42,caught,456.0
1178421,1,14,5,421,lbw,
1178421,1,15,3,394,caught,8.0
1178421,1,16,5,293,caught,456.0
1178421,2,5,5,17,caught,375.0
1178421,2,7,2,8,caught,512.0
1178421,2,11,3,111,caught,375.0
1178421,2,12,2,475,caught,421.0
1178421,2,12,6,491,caught,42.0
1178421,2,18,4,330,caught,421.0
1178421,2,19,2,456,caught,394.0
1178422,1,9,3,337,caught,462.0
1178422,1,15,2,472,caught,462.0
1178422,2,1,2,356,caught,335.0
1178422,2,3,3,57,lbw,
1178422,2,6,1,462,caught,89.0
1178422,2,8,2,309,caught,89.0
1178422,2,13,2,222,caught,432.0
1178422,2,17,6,400,caught,335.0
1178422,2,19,4,414,caught and bowled,
1178423,1,6,2,63,caught,514.0
1178423,1,15,3,97,caught,348.0
1178423,1,15,6,188,caught,470.0
1178423,1,18,2,397,caught,419.0
1178423,1,18,4,452,bowled,
1178423,1,19,1,446,bowled,
1178423,2,2,1,163,caught,97.0
1178423,2,8,4,261,caught,445.0
1178423,2,10,5,496,caught,300.0
1178423,2,12,5,321,caught,445.0
1178423,2,12,6,202,caught,97.0
1178423,2,18,2,355,caught,397.0
1178423,2,19,1,514,lbw,
1178423,2,19,4,470,bowled,
1178424,1,1,4,8,caught,508.0
1178424,1,1,5,111,caught,505.0
1178424,1,1,6,410,caught,307.0
1178424,1,2,5,330,caught,482.0
1178424,1,3,6,17,caught,750.0
1178424,1,4,3,475,caught,508.0
1178424,1,4,5,323,caught,352.0
1178424,2,3,2,352,caught,323.0
1178425,1,3,2,32,caught,375.0
1178425,1,13,3,304,caught,42.0
1178425,1,14,5,21,caught,42.0
1178425,1,18,3,35,caught and bowled,
1178425,2,0,5,478,caught,21.0
1178425,2,5,3,42,bowled,
1178425,2,6,2,421,caught,72.0
1178425,2,7,4,293,lbw,
1178425,2,10,2,375,caught,32.0
1178425,2,10,6,512,caught,444.0
1178425,2,11,4,351,stumped,20.0
1178425,2,11,6,394,stumped,20.0
1178425,2,15,2,399,run out,
1178425,2,16,2,134,caught,20.0
1178426,1,5,2,57,caught,452.0
1178426,1,11,4,309,caught,446.0
1178426,1,12,4,462,caught,445.0
1178426,1,15,5,400,caught,452.0
1178426,1,19,1,222,caught,488.0
1178426,2,3,6,63,caught,462.0
1178426,2,5,1,416,lbw,
1178426,2,7,1,397,lbw,
1178426,2,13,2,445,caught,222.0
1178426,2,14,3,488,caught,356.0
1178426,2,19,4,452,caught,309.0
1178426,3,0,1,97,run out,
1178426,3,0,4,452,bowled,
1178427,1,2,3,355,caught,337.0
1178427,1,4,1,163,caught,472.0
1178427,1,10,5,496,caught,751.0
1178427,1,13,3,261,run out,
1178427,1,17,3,238,caught,46.0
1178427,1,18,1,202,bowled,
1178427,2,5,6,337,caught and bowled,
1178427,2,10,3,46,caught,261.0
1178427,2,14,5,335,caught,453.0
1178428,1,1,6,86,caught,42.0
1178428,1,3,5,508,bowled,
1178428,1,4,2,352,run out,
1178428,1,5,2,482,caught,421.0
1178428,1,11,2,389,stumped,421.0
1178428,1,11,3,256,caught,421.0
1178428,1,13,2,466,caught,85.0
1178428,1,17,2,489,caught,134.0
1178428,1,19,6,505,caught,512.0
1178428,2,3,1,42,caught,505.0
1178428,2,3,2,478,bowled,
1178428,2,7,3,394,caught,508.0
1178428,2,13,4,293,caught,86.0
1178428,2,15,2,512,caught,508.0
1178429,1,4,3,63,caught,233.0
1178429,1,7,2,416,caught,8.0
1178429,1,7,5,97,caught,490.0
1178429,1,13,5,445,caught,449.0
1178429,1,15,5,31,caught,233.0
1178429,1,16,6,452,caught,330.0
1178429,1,17,3,446,caught,490.0
1178429,2,0,3,17,caught,97.0
1178429,2,1,5,8,caught,63.0
1178429,2,2,5,111,caught,416.0
1178429,2,17,4,490,caught,445.0
1178429,2,18,2,330,caught,31.0
1178429,2,18,3,456,caught,97.0
1178430,1,4,1,32,bowled,
1178430,1,16,4,21,caught,348.0
1178430,1,18,4,304,bowled,
1178430,1,19,2,209,caught,238.0
1178430,1,19,4,236,bowled,
1178430,2,10,3,355,caught,387.0
1178430,2,10,4,163,caught,483.0
1178430,2,12,2,261,caught,35.0
1178430,2,16,2,496,caught,20.0
1178431,1,6,1,472,lbw,
1178431,1,8,2,337,caught,356.0
1178431,1,12,4,89,caught,414.0
1178431,1,12,5,335,caught,356.0
1178431,1,17,2,432,caught,222.0
1178431,1,19,5,46,caught,57.0
1178431,1,19,6,464,caught,400.0
1178431,2,6,1,356,caught,89.0
1181764,1,2,1,304,caught,548.0
1181764,1,3,3,21,caught and bowled,
1181764,1,5,6,32,caught,426.0
1181764,1,12,1,186,stumped,356.0
1181764,2,0,2,57,lbw,
1181764,2,3,2,356,caught,304.0
1181764,2,13,5,411,bowled,
1181764,2,13,6,414,caught and bowled,
1181766,1,3,1,63,caught,394.0
1181766,1,6,3,416,caught,494.0
1181766,1,13,3,97,caught,512.0
1181766,1,15,5,397,bowled,
1181766,1,18,3,445,caught,375.0
1181766,1,19,4,452,caught,375.0
1181766,1,19,5,395,run out,
1181766,1,19,5,446,caught,421.0
1181766,2,7,4,42,stumped,63.0
1181766,2,10,2,394,caught,63.0
1181766,2,10,6,478,caught,445.0
1181766,2,14,1,412,lbw,
1181766,2,14,4,375,lbw,
1181766,2,18,1,512,caught,452.0
1181766,2,18,5,421,caught,452.0
1181766,2,19,4,134,obstructing the field,
1181767,1,2,3,478,lbw,
1181767,1,5,2,42,caught,20.0
1181767,1,8,5,412,caught,72.0
1181767,1,11,3,394,caught,21.0
1181767,1,12,5,375,caught,387.0
1181767,1,15,5,512,caught,32.0
1181767,1,17,5,494,bowled,
1181767,1,18,4,421,caught,72.0
1181767,1,19,3,461,bowled,
1181767,2,10,2,304,caught,494.0
1181767,2,12,2,32,caught,461.0
1181767,2,15,6,21,bowled,
1181767,2,18,4,20,caught,494.0
1181768,1,4,5,356,caught,20.0
1181768,1,5,2,57,caught,20.0
1181768,1,11,2,309,bowled,
1181768,1,12,3,414,caught and bowled,
1181768,1,14,4,411,caught,21.0
1181768,1,18,2,400,lbw,
1181768,1,18,4,447,caught,304.0
1181768,1,19,4,403,run out,
1181768,2,3,6,304,stumped,356.0
1181768,2,9,2,21,lbw,
1181768,2,10,3,209,caught,356.0
1181768,2,12,4,20,run out,
1181768,2,18,2,72,caught,356.0
1181768,2,19,4,32,run out,
1181768,2,19,6,407,lbw,
1216492,1,4,4,57,caught,498.0
1216492,1,5,1,356,caught,32.0
1216492,1,10,6,309,caught,498.0
1216492,1,14,1,80,caught,304.0
1216492,1,14,5,400,caught,304.0
1216492,1,16,1,414,caught,20.0
1216492,1,18,1,222,caught,20.0
1216492,1,18,5,515,caught,304.0
1216492,1,19,1,461,bowled,
1216492,2,0,6,32,lbw,
1216492,2,1,6,186,lbw,
1216492,2,15,6,209,caught and bowled,
1216492,2,17,1,35,lbw,
1216492,2,18,2,498,caught,515.0
1216493,1,1,4,42,run out,
1216493,1,3,3,478,caught,435.0
1216493,1,3,6,490,caught,261.0
1216493,1,13,6,421,bowled,
1216493,1,14,1,394,caught,435.0
1216493,1,16,1,375,caught,355.0
1216493,1,18,6,202,caught,348.0
1216493,1,19,6,410,run out,
1216493,2,4,3,355,bowled,
1216493,2,5,1,340,caught,478.0
1216493,2,5,5,496,bowled,
1216493,2,6,3,306,caught,394.0
1216493,2,9,6,402,caught,478.0
1216493,2,15,3,466,caught,421.0
1216493,2,19,5,261,caught,490.0
1216493,2,19,6,435,caught,454.0
1216493,3,0,2,355,caught,375.0
1216493,3,0,3,496,bowled,
1216534,1,10,6,517,bowled,
1216534,1,11,1,255,lbw,
1216534,1,15,5,8,caught,446.0
1216534,1,19,3,111,run out,
1216534,1,19,6,491,run out,
1216534,2,1,4,188,run out,
1216534,2,11,6,97,caught,492.0
1216534,2,15,2,493,bowled,
1216534,2,15,3,445,bowled,
1216534,2,16,3,519,bowled,
1216534,2,16,6,488,run out,
1216534,2,17,4,300,bowled,
1216534,2,17,6,446,bowled,
1216534,2,18,2,254,caught,8.0
1216534,2,19,4,368,caught,8.0
1216496,1,2,2,521,caught and bowled,
1216496,1,11,4,352,caught,444.0
1216496,1,11,6,321,run out,
1216496,1,14,1,46,caught,304.0
1216496,1,16,2,391,lbw,
1216496,1,16,6,505,caught,20.0
1216496,1,18,2,307,caught,236.0
1216496,2,6,4,32,bowled,
1216496,2,7,3,186,caught,467.0
1216496,2,8,5,498,stumped,352.0
1216496,2,8,6,522,stumped,352.0
1216496,2,13,4,236,caught,352.0
1216496,2,18,5,304,caught,352.0
1216508,1,1,2,356,caught,420.0
1216508,1,10,5,309,run out,
1216508,1,15,1,80,caught,405.0
1216508,1,17,5,57,caught,405.0
1216508,1,18,3,400,hit wicket,
1216508,2,2,4,472,caught,222.0
1216508,2,4,5,316,caught,356.0
1216508,2,10,1,89,lbw,
1216508,2,11,4,432,caught,400.0
1216508,2,15,1,335,bowled,
1216508,2,15,4,217,caught,356.0
1216508,2,16,3,420,caught,400.0
1216508,2,18,2,405,caught,400.0
1216508,2,19,6,473,stumped,356.0
1216510,1,6,6,261,bowled,
1216510,1,13,1,496,caught,111.0
1216510,1,15,2,306,caught,255.0
1216510,2,0,4,517,caught,525.0
1216510,2,1,3,518,lbw,
1216510,2,2,4,8,caught,525.0
1216510,2,7,5,255,bowled,
1216510,2,8,2,111,caught,402.0
1216510,2,12,6,491,bowled,
1216510,2,13,6,233,bowled,
1216510,2,15,2,456,caught,261.0
1216510,2,16,2,492,bowled,
1216510,2,16,6,383,lbw,
1216539,1,10,4,42,lbw,
1216539,1,12,2,478,stumped,20.0
1216539,1,18,6,394,caught,20.0
1216539,2,4,2,32,caught,490.0
1216539,2,5,6,186,caught,454.0
1216539,2,9,1,522,run out,
1216539,2,15,4,236,lbw,
1216539,2,17,2,304,caught,421.0
1216539,2,19,3,20,caught,421.0
1216539,2,19,6,35,caught,134.0
1216545,1,3,6,493,bowled,
1216545,1,9,1,188,caught and bowled,
1216545,1,17,4,97,caught and bowled,
1216545,1,19,2,63,run out,
1216545,2,1,2,316,caught,188.0
1216545,2,4,4,432,caught,63.0
1216545,2,6,2,89,lbw,
1216527,1,16,3,261,caught,352.0
1216527,1,17,6,355,caught,389.0
1216527,2,2,2,408,caught,402.0
1216527,2,8,6,307,caught,348.0
1216527,2,16,1,352,caught,355.0
1216527,2,18,1,46,caught,496.0
1216527,2,18,6,391,caught,261.0
1216527,2,19,2,505,bowled,
1216547,1,8,6,255,caught,222.0
1216547,1,12,2,8,caught,57.0
1216547,1,17,1,517,caught,222.0
1216547,2,1,4,57,caught,323.0
1216547,2,2,2,309,caught,111.0
1216547,2,6,4,356,caught,323.0
1216547,2,11,2,400,caught,323.0
1216547,2,19,5,411,caught,517.0
1216547,3,0,5,222,caught,330.0
1216532,1,9,3,188,caught,421.0
1216532,1,11,2,97,caught,454.0
1216532,1,17,5,493,caught,516.0
1216532,1,19,4,397,caught,375.0
1216532,2,0,5,478,caught,493.0
1216532,2,7,2,394,caught,523.0
1216532,2,11,3,42,caught,493.0
1216532,2,15,1,490,caught,97.0
1216532,2,16,4,421,caught,519.0
1216532,2,17,6,410,lbw,
1216532,2,19,3,375,bowled,
1216504,1,4,5,316,bowled,
1216504,1,9,6,432,caught,505.0
1216504,1,11,1,472,caught and bowled,
1216504,1,13,1,89,caught,408.0
1216504,1,14,2,335,caught,347.0
1216504,1,17,6,405,caught,352.0
1216504,2,1,6,307,caught,89.0
1216504,2,4,1,352,caught,316.0
1216504,2,6,1,408,caught,527.0
1216504,2,7,1,46,caught,473.0
1216504,2,7,4,505,caught,472.0
1216504,2,10,5,391,bowled,
1216504,2,13,5,389,caught,89.0
1216504,2,14,4,477,caught,524.0
1216504,2,17,6,347,caught,524.0
1216503,1,0,5,356,bowled,
1216503,1,3,5,309,run out,
1216503,1,13,1,411,caught,340.0
1216503,1,16,1,57,caught,377.0
1216503,2,4,5,261,bowled,
1216503,2,5,4,340,bowled,
1216503,2,8,1,355,bowled,
1216503,2,13,2,496,caught,356.0
1216503,2,14,5,306,caught,461.0
1216503,2,15,6,377,caught,309.0
1216503,2,17,1,402,lbw,
1216503,2,18,3,525,caught,309.0
1216516,1,0,4,493,bowled,
1216516,1,7,1,97,caught,498.0
1216516,1,10,5,188,caught,304.0
1216516,1,10,6,397,run out,
1216516,1,17,6,488,caught,20.0
1216516,2,2,3,32,bowled,
1216516,2,5,1,209,bowled,
1216516,2,5,6,304,run out,
1216516,2,8,2,236,caught,188.0
1216516,2,17,4,35,caught,523.0
1216514,1,2,4,307,bowled,
1216514,1,3,1,408,caught,517.0
1216514,1,4,1,352,caught and bowled,
1216514,1,10,1,46,caught,526.0
1216514,1,15,5,505,caught,255.0
1216514,1,16,4,482,caught,517.0
1216514,2,2,3,255,lbw,
1216514,2,15,5,517,bowled,
1216515,1,5,5,42,caught,217.0
1216515,1,12,4,478,caught,472.0
1216515,1,17,5,421,caught,473.0
1216515,1,19,1,410,caught,527.0
1216515,2,1,2,316,bowled,
1216515,2,8,1,472,caught,421.0
1216515,2,9,5,335,caught,516.0
1216515,2,12,4,432,caught,375.0
1216515,2,12,5,89,caught,42.0
1216515,2,13,3,405,caught,312.0
1216515,2,18,3,217,caught,490.0
1216515,2,19,2,443,bowled,
1216513,1,8,1,261,caught,498.0
1216513,1,11,6,238,caught,209.0
1216513,1,17,1,496,caught,35.0
1216513,1,17,2,355,caught,20.0
1216538,1,0,5,57,caught,493.0
1216538,1,5,5,309,caught,520.0
1216538,1,13,1,356,caught and bowled,
1216538,1,14,6,411,caught,97.0
1216538,1,19,2,400,bowled,
1216538,2,4,1,493,caught,400.0
1216538,2,9,5,97,caught,222.0
1216538,2,12,2,397,caught,356.0
1216538,2,14,1,519,caught,447.0
1216538,2,15,4,188,caught,411.0
1216538,2,18,2,523,caught,57.0
1216538,2,18,5,488,bowled,
1216519,1,6,4,478,caught,111.0
1216519,1,9,4,42,caught,484.0
1216519,1,11,3,394,caught,517.0
1216519,1,18,2,421,bowled,
1216519,2,2,6,517,caught,410.0
1216519,2,3,6,255,caught,421.0
1216519,2,5,5,111,caught,42.0
1216519,2,11,6,484,caught,490.0
1216519,2,13,3,8,caught,421.0
1216519,2,15,6,456,caught,202.0
1216519,2,17,1,491,bowled,
1216519,2,17,3,526,caught,394.0
1216519,2,18,6,474,bowled,
1216511,1,4,5,356,caught,408.0
1216511,1,9,1,57,caught,391.0
1216511,1,9,2,411,caught,352.0
1216511,1,13,6,414,caught,389.0
1216511,2,0,2,521,caught,356.0
1216511,2,1,4,307,caught,356.0
1216511,2,2,5,352,caught,57.0
1216511,2,8,1,482,caught,596.0
1216511,2,13,3,408,caught,222.0
1216511,2,14,4,467,caught,400.0
1216511,2,15,2,391,bowled,
1216511,2,15,5,389,caught,356.0
1216511,2,17,6,477,caught,222.0
1216511,2,18,1,345,caught,57.0
1216501,1,4,2,472,caught,20.0
1216501,1,8,1,432,caught,35.0
1216501,1,10,6,316,caught,304.0
1216501,1,13,6,217,caught,20.0
1216501,1,15,2,335,caught,20.0
1216501,1,16,5,443,caught,32.0
1216501,1,18,6,89,caught,407.0
1216501,1,19,2,524,caught,304.0
1216501,1,19,5,473,caught,20.0
1216501,1,19,6,527,run out,
1216501,2,3,4,304,caught,89.0
1216501,2,12,1,209,caught,472.0
1216501,2,13,1,32,lbw,
1216501,2,16,3,20,bowled,
1216501,2,17,1,498,caught,217.0
1216542,1,15,1,188,caught,306.0
1216542,1,15,4,493,lbw,
1216542,1,16,1,97,caught and bowled,
1216542,1,17,5,523,caught,529.0
1216542,1,18,1,519,caught,496.0
1216542,1,19,5,488,caught,306.0
1216542,2,1,3,261,run out,
1216542,2,4,2,514,caught,519.0
1216542,2,6,4,355,caught,397.0
1216542,2,10,6,306,run out,
1216542,2,12,3,238,bowled,
1216542,2,13,5,470,caught,493.0
1216542,2,14,5,496,caught,520.0
1216542,2,14,6,348,lbw,
1216542,2,16,2,528,bowled,
1216542,2,16,5,529,caught,188.0
1216500,1,1,3,42,caught,521.0
1216500,1,4,2,478,caught and bowled,
1216500,1,5,5,394,run out,
1216500,1,9,2,421,run out,
1216500,1,13,3,410,caught,307.0
1216500,1,16,6,490,caught,391.0
1216500,1,18,6,375,caught,408.0
1216500,1,19,4,312,caught,391.0
1216500,2,2,3,408,caught,42.0
1216500,2,8,1,307,caught,490.0
1216500,2,10,3,352,caught,490.0
1216500,2,11,2,482,caught,375.0
1216500,2,12,1,521,bowled,
1216500,2,13,5,453,caught,454.0
1216500,2,14,5,477,caught,394.0
1216500,2,17,2,389,caught,490.0
1216500,2,19,1,391,bowled,
1216500,2,19,4,297,caught,421.0
1216523,1,2,4,443,bowled,
1216523,1,3,3,432,run out,
1216523,1,10,4,217,caught,306.0
1216523,1,17,5,472,run out,
1216523,1,18,2,335,caught,514.0
1216523,1,19,6,89,run out,
1216523,2,14,2,261,caught,472.0
1216523,2,17,2,496,bowled,
1216523,2,18,4,514,caught,432.0
1216523,2,18,6,355,bowled,
1216523,2,19,5,238,caught,752.0
1216525,1,2,5,255,bowled,
1216525,1,10,2,517,caught,304.0
1216525,1,10,5,111,caught,20.0
1216525,1,14,3,456,caught,20.0
1216525,2,3,6,304,caught,351.0
1216525,2,5,4,32,bowled,
1216525,2,14,2,531,run out,
1216525,2,15,6,20,caught,330.0
1216525,2,16,2,498,caught,111.0
1216525,2,17,3,209,bowled,
1216525,2,18,4,72,caught,517.0
1216525,2,18,6,35,caught,330.0
1216507,1,4,4,493,caught,352.0
1216507,1,14,4,188,bowled,
1216507,1,17,4,97,caught,391.0
1216507,1,19,6,519,run out,
1216507,2,1,2,438,bowled,
1216507,2,3,4,307,run out,
1216507,2,4,1,408,caught,493.0
1216507,2,9,1,46,lbw,
1216507,2,11,6,352,caught,493.0
1216529,1,0,3,478,caught,414.0
1216529,1,4,2,86,lbw,
1216529,1,14,4,394,caught,461.0
1216529,1,16,3,410,run out,
1216529,2,4,6,57,caught,454.0
1216529,2,9,5,356,caught,478.0
1216529,2,14,6,309,caught,394.0
1216529,2,15,2,400,caught,532.0
1216529,2,17,3,411,caught,375.0
1216540,1,7,4,517,bowled,
1216540,1,12,2,255,bowled,
1216540,2,3,6,533,bowled,
1216540,2,7,6,432,bowled,
1216540,2,9,3,472,run out,
1216540,2,10,3,89,bowled,
1216540,2,11,1,217,caught,526.0
1216540,2,13,5,335,caught,474.0
1216540,2,14,5,405,caught,517.0
1216540,2,16,6,443,caught,351.0
1216540,2,18,6,524,bowled,
1216528,1,2,1,304,caught,493.0
1216528,1,4,4,498,bowled,
1216528,1,15,2,209,caught,188.0
1216528,1,16,2,32,caught,97.0
1216528,1,18,6,20,caught,397.0
1216528,1,19,1,72,bowled,
1216528,2,3,3,188,caught and bowled,
1216528,2,3,6,97,run out,
1216528,2,9,5,493,bowled,
1216528,2,14,4,519,caught,35.0
1216528,2,16,4,445,caught,35.0
1216528,2,17,2,397,caught,407.0
1216528,2,18,6,446,hit wicket,
1216528,2,19,3,294,caught and bowled,
1216543,1,0,1,478,bowled,
1216543,1,2,3,86,caught,46.0
1216543,1,11,4,42,caught,530.0
1216543,1,15,6,394,caught,477.0
1216543,1,18,6,410,caught,391.0
1216543,1,19,4,532,caught,477.0
1216543,1,19,6,375,caught,530.0
1216543,2,2,6,408,bowled,
1216543,2,3,6,307,caught and bowled,
1216543,2,10,2,438,caught,543.0
1216543,2,11,4,352,bowled,
1216543,2,13,2,505,run out,
1216543,2,17,3,46,bowled,
1216543,2,18,4,477,caught,86.0
1216543,2,19,6,389,caught,543.0
1216531,1,4,1,517,caught,496.0
1216531,1,6,3,255,bowled,
1216531,1,10,3,456,caught,435.0
1216531,1,15,6,491,caught,355.0
1216531,1,17,3,111,caught,395.0
1216531,1,17,5,8,caught,355.0
1216531,2,7,6,261,bowled,
1216531,2,19,5,163,run out,
1216526,1,2,6,443,caught,309.0
1216526,1,5,3,432,caught,356.0
1216526,1,7,3,472,caught,222.0
1216526,1,7,4,89,bowled,
1216526,1,10,4,335,caught,356.0
1216526,2,10,3,57,caught,89.0
1216526,2,13,3,309,bowled,
1216509,1,0,3,498,caught,516.0
1216509,1,11,4,32,bowled,
1216509,1,14,4,304,caught,42.0
1216509,1,16,3,20,caught,532.0
1216509,2,0,2,478,caught and bowled,
1216509,2,4,1,86,caught,498.0
1216509,2,11,3,394,caught,304.0
1216509,2,15,4,410,caught,209.0
1216509,2,18,1,532,caught,304.0
1216522,1,5,4,438,caught,111.0
1216522,1,7,4,46,caught,255.0
1216522,1,7,5,352,caught,351.0
1216522,1,15,3,408,caught,492.0
1216522,1,19,2,307,caught,536.0
1216522,1,19,6,477,lbw,
1216522,2,3,3,255,caught,46.0
1216522,2,12,6,517,caught,438.0
1216522,2,13,1,8,caught,391.0
1216512,1,5,6,443,bowled,
1216512,1,11,4,472,caught,519.0
1216512,1,12,1,432,caught,519.0
1216512,1,14,6,335,caught,445.0
1216512,1,19,6,217,caught,97.0
1216512,2,6,1,397,caught,432.0
1216512,2,8,4,519,bowled,
1216512,2,9,2,493,caught,335.0
1216512,2,11,3,97,bowled,
1216512,2,15,2,445,caught,472.0
1216512,2,18,6,523,caught,472.0
1216512,3,0,1,188,bowled,
1216512,3,0,3,523,bowled,
1216517,1,2,5,57,bowled,
1216517,1,3,3,309,caught,419.0
1216517,1,5,1,411,caught,419.0
1216517,1,13,5,414,caught,395.0
1216517,1,15,3,400,caught,496.0
1216517,1,16,3,356,caught,261.0
1216517,2,3,3,261,bowled,
1216517,2,9,1,163,caught,461.0
1216517,2,12,5,496,caught,372.0
1216517,2,13,3,306,caught,57.0
1216517,2,17,3,355,bowled,
1216517,2,19,6,435,run out,
1216517,3,0,2,496,caught,596.0
1216517,3,0,6,355,lbw,
1216517,4,0,6,356,run out,
1216517,5,0,4,400,run out,
1216533,1,2,6,304,caught,408.0
1216533,1,3,6,32,caught,391.0
1216533,1,8,2,498,caught,408.0
1216533,1,9,6,209,caught,352.0
1216533,1,17,4,20,run out,
1216533,2,2,6,438,bowled,
1216533,2,3,2,46,caught,20.0
1216533,2,4,3,352,caught,20.0
1216546,1,3,2,478,caught,306.0
1216546,1,8,3,394,caught,355.0
1216546,1,13,4,421,caught,261.0
1216546,1,17,3,410,caught,261.0
1216546,1,19,6,490,bowled,
1216546,2,2,2,355,caught,537.0
1216546,2,5,2,163,bowled,
1216546,2,5,5,261,run out,
1216546,2,12,3,496,caught,421.0
1216546,2,15,5,306,caught,421.0
1216494,1,1,3,443,caught,111.0
1216494,1,1,4,432,bowled,
1216494,1,2,2,472,caught,351.0
1216494,1,3,3,533,caught,111.0
1216494,1,8,4,89,lbw,
1216494,1,12,3,405,caught,517.0
1216494,1,15,4,217,caught,330.0
1216494,1,19,6,455,run out,
1216494,2,6,2,255,caught,89.0
1216494,2,6,4,517,run out,
1216518,1,3,3,46,run out,
1216518,1,11,4,352,bowled,
1216518,1,12,1,438,bowled,
1216518,1,15,3,408,caught,294.0
1216518,1,18,1,307,caught,97.0
1216518,1,18,2,505,caught,188.0
1216518,2,0,4,188,caught,438.0
1216518,2,2,4,493,bowled,
1216521,1,0,5,522,lbw,
1216521,1,1,4,209,caught,356.0
1216521,1,1,5,531,caught,309.0
1216521,1,2,5,304,caught,356.0
1216521,1,5,2,35,caught,414.0
1216521,1,6,4,20,caught,356.0
1216521,1,8,5,444,stumped,356.0
1216521,1,14,5,407,caught,309.0
1216521,1,19,6,498,bowled,
1216497,1,1,5,472,caught,375.0
1216497,1,5,4,443,bowled,
1216497,1,7,2,89,caught,421.0
1216497,1,16,4,316,caught,86.0
1216497,1,19,5,432,caught,534.0
1216497,1,19,6,217,caught,454.0
1216497,2,0,1,86,lbw,
1216497,2,2,3,42,bowled,
1216497,2,11,2,421,caught,472.0
1216497,2,13,2,490,caught,443.0
1216497,2,13,3,394,caught,524.0
1216497,2,15,1,410,caught,443.0
1216497,2,15,5,375,bowled,
1216497,2,18,5,454,caught,443.0
1216497,2,19,5,534,caught,217.0
1216498,1,4,6,238,caught,446.0
1216498,1,9,6,163,caught,188.0
1216498,1,10,1,355,bowled,
1216498,1,13,4,306,caught,188.0
1216498,1,14,2,395,stumped,493.0
1216498,1,17,3,435,caught,509.0
1216498,1,18,2,419,run out,
1216498,2,6,2,188,caught,355.0
1216498,2,7,2,493,bowled,
1216498,2,8,5,523,caught,435.0
1216498,2,16,1,97,caught,399.0
1216498,2,17,5,445,caught,355.0
1216498,2,18,3,392,caught,238.0
1216498,2,18,4,446,caught,496.0
1216498,2,19,2,368,caught,419.0
1216498,2,19,3,519,caught,435.0
1216498,2,19,5,509,run out,
1216541,1,0,5,356,bowled,
1216541,1,10,4,411,caught,477.0
1216541,1,12,2,309,caught,438.0
1216541,1,12,6,222,bowled,
1216541,1,18,1,80,caught,438.0
1216541,2,1,5,46,caught,222.0
1216541,2,4,4,307,bowled,
1216544,1,3,5,255,caught,522.0
1216544,1,6,1,517,caught,522.0
1216544,1,17,3,111,caught,304.0
1216544,1,18,1,484,caught,506.0
1216544,1,18,6,8,caught,304.0
1216544,1,19,3,351,bowled,
1216544,2,5,1,304,caught,474.0
1216544,2,13,3,209,bowled,
1216520,1,0,2,432,caught,163.0
1216520,1,1,4,443,caught,355.0
1216520,1,1,6,89,caught,355.0
1216520,1,9,5,217,caught,419.0
1216520,1,10,6,316,bowled,
1216520,1,14,2,524,bowled,
1216520,1,15,4,405,lbw,
1216520,1,18,3,472,caught,496.0
1216520,1,19,5,527,bowled,
1216520,2,7,6,355,lbw,
1216520,2,18,1,163,caught,485.0
1216524,1,9,4,188,caught,375.0
1216524,1,14,3,63,caught,394.0
1216524,2,0,3,42,caught,188.0
1216524,2,1,6,410,caught,188.0
1216524,2,6,1,490,bowled,
1216524,2,6,5,86,lbw,
1216524,2,11,3,394,caught,397.0
1216524,2,12,5,375,caught,519.0
1216524,2,15,6,454,bowled,
1216524,2,16,1,421,caught,146.0
1216524,2,17,6,202,caught,523.0
1216524,2,18,6,516,caught,519.0
1216499,1,7,5,518,stumped,356.0
1216499,1,11,2,8,caught,80.0
1216499,1,15,2,111,caught,447.0
1216499,1,16,3,491,caught,309.0
1216499,1,16,5,517,caught,461.0
1216499,1,17,2,351,caught,515.0
1216499,2,5,3,356,caught,330.0
1216499,2,7,5,411,caught,351.0
1216499,2,10,4,80,caught,517.0
1216499,2,13,5,414,caught,351.0
1216499,2,18,5,400,caught,474.0
1216536,1,7,2,472,bowled,
1216536,1,8,3,316,caught,35.0
1216536,1,12,5,464,caught,209.0
1216536,1,17,1,432,caught,498.0
1216536,1,19,2,217,caught,522.0
1216536,2,7,3,32,caught,464.0
1216536,2,13,4,209,caught,316.0
1216536,2,14,4,20,bowled,
1216536,2,17,2,522,bowled,
1216537,1,0,6,238,caught,438.0
1216537,1,14,4,355,caught,391.0
1216537,1,17,6,496,caught,391.0
1216537,1,19,4,163,bowled,
1216537,2,5,3,438,caught,395.0
1216537,2,10,5,46,caught,496.0
1216537,2,14,2,352,run out,
1216502,1,2,5,517,bowled,
1216502,1,4,4,8,caught,397.0
1216502,1,10,6,111,caught,488.0
1216502,1,11,4,518,caught,97.0
1216502,1,17,1,456,caught and bowled,
1216502,1,18,2,351,caught,188.0
1216502,1,18,4,526,caught,397.0
1216502,2,1,2,188,caught,526.0
1216502,2,6,4,97,caught,351.0
1216502,2,10,6,63,stumped,111.0
1216502,2,12,1,397,caught,8.0
1216502,2,13,5,488,caught,330.0
1216535,1,0,3,42,caught,309.0
1216535,1,2,6,478,caught,356.0
1216535,1,10,2,394,stumped,356.0
1216535,1,11,1,410,caught,356.0
1216535,1,11,4,421,lbw,
1216535,1,13,6,312,lbw,
1216535,1,15,2,490,caught,414.0
1216535,1,18,1,202,caught,414.0
1216535,1,19,6,454,run out,
1216535,2,10,2,356,bowled,
1216506,1,5,2,261,bowled,
1216506,1,8,3,355,bowled,
1216506,1,10,4,496,caught,20.0
1216506,1,11,5,163,lbw,
1216506,1,16,2,238,bowled,
1216506,1,17,1,377,caught,522.0
1216506,2,9,5,304,caught,355.0
1216530,1,0,2,432,caught,352.0
1216530,1,8,3,472,caught,408.0
1216530,1,8,6,316,caught,438.0
1216530,1,11,6,443,caught,46.0
1216530,1,12,3,89,caught,307.0
1216530,1,15,3,335,caught,321.0
1216530,1,19,2,405,caught,352.0
1216530,2,0,6,46,caught,524.0
1216530,2,2,1,438,caught,89.0
1216530,2,2,6,307,bowled,
1216530,2,3,3,352,caught,89.0
1216530,2,4,6,505,caught,89.0
1216530,2,10,4,408,caught,405.0
1216530,2,14,4,391,caught,89.0
1216530,2,17,3,477,caught,473.0
1216530,2,18,3,530,caught and bowled,
1216505,1,4,1,518,caught,478.0
1216505,1,12,3,8,caught,410.0
1216505,1,15,4,517,bowled,
1216505,1,15,6,351,caught,421.0
1216505,1,18,6,491,caught,86.0
1216505,1,19,2,111,run out,
1216505,1,19,4,526,caught,394.0
1216505,2,1,5,478,bowled,
1216505,2,12,4,42,caught,491.0
1216505,2,16,2,394,caught,474.0
1216505,2,17,2,86,caught,491.0
1216495,1,2,3,57,caught,188.0
1216495,1,4,4,356,bowled,
1216495,1,11,1,309,stumped,63.0
1216495,1,11,4,414,caught,397.0
1216495,1,12,1,80,caught,63.0
1216495,1,16,3,411,bowled,
1216495,1,17,2,372,caught,519.0
1216495,1,19,3,222,bowled,
1237177,1,1,3,57,lbw,
1237177,1,7,4,356,caught,42.0
1237177,1,11,5,309,caught,537.0
1237177,1,12,2,222,caught,454.0
1237177,1,16,1,414,caught,537.0
1237177,2,0,2,478,caught,356.0
1237177,2,0,5,86,lbw,
1237177,2,1,2,42,bowled,
1237177,2,3,5,394,caught,57.0
1237177,2,7,5,421,caught,309.0
1237177,2,15,1,410,bowled,
1237177,2,15,3,537,caught,356.0
1237177,2,19,5,375,caught,447.0
1237178,1,1,2,8,caught,146.0
1237178,1,3,3,517,caught,519.0
1237178,1,10,2,255,caught,523.0
1237178,1,10,4,484,run out,
1237178,1,15,4,491,caught,188.0
1237178,1,17,1,456,caught,523.0
1237178,1,17,5,111,bowled,
1237178,2,0,4,146,caught,111.0
1237178,2,5,4,188,caught,111.0
1237178,2,8,3,97,caught,111.0
1237178,2,11,5,519,caught,431.0
1237180,1,8,2,410,bowled,
1237180,1,13,6,394,caught,97.0
1237180,1,18,3,42,lbw,
1237180,2,1,1,188,bowled,
1237180,2,4,4,519,bowled,
1237180,2,4,6,97,caught,516.0
1237180,2,11,4,392,caught,535.0
1237180,2,16,5,397,caught,454.0
1237180,2,18,3,523,caught,494.0
1237180,2,18,4,446,caught,375.0
1237180,2,18,5,146,caught,410.0
1237181,1,0,1,410,caught,356.0
1237181,1,2,4,86,caught,356.0
1237181,1,3,3,42,bowled,
1237181,1,14,6,421,caught,400.0
1237181,1,17,2,490,caught,372.0
1237181,1,19,2,375,caught,596.0
1237181,1,19,6,454,run out,
1237181,2,4,1,356,caught,421.0
1237181,2,10,5,309,run out,
1237181,2,16,2,57,caught,543.0
1237181,2,17,1,222,bowled,
1237181,2,18,3,400,caught,86.0
1254058,1,3,6,57,run out,
1254058,1,10,6,309,caught,111.0
1254058,1,12,5,337,caught and bowled,
1254058,1,15,6,400,lbw,
1254058,1,17,4,411,lbw,
1254058,1,19,1,414,caught,259.0
1254058,1,19,2,222,caught,456.0
1254058,1,19,4,538,bowled,
1254058,1,19,6,447,run out,
1254058,2,4,2,456,caught,337.0
1254058,2,5,5,539,bowled,
1254058,2,12,3,8,lbw,
1254058,2,14,1,306,caught,337.0
1254058,2,14,6,536,caught,414.0
1254058,2,16,3,259,caught,447.0
1254058,2,18,5,540,run out,
1254058,2,19,4,111,run out,
1254059,1,1,4,304,lbw,
1254059,1,2,1,522,caught,42.0
1254059,1,8,3,484,caught,42.0
1254059,1,13,5,209,caught,42.0
1254059,1,15,1,21,run out,
1254059,1,15,3,20,bowled,
1254059,1,19,6,498,bowled,
1254059,2,13,3,478,caught,484.0
1254059,2,16,3,42,lbw,
1254059,2,18,3,410,caught,498.0
1254060,1,6,6,472,bowled,
1254060,1,15,2,443,caught,63.0
1254060,1,16,2,335,caught,97.0
1254060,1,17,3,432,caught,445.0
1254060,1,17,4,217,caught,523.0
1254060,1,19,6,277,caught,523.0
1254060,2,1,3,188,caught,89.0
1254060,2,2,1,63,bowled,
1254060,2,12,6,493,caught,432.0
1254060,2,15,6,452,caught,217.0
1254060,2,17,6,445,caught,217.0
1254061,1,2,4,261,caught,352.0
1254061,1,9,5,163,caught,438.0
1254061,1,17,3,395,caught,505.0
1254061,1,17,6,496,caught,546.0
1254061,1,19,2,355,caught,391.0
1254061,1,19,6,542,caught,351.0
1254061,2,0,3,438,caught and bowled,
1254061,2,3,2,346,caught and bowled,
1254061,2,7,3,408,bowled,
1254061,2,12,4,491,caught,395.0
1254061,2,16,2,505,caught,355.0
1254061,2,18,1,391,caught,355.0
1254061,2,19,6,352,caught,395.0
1254062,1,1,6,356,caught,443.0
1254062,1,10,3,309,caught,472.0
1254062,1,11,1,411,caught,485.0
1254062,1,15,2,57,bowled,
1254062,1,16,2,400,caught,335.0
1254062,1,17,2,222,caught,89.0
1254062,1,17,3,538,caught,405.0
1254062,1,19,3,414,caught,485.0
1254062,1,19,4,376,caught,277.0
1254062,1,19,6,447,caught,472.0
1254062,2,8,5,472,caught,222.0
1254062,2,10,3,443,caught,356.0
1254062,2,12,5,217,caught,538.0
1254062,2,14,6,432,stumped,356.0
1254062,2,15,2,277,caught,309.0
1254062,2,19,3,335,caught and bowled,
1254062,2,19,4,405,bowled,
1254063,1,2,5,517,caught,294.0
1254063,1,6,1,536,caught,446.0
1254063,1,12,1,8,caught,445.0
1254063,1,13,4,111,caught,188.0
1254063,1,15,5,456,caught,97.0
1254063,1,16,4,259,caught,63.0
1254063,1,19,1,540,caught,97.0
1254063,1,19,6,306,caught,63.0
1254063,2,2,2,63,caught,306.0
1254063,2,13,2,188,caught,259.0
1254063,2,16,1,493,caught,111.0
1254063,2,16,2,97,caught,312.0
1254063,2,16,6,523,caught and bowled,
1254063,2,17,6,445,caught,8.0
1254063,2,18,3,392,caught,259.0
1254063,2,19,4,446,run out,
1254063,2,19,5,294,caught,536.0
1254064,1,1,6,478,caught,321.0
1254064,1,3,1,42,caught,352.0
1254064,1,5,5,86,caught and bowled,
1254064,1,6,5,410,caught,408.0
1254064,1,12,4,421,run out,
1254064,1,14,5,543,caught,391.0
1254064,1,18,2,467,bowled,
1254064,1,18,6,202,run out,
1254064,2,2,4,346,caught,454.0
1254064,2,2,6,408,caught,421.0
1254064,2,3,3,352,caught,42.0
1254064,2,7,4,491,caught,42.0
1254064,2,9,2,505,caught,42.0
1254064,2,14,5,391,caught,543.0
1254064,2,15,5,321,caught,543.0
1254065,1,0,4,261,bowled,
1254065,1,2,5,355,run out,
1254065,1,4,2,163,caught,35.0
1254065,1,4,4,496,caught,407.0
1254065,1,6,2,395,caught,304.0
1254065,1,12,1,542,bowled,
1254065,1,16,5,419,caught,304.0
1254065,1,19,1,541,caught,35.0
1254065,2,4,6,522,caught,395.0
1254065,2,12,3,484,caught,541.0
1254065,2,14,2,21,caught,355.0
1254065,2,14,3,209,caught,496.0
1254066,1,6,3,57,caught,544.0
1254066,1,8,3,309,caught and bowled,
1254066,1,13,5,356,caught,399.0
1254066,1,16,5,411,caught,493.0
1254066,1,18,4,400,caught,544.0
1254066,2,7,2,493,hit wicket,
1254066,2,8,6,97,caught,222.0
1254066,2,11,3,188,run out,
1254066,2,14,1,544,caught,309.0
1254066,2,14,5,488,caught,450.0
1254066,2,17,4,523,run out,
1254066,2,17,6,446,lbw,
1254066,2,18,5,445,caught,309.0
1254066,2,19,1,300,bowled,
1254066,2,19,4,509,bowled,
1254067,1,1,2,8,caught,443.0
1254067,1,1,6,539,bowled,
1254067,1,11,1,517,caught,443.0
1254067,1,16,6,306,caught,50.0
1254067,2,1,5,472,caught,259.0
1254067,2,5,6,443,caught,474.0
1254067,2,6,5,432,caught,517.0
1254067,2,8,3,89,lbw,
1254067,2,13,4,217,caught,8.0
1254067,2,17,4,277,bowled,
1254067,2,17,6,405,caught,111.0
1254067,2,19,1,335,bowled,
1254068,1,12,4,261,caught,42.0
1254068,1,15,2,355,caught,410.0
1254068,1,16,2,163,caught,559.0
1254068,1,18,5,496,caught,454.0
1254068,2,5,3,478,caught,163.0
1254068,2,10,6,307,caught,542.0
1254068,2,14,5,42,bowled,
1254068,2,17,1,421,caught,395.0
1254069,1,3,5,522,caught,491.0
1254069,1,5,4,304,caught,505.0
1254069,1,9,2,484,caught,505.0
1254069,1,13,2,209,caught,505.0
1254069,1,13,5,21,caught,351.0
1254069,1,17,2,20,caught,408.0
1254069,1,18,3,35,caught,352.0
1254069,1,19,1,498,run out,
1254069,1,19,4,407,run out,
1254069,2,3,5,346,caught,35.0
1254069,2,5,5,352,caught,72.0
1254069,2,11,1,408,bowled,
1254069,2,11,6,491,lbw,
1254069,2,12,5,321,lbw,
1254069,2,14,1,505,caught,35.0
1254069,2,14,3,351,caught,35.0
1254069,2,18,6,391,caught,522.0
1254069,2,19,2,347,caught,35.0
1254070,1,2,1,356,caught,421.0
1254070,1,6,6,309,caught,421.0
1254070,1,8,4,57,caught,307.0
1254070,1,8,6,400,caught,307.0
1254070,1,10,4,414,bowled,
1254070,1,11,5,222,lbw,
1254070,1,17,3,411,bowled,
1254070,1,18,5,426,caught and bowled,
1254070,1,19,4,447,caught,421.0
1254070,2,1,3,478,caught and bowled,
1254070,2,9,2,307,lbw,
1254070,2,14,5,42,caught,414.0
1254070,2,16,5,421,caught,414.0
1254071,1,3,1,355,caught,236.0
1254071,1,6,6,261,caught,446.0
1254071,1,7,1,496,run out,
1254071,1,8,4,163,lbw,
1254071,1,11,3,395,lbw,
1254071,1,13,4,164,stumped,493.0
1254071,1,16,4,545,caught,188.0
1254071,1,18,1,541,caught,488.0
1254071,1,19,1,419,caught,493.0
1254071,1,19,4,348,run out,
1254071,2,10,1,188,caught,261.0
1254072,1,12,2,522,caught,405.0
1254072,1,16,3,484,stumped,89.0
1254072,1,18,6,20,caught,217.0
1254072,2,0,4,472,caught,699.0
1254072,2,2,5,432,caught,20.0
1254072,2,4,3,217,caught,20.0
1254072,2,4,6,316,caught,35.0
1254072,2,5,2,443,caught,20.0
1254072,2,11,2,335,bowled,
1254072,2,14,6,89,lbw,
1254072,2,16,2,524,caught,304.0
1254072,2,18,3,527,run out,
1254072,2,19,1,485,run out,
1254073,1,2,3,408,bowled,
1254073,1,3,5,346,caught,363.0
1254073,1,4,3,321,lbw,
1254073,1,7,2,352,caught,306.0
1254073,1,13,3,505,caught,383.0
1254073,1,15,3,491,caught,306.0
1254073,1,18,6,391,caught,536.0
1254073,1,19,1,351,caught,383.0
1254073,1,19,2,546,caught,111.0
1254074,1,1,6,356,caught,164.0
1254074,1,6,6,411,caught,355.0
1254074,1,16,1,309,caught,163.0
1254074,1,17,3,57,caught,545.0
1254074,1,18,4,400,caught,395.0
1254074,1,19,5,414,caught,496.0
1254074,2,7,2,261,caught,309.0
1254075,1,5,4,472,run out,
1254075,1,8,1,432,caught,352.0
1254075,1,9,5,316,caught,521.0
1254075,1,10,2,217,run out,
1254075,1,15,2,443,caught,505.0
1254075,1,17,4,335,caught,321.0
1254075,1,17,6,89,caught,546.0
1254075,1,19,2,405,caught,505.0
1254075,1,19,6,473,bowled,
1254075,2,3,2,408,lbw,
1254075,2,4,5,521,caught,524.0
1254075,2,10,5,491,caught,485.0
1254075,2,13,4,391,caught,524.0
1254076,1,9,1,522,caught,540.0
1254076,1,13,4,21,caught,517.0
1254076,1,13,5,304,caught,259.0
1254076,1,17,3,209,caught,540.0
1254076,2,3,1,8,caught,20.0
1254076,2,4,6,517,caught,21.0
1254076,2,6,2,456,caught,522.0
1254076,2,8,5,306,bowled,
1254076,2,9,4,259,run out,
1254076,2,10,1,111,bowled,
1254076,2,11,6,312,bowled,
1254076,2,13,1,492,caught,21.0
1254076,2,15,6,540,run out,
1254077,1,10,2,42,bowled,
1254077,1,11,3,478,run out,
1254077,1,18,2,421,caught,399.0
1254077,1,18,6,490,caught,397.0
1254077,2,3,2,188,run out,
1254077,2,5,4,493,caught,42.0
1254077,2,11,2,544,caught,410.0
1254077,2,14,2,236,stumped,421.0
1254077,2,16,1,488,lbw,
1254077,2,16,2,446,lbw,
1254077,2,18,3,445,bowled,
1254078,1,5,4,355,caught,316.0
1254078,1,6,3,163,caught,89.0
1254078,1,7,4,395,caught,217.0
1254078,1,11,2,261,caught,443.0
1254078,1,13,1,164,bowled,
1254078,1,14,2,496,bowled,
1254078,1,17,2,541,caught,217.0
1254078,1,18,1,525,caught,217.0
1254078,1,19,4,435,bowled,
1254078,2,0,4,432,caught,541.0
1254078,2,1,5,472,lbw,
1254078,2,2,6,316,caught,525.0
1254078,2,10,6,443,caught,541.0
1254078,2,14,1,335,run out,
1254079,1,3,6,8,bowled,
1254079,1,4,1,517,bowled,
1254079,1,8,3,306,caught,307.0
1254079,1,14,5,539,caught,307.0
1254079,1,17,6,456,caught and bowled,
1254079,2,2,3,42,caught,383.0
1254079,2,3,3,307,caught,111.0
1254079,2,7,2,478,caught,111.0
1254079,2,12,4,410,caught,111.0
1254080,1,3,2,493,caught,444.0
1254080,1,17,1,188,caught,35.0
1254080,1,17,5,97,caught,304.0
1254080,2,12,6,522,bowled,
1254080,2,14,5,484,caught,236.0
1254080,2,14,6,304,lbw,
1254081,1,7,4,408,stumped,356.0
1254081,1,9,5,521,caught and bowled,
1254081,1,17,4,352,bowled,
1254081,1,18,5,491,caught and bowled,
1254081,2,5,6,57,caught,546.0
1254081,2,9,2,309,caught,408.0
1254081,2,16,4,414,bowled,
1254082,1,3,4,432,stumped,421.0
1254082,1,9,3,443,caught,543.0
1254082,1,10,2,217,caught,307.0
1254082,1,10,4,316,bowled,
1254082,1,12,6,472,caught,307.0
1254082,1,16,2,89,lbw,
1254082,2,13,5,42,lbw,
1254082,2,15,2,478,caught,432.0
1254082,2,15,5,421,caught,473.0
1254083,1,3,3,514,caught,8.0
1254083,1,10,4,163,caught,111.0
1254083,1,11,3,496,caught,536.0
1254083,1,13,6,395,caught,539.0
1254083,1,14,4,541,bowled,
1254083,2,2,3,517,bowled,
1254083,2,10,1,8,bowled,
1254083,2,10,2,306,bowled,
1254083,2,12,1,111,caught,355.0
1254083,2,14,4,539,caught,496.0
1254083,2,15,4,536,caught,511.0
1254083,2,15,5,537,bowled,
1254083,2,19,4,312,caught,525.0
1254084,1,0,4,522,caught,400.0
1254084,1,10,5,484,caught,356.0
1254084,1,11,5,304,caught,376.0
1254084,1,11,6,21,caught,414.0
1254084,2,7,4,57,caught,522.0
1254084,2,8,4,309,caught,20.0
1254084,2,9,4,356,caught and bowled,
1254084,2,16,3,414,lbw,
1254084,2,18,4,400,caught,304.0
1254084,2,18,6,377,caught,407.0
1254085,1,2,6,521,lbw,
1254085,1,16,4,352,caught,523.0
1254085,1,18,6,408,bowled,
1254085,2,6,1,97,bowled,
1254085,2,7,6,493,caught,561.0
1254085,2,10,4,445,caught,321.0
1254085,2,12,5,397,caught,351.0
1254085,2,14,2,452,caught,561.0
1254085,2,16,3,523,caught,561.0
1254085,2,16,6,236,bowled,
1254085,2,17,2,446,caught,351.0
1254086,1,3,3,514,caught,307.0
1254086,1,5,2,163,bowled,
1254086,1,13,1,547,bowled,
1254086,1,13,3,395,run out,
1254086,1,17,2,541,caught,490.0
1254086,1,18,6,435,caught,543.0
1254086,2,6,1,478,bowled,
1254086,2,12,6,307,caught,547.0
1254086,2,16,3,421,caught,261.0
1254104,1,0,5,304,caught,450.0
1254104,1,1,3,484,caught,80.0
1254104,1,1,6,209,retired hurt,
1254104,1,2,6,21,caught,447.0
1254104,1,5,6,20,caught,461.0
1254104,1,16,4,35,caught,222.0
1254104,1,19,2,72,caught,414.0
1254104,2,2,2,356,lbw,
1254104,2,4,6,548,bowled,
1254104,2,5,4,309,caught,304.0
1254104,2,9,2,411,caught,21.0
1254104,2,13,1,222,lbw,
1254104,2,14,4,414,run out,
1254104,2,19,2,450,caught,466.0
1254104,2,19,4,447,caught,21.0
1254087,1,1,4,8,lbw,
1254087,1,5,6,517,caught,89.0
1254087,1,8,1,549,caught,472.0
1254087,1,8,4,111,bowled,
1254087,1,11,4,306,bowled,
1254087,1,11,5,550,lbw,
1254087,1,13,4,370,caught,432.0
1254087,1,15,3,540,run out,527.0
1254087,1,16,3,312,bowled,
1254087,1,18,6,474,caught,527.0
1254087,2,9,1,472,caught,474.0
1254111,1,5,3,462,caught,261.0
1254111,1,7,1,352,caught,355.0
1254111,1,11,5,508,caught,545.0
1254111,1,14,2,521,caught,261.0
1254111,1,16,3,505,caught,552.0
1254111,1,17,1,482,caught,552.0
1254111,1,18,1,391,bowled,
1254111,1,18,5,351,caught,552.0
1254111,1,19,5,546,caught and bowled,
1254111,1,19,6,530,bowled,
1254111,2,11,5,355,caught,530.0
1254111,2,12,6,261,caught,508.0
1254111,2,19,3,496,caught,352.0
1254111,2,19,5,395,caught,352.0
1254105,1,0,3,188,caught,375.0
1254105,1,4,6,63,caught,42.0
1254105,1,9,5,397,caught,490.0
1254105,1,10,1,97,caught and bowled,
1254105,1,12,6,236,lbw,
1254105,1,15,1,392,caught,478.0
1254105,1,18,2,523,caught,421.0
1254105,1,19,4,446,run out,
1254105,1,19,6,368,run out,421.0
1254105,2,2,5,478,caught,397.0
1254105,2,10,5,42,caught,523.0
1254096,1,9,2,57,caught,472.0
1254096,1,12,1,309,caught,89.0
1254096,1,14,5,356,caught,316.0
1254096,1,16,2,411,caught,335.0
1254096,1,19,2,222,run out,
1254096,1,19,3,414,caught,551.0
1254096,2,2,6,472,bowled,
1254096,2,11,4,551,bowled,
1254096,2,14,1,217,caught,461.0
1254113,1,13,2,8,caught,35.0
1254113,1,16,5,111,caught,21.0
1254113,1,16,6,517,caught,209.0
1254113,1,18,2,553,caught,21.0
1254113,1,19,2,306,caught,35.0
1254113,1,19,6,312,caught,21.0
1254113,2,8,2,522,caught,8.0
1254113,2,9,1,304,caught,492.0
1254113,2,13,6,484,caught,8.0
1254113,2,15,4,209,caught,111.0
1254097,1,3,1,42,bowled,
1254097,1,4,1,478,caught,508.0
1254097,1,11,4,421,bowled,
1254097,1,13,2,394,stumped,352.0
1254097,1,16,3,490,caught,546.0
1254097,1,18,2,375,caught,321.0
1254097,2,0,6,508,caught,421.0
1254097,2,1,1,521,caught,421.0
1254097,2,4,2,321,stumped,421.0
1254097,2,10,2,482,caught,500.0
1254097,2,11,5,505,bowled,
1254097,2,17,2,391,caught,490.0
1254107,1,4,1,355,caught,399.0
1254107,1,4,5,261,caught,397.0
1254107,1,10,4,163,lbw,
1254107,1,11,4,496,caught and bowled,
1254107,1,14,4,552,caught,97.0
1254107,1,15,4,395,caught,399.0
1254107,1,19,3,555,caught,97.0
1254107,2,0,3,188,caught,355.0
1254107,2,2,2,397,bowled,
1254107,2,7,6,97,bowled,
1254107,2,12,2,236,bowled,
1254107,2,12,6,523,caught,163.0
1254107,2,16,1,63,run out,
1254107,2,18,1,446,caught and bowled,
1254098,1,0,6,472,run out,209.0
1254098,1,5,1,551,caught,20.0
1254098,1,9,1,217,caught,304.0
1254098,1,12,2,443,bowled,
1254098,1,16,4,335,bowled,
1254098,1,19,4,89,caught,20.0
1254098,2,8,2,522,caught,217.0
1254098,2,11,3,304,caught,448.0
1254098,2,14,2,209,bowled,
1254098,2,16,4,484,caught,551.0
1254098,2,17,1,21,run out,
1254098,2,17,3,20,bowled,
1254098,2,19,1,498,caught,524.0
1254098,2,19,5,35,lbw,
1254108,1,1,4,517,caught,356.0
1254108,1,8,5,549,caught,309.0
1254108,1,15,5,8,caught,596.0
1254108,1,18,3,306,caught,461.0
1254108,1,18,4,111,caught,356.0
1254108,1,19,2,536,bowled,
1254108,2,6,4,356,caught,306.0
1254108,2,9,6,57,caught,517.0
1254108,2,10,3,411,caught,312.0
1254108,2,13,1,414,bowled,
1254108,2,14,1,309,caught,383.0
1254108,2,16,1,400,caught,8.0
1254108,2,16,2,222,bowled,
1254108,2,16,3,447,lbw,
1254108,2,17,3,376,bowled,
1254108,2,18,1,450,bowled,
1254100,1,1,1,462,caught,523.0
1254100,1,8,4,521,bowled,
1254100,1,10,1,508,caught,523.0
1254100,1,19,2,352,caught,392.0
1254100,1,19,4,505,caught,439.0
1254100,2,5,1,63,stumped,352.0
1254100,2,11,6,439,caught,352.0
1254100,2,12,6,519,caught and bowled,
1254092,1,4,6,42,caught,551.0
1254092,1,6,2,394,bowled,
1254092,1,12,2,307,bowled,
1254092,1,13,5,490,caught,378.0
1254092,1,14,3,543,lbw,
1254092,1,15,3,375,caught,448.0
1254092,1,19,1,202,caught,432.0
1254092,1,19,2,421,run out,
1254092,1,19,6,500,run out,89.0
1254092,2,4,3,551,bowled,
1254092,2,5,5,443,caught,307.0
1254092,2,10,6,472,caught,394.0
1254092,2,11,2,217,caught,543.0
1254092,2,14,4,89,bowled,
1254092,2,16,5,316,caught,375.0
1254092,2,17,6,378,bowled,
1254099,1,5,2,238,lbw,
1254099,1,6,2,163,caught,400.0
1254099,1,6,4,355,caught,376.0
1254099,1,7,3,496,lbw,
1254099,1,15,2,552,bowled,
1254099,1,18,4,395,caught,222.0
1254099,2,3,3,57,caught,238.0
1254099,2,3,4,309,bowled,
1254099,2,9,5,356,bowled,
1254099,2,15,1,80,caught,355.0
1254103,1,8,2,521,caught,474.0
1254103,1,11,1,462,caught,549.0
1254103,1,12,5,482,stumped,549.0
1254103,1,13,1,352,caught,517.0
1254103,1,13,6,391,caught,517.0
1254103,1,16,2,508,caught,111.0
1254103,1,19,2,505,caught,8.0
1254103,1,19,3,351,caught,517.0
1254103,1,19,6,546,caught,111.0
1254103,2,5,2,517,bowled,
1254103,2,6,5,8,run out,505.0
1254103,2,15,6,549,caught,561.0
1254091,1,3,3,439,caught,20.0
1254091,1,6,3,397,lbw,
1254091,1,10,5,519,caught,20.0
1254091,1,12,3,63,caught,20.0
1254091,1,16,3,488,caught,304.0
1254091,1,16,5,523,caught,484.0
1254091,1,18,2,392,caught,444.0
1254091,2,10,1,522,caught,397.0
1254091,2,14,4,484,bowled,
1254091,2,15,3,21,lbw,
1254091,2,15,5,304,caught,369.0
1254102,1,2,2,472,bowled,
1254102,1,11,3,443,caught,395.0
1254102,1,14,4,551,caught,395.0
1254102,1,15,5,217,lbw,
1254102,1,17,4,432,caught,261.0
1254102,1,18,4,556,run out,348.0
1254102,1,19,6,89,bowled,
1254102,2,8,5,261,caught,217.0
1254102,2,10,4,496,caught,473.0
1254102,2,15,3,552,caught,472.0
1254102,2,16,3,395,caught,443.0
1254102,2,19,2,355,caught,473.0
1254089,1,6,5,304,stumped,352.0
1254089,1,8,3,21,caught,491.0
1254089,1,14,4,484,stumped,352.0
1254089,1,16,2,209,caught,557.0
1254089,2,5,2,462,caught,584.0
1254089,2,6,1,521,caught,20.0
1254089,2,15,4,352,caught,522.0
1254112,1,1,5,57,caught,454.0
1254112,1,6,2,356,caught,516.0
1254112,1,10,3,309,caught,454.0
1254112,1,12,5,80,caught,421.0
1254112,1,14,1,222,bowled,
1254112,1,18,1,400,bowled,
1254112,1,18,4,372,bowled,
1254112,1,19,2,426,caught,307.0
1254112,2,1,6,42,run out,222.0
1254112,2,2,4,478,lbw,
1254112,2,4,1,307,bowled,
1254112,2,8,2,421,caught,400.0
1254112,2,11,4,375,lbw,
1254112,2,13,1,490,caught,57.0
1254090,1,9,4,8,bowled,
1254090,1,9,5,259,caught,402.0
1254090,1,11,4,517,caught,355.0
1254090,1,18,2,111,run out,402.0
1254090,1,19,2,306,caught,402.0
1254090,1,19,4,536,bowled,
1254090,1,19,5,558,bowled,
1254090,2,10,5,355,caught,312.0
1254090,2,12,5,496,caught,517.0
1254090,2,15,2,261,caught,474.0
1254090,2,15,5,402,bowled,
1254090,2,16,5,552,caught,259.0
1254090,2,19,1,541,run out,312.0
1254109,1,0,2,63,lbw,
1254109,1,3,4,439,caught,378.0
1254109,1,6,5,397,run out,277.0
1254109,1,10,1,488,stumped,89.0
1254109,1,14,2,519,caught,443.0
1254109,1,16,1,392,caught,551.0
1254109,1,17,2,523,caught,472.0
1254109,1,18,2,446,caught,551.0
1254109,2,4,4,551,caught,397.0
1254109,2,6,4,443,caught,488.0
1254109,2,16,3,472,caught,392.0
1254109,2,17,6,432,caught,63.0
1254110,1,2,4,304,caught,394.0
1254110,1,4,4,522,caught,202.0
1254110,1,7,4,484,caught,394.0
1254110,1,8,3,46,caught and bowled,
1254110,1,19,1,20,caught,421.0
1254110,2,2,3,478,caught,304.0
1254110,2,5,5,394,caught,522.0
1254110,2,8,5,421,caught,484.0
1254110,2,12,5,559,caught,444.0
1254110,2,14,1,202,bowled,
1254110,2,14,6,42,caught,484.0
1254110,2,19,3,375,caught,484.0
1254093,1,3,4,521,caught,411.0
1254093,1,5,3,462,lbw,
1254093,1,6,1,352,caught,426.0
1254093,1,8,3,491,bowled,
1254093,1,9,4,557,bowled,
1254093,1,14,6,391,caught,411.0
1254093,1,15,6,389,caught,411.0
1254093,1,16,4,321,lbw,
1254093,1,18,4,546,bowled,
1254093,2,3,2,57,caught,521.0
1254093,2,5,4,309,caught,482.0
1254095,1,1,5,488,caught,306.0
1254095,1,11,3,397,bowled,
1254095,1,14,1,519,caught,111.0
1254095,1,14,6,439,caught and bowled,
1254095,1,15,1,523,lbw,
1254095,1,17,2,63,caught,111.0
1254095,1,19,6,392,caught,259.0
1254095,2,0,6,8,lbw,
1254095,2,3,2,259,caught,397.0
1254095,2,6,5,549,caught,63.0
1254095,2,14,1,306,run out,397.0
1254095,2,16,5,517,caught,523.0
1254095,2,18,4,536,caught,397.0
1254094,1,3,5,522,caught,541.0
1254094,1,5,4,484,caught,355.0
1254094,1,6,5,46,caught,511.0
1254094,1,8,3,209,caught,529.0
1254094,1,11,6,20,bowled,
1254094,1,19,3,304,caught,355.0
1254094,2,4,3,261,lbw,
1254094,2,4,6,402,caught,304.0
1254094,2,8,6,541,caught,72.0
1254094,2,12,1,552,caught,20.0
1254106,1,10,5,551,bowled,
1254106,1,11,5,432,caught,508.0
1254106,1,15,4,472,caught,521.0
1254106,1,17,1,443,bowled,
1254106,2,0,3,521,bowled,
1254106,2,1,1,352,caught,217.0
1254106,2,3,2,508,caught,443.0
1254106,2,3,4,561,lbw,
1254106,2,7,3,557,bowled,
1254106,2,7,6,491,bowled,
1254106,2,8,6,351,lbw,
1254106,2,11,2,347,caught,277.0
1254106,2,15,3,546,run out,
1254106,2,16,1,391,bowled,
1254088,1,5,3,57,caught,452.0
1254088,1,8,3,400,caught,439.0
1254088,1,9,1,411,caught,63.0
1254088,1,12,5,222,caught,439.0
1254088,1,12,6,377,caught,452.0
1254088,1,15,3,414,caught,452.0
1254088,1,17,2,372,caught,452.0
1254088,1,19,1,68,caught,523.0
1254088,1,19,4,309,caught,452.0
1254088,2,5,2,439,caught,414.0
1254088,2,6,6,488,caught,372.0
1254088,2,8,3,452,caught,222.0
1254088,2,9,1,523,caught,222.0
1254088,2,15,1,519,caught,400.0
1254088,2,16,1,392,caught,461.0
1254088,2,17,2,446,caught and bowled,
1254088,2,18,4,63,caught and bowled,
1254101,1,10,1,42,caught,259.0
1254101,1,11,2,478,caught,558.0
1254101,1,12,4,421,caught,549.0
1254101,1,17,4,394,caught,259.0
1254101,1,19,6,490,caught,8.0
1254101,2,0,5,517,caught,202.0
1254101,2,2,1,8,caught,454.0
1254101,2,9,3,111,caught,394.0
1254114,1,3,2,42,caught,20.0
1254114,1,5,3,394,caught,522.0
1254114,1,9,4,375,caught,506.0
1254114,1,10,2,478,caught,304.0
1254114,1,18,4,490,caught,35.0
1254114,2,0,4,304,bowled,
1254114,2,13,3,46,caught,394.0
1254114,2,13,6,407,caught,394.0
1254114,2,14,4,209,run out,
1254114,2,18,1,522,caught,375.0
1254114,2,19,1,484,caught,454.0
1254115,1,5,1,517,bowled,
1254115,1,9,4,549,caught,551.0
1254115,1,12,2,8,bowled,
1254115,1,14,2,111,bowled,
1254115,1,16,4,306,caught,448.0
1254115,1,18,6,536,caught,473.0
1254115,1,19,4,259,run out,
1254115,2,5,2,472,caught,111.0
1254115,2,6,6,443,lbw,
1254115,2,10,6,551,caught,549.0
1254115,2,14,2,432,caught,111.0
1254115,2,17,2,316,bowled,
1254115,2,17,4,89,caught,549.0
1254116,1,4,1,478,lbw,
1254116,1,11,3,410,bowled,
1254116,1,14,1,42,caught,277.0
1254116,1,15,2,421,caught,443.0
1254116,1,18,3,490,run out,
1254116,2,12,2,551,caught,307.0
1254116,2,15,6,432,caught,490.0
1254116,2,16,4,472,caught,421.0
1254116,2,17,6,89,bowled,
1254116,2,18,6,217,bowled,
1254116,2,19,3,277,lbw,
1254116,2,19,4,316,caught,375.0
1254117,1,8,1,522,caught,473.0
1254117,1,13,3,46,lbw,
1254117,1,19,6,304,caught,551.0
1254117,2,10,4,551,caught,35.0
1254117,2,10,6,432,caught,304.0
1254117,2,11,3,316,caught,35.0
1254117,2,13,2,472,lbw,
1254117,2,14,5,89,caught,209.0
1254117,2,14,6,277,lbw,
1254117,2,15,4,443,caught,484.0
1254117,2,16,3,217,caught,444.0
1254117,2,19,5,473,caught,444.0
1304047,1,0,3,522,caught,432.0
1304047,1,4,1,562,caught,394.0
1304047,1,7,6,46,stumped,459.0
1304047,1,8,4,209,run out,
1304047,1,10,5,491,caught,316.0
1304047,2,6,2,551,caught,20.0
1304047,2,9,6,432,caught,209.0
1304047,2,11,4,86,caught,35.0
1304047,2,17,3,422,caught,534.0
1304048,1,8,2,57,caught,564.0
1304048,1,10,4,548,caught,543.0
1304048,1,14,2,563,caught,478.0
1304048,1,15,5,222,caught,556.0
1304048,1,18,6,553,caught,238.0
1304048,2,3,3,556,bowled,
1304048,2,3,5,238,caught,563.0
1304048,2,4,1,421,caught,553.0
1304048,2,9,2,478,caught,411.0
1304048,2,9,4,564,caught,537.0
1304048,2,13,2,407,caught,57.0
1304049,1,6,6,561,bowled,
1304049,1,17,1,304,caught,541.0
1304049,2,7,1,261,caught,536.0
1304049,2,11,2,42,caught,561.0
1304049,2,13,1,565,caught,536.0
1304049,2,13,2,566,lbw,
1304049,2,14,5,508,caught,561.0
1304050,1,0,1,355,caught,272.0
1304050,1,2,3,356,bowled,
1304050,1,3,3,462,caught,472.0
1304050,1,4,3,97,bowled,
1304050,1,15,5,395,lbw,
1304050,1,19,4,568,caught,400.0
1304050,2,0,3,472,caught,395.0
1304050,2,2,1,445,bowled,
1304050,2,10,1,400,caught,97.0
1304050,2,11,5,272,bowled,
1304050,2,17,3,321,caught,355.0
1304051,1,6,1,521,caught,552.0
1304051,1,8,1,408,caught,496.0
1304051,1,14,6,517,bowled,
1304051,1,16,1,352,caught,523.0
1304051,1,19,2,490,bowled,
1304051,1,19,6,505,caught,496.0
1304051,2,1,4,397,caught,517.0
1304051,2,3,1,443,caught,352.0
1304051,2,4,5,496,lbw,
1304051,2,8,2,488,caught,490.0
1304051,2,10,2,523,caught,505.0
1304051,2,15,4,571,bowled,
1304051,2,18,5,456,caught,490.0
1304052,1,3,1,551,caught and bowled,
1304052,1,4,6,86,caught,536.0
1304052,1,5,5,432,caught,572.0
1304052,1,6,4,394,caught,304.0
1304052,1,8,5,316,caught,583.0
1304052,1,8,6,459,bowled,
1304052,1,11,4,422,caught,8.0
1304052,1,13,5,335,caught,89.0
1304052,1,14,3,378,caught,304.0
1304052,1,18,5,233,bowled,
1304052,2,0,3,561,caught,459.0
1304052,2,1,6,304,caught,86.0
1304052,2,2,1,8,caught,459.0
1304052,2,10,6,572,caught,432.0
1304052,2,15,6,536,stumped,459.0
1304052,2,17,2,512,caught,459.0
1304052,2,17,5,550,caught,335.0
1304053,1,2,3,522,run out,525.0
1304053,1,7,3,46,lbw,
1304053,1,10,1,484,bowled,
1304053,1,16,2,209,bowled,
1304053,1,18,2,491,caught,462.0
1304053,1,19,2,35,caught,97.0
1304053,1,19,3,573,lbw,
1304053,2,10,2,355,caught,209.0
1304053,2,11,2,97,caught,72.0
1304053,2,14,4,356,caught,20.0
1304053,2,17,2,395,caught,35.0
1304054,1,0,6,261,lbw,
1304054,1,3,5,565,caught,378.0
1304054,1,5,5,42,caught,422.0
1304054,1,8,6,508,caught,378.0
1304054,1,9,3,566,bowled,
1304054,1,12,1,541,caught,432.0
1304054,1,14,2,511,bowled,
1304054,1,14,4,447,caught,432.0
1304054,1,18,1,454,caught,378.0
1304054,1,18,2,529,run out,
1304054,2,1,6,86,caught,567.0
1304054,2,4,3,551,caught,511.0
1304054,2,6,4,394,caught,454.0
1304054,2,6,6,432,lbw,
1304055,1,2,4,521,caught,553.0
1304055,1,5,6,517,caught,57.0
1304055,1,14,2,352,caught,563.0
1304055,1,18,2,490,caught,563.0
1304055,1,18,5,408,bowled,
1304055,1,18,6,202,run out,
1304055,1,19,3,492,caught,411.0
1304055,1,19,6,505,caught,553.0
1304055,2,1,5,57,caught,505.0
1304055,2,3,6,548,caught,517.0
1304055,2,12,6,411,caught,492.0
1304055,2,14,2,563,bowled,
1304055,2,15,1,553,lbw,
1304055,2,15,2,537,caught,408.0
1304055,2,18,6,419,run out,352.0
1304055,2,19,6,222,caught,408.0
1304056,1,0,3,272,caught,421.0
1304056,1,6,1,445,bowled,
1304056,1,13,6,400,caught,564.0
1304056,1,17,1,472,caught,375.0
1304056,1,19,2,391,caught,407.0
1304056,1,19,5,570,caught,375.0
1304056,2,1,1,556,caught,570.0
1304056,2,4,1,478,caught,445.0
1304056,2,4,5,238,caught,272.0
1304056,2,11,4,543,run out,
1304056,2,14,1,421,caught,570.0
1304056,2,14,5,375,caught,272.0
1304056,2,15,6,407,lbw,
1304056,2,17,2,564,lbw,
1304056,2,17,3,509,caught,272.0
1304057,1,0,2,261,caught,46.0
1304057,1,1,2,565,run out,
1304057,1,9,6,42,caught,35.0
1304057,1,10,4,508,caught,209.0
1304057,1,14,5,574,caught,46.0
1304057,1,15,4,541,caught,573.0
1304057,1,17,1,567,caught,72.0
1304057,1,18,6,447,caught,72.0
1304057,2,1,6,522,caught,42.0
1304057,2,2,2,46,caught,261.0
1304057,2,4,4,484,bowled,
1304057,2,5,3,35,bowled,
1304057,2,7,3,209,caught,574.0
1304057,2,14,5,491,caught,529.0
1304057,2,14,6,72,caught and bowled,
1304057,2,15,5,573,caught,529.0
1304057,2,17,1,20,caught,574.0
1304057,2,17,6,435,caught,508.0
1304058,1,1,4,356,caught,397.0
1304058,1,3,1,462,lbw,
1304058,1,4,5,97,caught,300.0
1304058,1,15,1,395,caught,443.0
1304058,1,18,1,355,lbw,
1304058,1,18,4,414,bowled,
1304058,1,19,6,568,run out,
1304058,2,3,3,397,caught,453.0
1304058,2,5,1,488,caught,97.0
1304058,2,10,1,552,caught,355.0
1304058,2,13,1,443,caught,525.0
1304058,2,17,3,496,caught,395.0
1304058,2,17,4,523,caught,356.0
1304058,2,19,1,456,caught,355.0
1304058,2,19,4,300,caught,356.0
1304058,2,19,6,571,caught,568.0
1304059,1,1,5,521,bowled,
1304059,1,9,6,517,caught,8.0
1304059,1,11,4,352,caught and bowled,
1304059,2,6,6,304,caught,461.0
1304059,2,7,6,561,caught,352.0
1304059,2,8,4,8,run out,
1304059,2,8,5,572,bowled,
1304059,2,12,3,512,caught,492.0
1304059,2,17,5,536,bowled,
1304060,1,2,5,57,caught,422.0
1304060,1,7,5,578,stumped,422.0
1304060,1,10,6,411,caught,394.0
1304060,1,19,1,309,caught,422.0
1304060,2,4,1,86,caught,537.0
1304060,2,5,6,394,caught,563.0
1304060,2,9,5,422,caught,441.0
1304060,2,11,4,432,caught,537.0
1304060,2,13,1,335,caught,578.0
1304061,1,7,3,478,caught,356.0
1304061,1,8,3,188,caught,568.0
1304061,1,10,3,564,bowled,
1304061,2,9,4,355,caught,478.0
1304061,2,12,3,462,caught,455.0
1304061,2,15,6,356,caught,402.0
1304061,2,19,1,395,caught,375.0
1304062,1,1,6,261,caught,446.0
1304062,1,4,5,493,caught,391.0
1304062,1,10,1,42,caught,272.0
1304062,1,13,1,574,caught,472.0
1304062,1,13,2,567,caught,472.0
1304062,1,15,3,508,caught,321.0
1304062,1,15,5,541,lbw,
1304062,1,16,2,454,run out,
1304062,1,17,5,575,bowled,
1304062,2,3,2,272,caught,493.0
1304062,2,14,4,579,caught,261.0
1304062,2,18,5,472,caught,261.0
1304062,2,19,1,400,run out,493.0
1304063,1,3,1,46,caught,552.0
1304063,1,5,1,522,bowled,
1304063,1,13,3,209,caught,552.0
1304063,1,14,5,484,caught,443.0
1304063,1,15,3,491,caught,577.0
1304063,1,17,3,20,caught,577.0
1304063,1,19,3,35,caught,397.0
1304063,2,12,1,397,caught,484.0
1304063,2,17,1,488,caught,435.0
1304064,1,6,2,57,caught and bowled,
1304064,1,8,3,578,lbw,
1304064,1,9,2,411,caught,474.0
1304064,1,9,5,563,run out,306.0
1304064,1,10,1,222,lbw,
1304064,1,13,2,580,caught,89.0
1304064,2,8,1,304,caught,309.0
1304064,2,16,5,561,run out,580.0
1304064,2,18,1,8,lbw,
1304065,1,8,4,478,bowled,
1304065,1,12,5,421,caught,233.0
1304065,1,13,5,543,lbw,
1304065,1,15,1,564,caught,464.0
1304065,1,16,4,188,caught,86.0
1304065,2,2,3,551,caught,375.0
1304065,2,4,4,86,caught,407.0
1304065,2,11,4,432,caught,478.0
1304065,2,12,5,394,stumped,421.0
1304065,2,14,4,422,caught,543.0
1304065,2,15,3,405,lbw,
1304065,2,15,5,316,caught,564.0
1304065,2,15,6,233,caught and bowled,
1304065,2,19,2,335,caught,402.0
1304065,2,19,4,495,caught,564.0
1304066,1,5,1,408,bowled,
1304066,1,8,3,352,lbw,
1304066,1,9,1,517,caught,392.0
1304066,1,9,5,581,bowled,
1304066,1,18,2,202,retired out,
1304066,1,19,5,505,caught,466.0
1304066,2,0,1,355,bowled,
1304066,2,0,2,466,lbw,
1304066,2,3,3,392,caught,202.0
1304066,2,9,1,395,bowled,
1304066,2,11,6,568,caught,505.0
1304066,2,15,3,356,caught,505.0
1304066,2,15,5,414,bowled,
1304066,2,17,5,569,lbw,
1304067,1,2,2,472,caught,443.0
1304067,1,5,4,579,caught,397.0
1304067,1,7,6,272,lbw,
1304067,1,13,3,321,caught,488.0
1304067,1,18,5,570,caught,443.0
1304067,1,19,4,391,run out,
1304067,1,19,6,446,bowled,
1304067,2,8,5,488,caught,579.0
1304067,2,13,1,443,retired hurt,
1304067,2,16,1,397,caught,391.0
1304068,1,3,4,522,lbw,
1304068,1,6,4,484,run out,
1304068,1,18,5,46,caught,8.0
1304068,1,18,6,35,caught,561.0
1304068,2,2,5,304,caught,435.0
1304068,2,4,1,8,caught,491.0
1304068,2,5,6,561,lbw,
1304068,2,6,5,306,bowled,
1304068,2,12,2,582,bowled,
1304068,2,14,3,536,bowled,
1304068,2,15,2,550,caught,435.0
1304068,2,15,4,583,caught,209.0
1304068,2,17,2,89,caught,35.0
1304069,1,9,3,261,caught,309.0
1304069,1,13,5,493,bowled,
1304069,1,14,3,508,bowled,
1304069,1,16,6,42,caught,222.0
1304069,1,19,4,541,bowled,
1304069,2,3,4,57,caught,575.0
1304069,2,4,1,411,caught,574.0
1304069,2,10,6,578,caught,529.0
1304069,2,12,5,563,run out,
1304069,2,16,1,222,run out,
1304069,2,18,4,309,caught,567.0
1304069,2,19,3,347,caught,261.0
1304069,2,19,4,376,caught,42.0
1304069,2,19,6,436,caught,261.0
1304070,1,1,2,272,run out,581.0
1304070,1,2,5,445,caught,352.0
1304070,1,6,4,472,caught,490.0
1304070,1,15,5,570,caught,202.0
1304070,2,1,6,517,caught,472.0
1304070,2,5,1,202,caught,321.0
1304070,2,5,6,408,bowled,
1304070,2,7,3,352,run out,400.0
1304070,2,10,3,581,caught,272.0
1304070,2,12,5,490,caught,391.0
1304070,2,15,6,505,caught,472.0
1304070,2,17,2,377,caught and bowled,
1304070,2,19,3,383,caught,445.0
1304071,1,1,2,255,caught,496.0
1304071,1,4,1,551,bowled,
1304071,1,4,3,316,caught,590.0
1304071,1,9,6,394,bowled,
1304071,1,12,6,459,caught,520.0
1304071,1,17,2,432,caught,496.0
1304071,1,18,3,405,caught,538.0
1304071,1,19,1,586,bowled,
1304071,2,1,4,488,bowled,
1304071,2,5,2,397,bowled,
1304071,2,14,2,443,caught,551.0
1304072,1,5,3,356,lbw,
1304072,1,13,2,97,bowled,
1304072,1,16,1,410,caught,57.0
1304072,1,19,4,395,caught,411.0
1304072,2,2,4,57,caught,356.0
1304072,2,5,5,578,caught,395.0
1304072,2,6,2,411,bowled,
1304072,2,14,2,563,bowled,
1304072,2,15,3,309,caught,466.0
1304072,2,17,4,545,caught,569.0
1304072,2,19,1,347,run out,
1304072,2,19,3,419,run out,
1304072,2,19,5,222,caught,410.0
1304073,1,1,1,561,lbw,
1304073,1,2,3,304,caught,375.0
1304073,1,6,2,8,run out,543.0
1304073,1,9,3,582,caught,455.0
1304073,1,11,2,306,caught,543.0
1304073,2,4,4,478,caught,561.0
1304073,2,11,3,188,lbw,
1304073,2,13,6,254,run out,550.0
1304073,2,14,1,564,caught,89.0
1304073,2,14,6,543,caught,582.0
1304073,2,16,3,421,caught,8.0
1304073,2,18,1,407,caught,89.0
1304074,1,2,4,42,caught,538.0
1304074,1,4,5,514,caught,496.0
1304074,1,6,2,493,lbw,
1304074,1,7,6,574,caught and bowled,
1304074,1,16,1,541,caught,397.0
1304074,1,18,6,508,caught,397.0
1304074,1,19,2,567,caught and bowled,
1304074,1,19,4,447,bowled,
1304074,1,19,5,575,bowled,
1304074,1,19,6,529,run out,
1304074,2,3,1,397,caught,42.0
1304074,2,8,2,443,caught,541.0
1304074,2,10,3,488,caught,541.0
1304075,1,2,2,46,lbw,
1304075,1,5,2,484,bowled,
1304075,1,14,3,209,caught,445.0
1304075,1,16,2,522,caught,570.0
1304075,1,19,6,491,run out,
1304075,2,0,6,472,caught,46.0
1304075,2,1,3,445,caught,20.0
1304075,2,3,5,570,caught,484.0
1304075,2,7,6,63,caught,522.0
1304075,2,12,4,391,caught,35.0
1304075,2,18,5,446,caught,484.0
1304075,2,18,6,504,caught,435.0
1304076,1,9,4,517,bowled,
1304076,1,15,2,352,caught,473.0
1304076,1,16,4,408,caught,527.0
1304076,1,17,1,505,caught,473.0
1304076,1,18,5,340,caught,405.0
1304076,2,0,1,316,run out,490.0
1304076,2,8,6,255,caught,340.0
1304076,2,12,6,432,caught,408.0
1304076,2,13,4,335,bowled,
1304076,2,16,1,551,stumped,352.0
1304076,2,16,4,394,lbw,
1304076,2,16,5,473,caught,505.0
1304076,2,16,6,405,caught,352.0
1304076,2,19,2,459,caught,485.0
1304076,2,19,4,233,bowled,
1304077,1,0,5,561,caught,355.0
1304077,1,0,6,8,caught,395.0
1304077,1,5,2,306,caught,392.0
1304077,1,7,2,582,caught,414.0
1304077,1,15,2,536,run out,
1304077,1,19,5,304,caught,410.0
1304077,2,2,5,356,caught,306.0
1304077,2,4,6,97,caught,312.0
1304077,2,7,6,355,caught,89.0
1304077,2,12,3,395,caught,582.0
1304077,2,13,4,414,caught,536.0
1304077,2,16,4,568,caught,89.0
1304077,2,18,2,410,bowled,
1304077,2,19,5,392,caught,474.0
1304078,1,3,4,42,caught,421.0
1304078,1,4,3,261,bowled,
1304078,1,5,3,508,stumped,421.0
1304078,1,6,4,493,caught,480.0
1304078,1,12,1,574,lbw,
1304078,1,13,4,454,bowled,
1304078,1,13,6,555,bowled,
1304078,1,14,3,541,caught,421.0
1304078,1,17,4,447,caught,564.0
1304078,1,19,6,529,run out,421.0
1304078,2,6,3,478,caught,555.0
1304079,1,0,2,57,caught,506.0
1304079,1,0,5,411,bowled,
1304079,1,2,6,578,caught,20.0
1304079,1,7,3,309,caught,576.0
1304079,1,13,3,587,caught,46.0
1304079,1,16,2,222,caught,491.0
1304079,1,17,2,537,lbw,
1304079,2,0,1,522,caught,563.0
1304079,2,2,3,506,caught,347.0
1304079,2,8,6,46,caught,578.0
1304079,2,12,5,491,caught,411.0
1304079,2,14,5,209,caught,222.0
1304079,2,15,4,35,caught,563.0
1304079,2,19,1,573,lbw,
1304080,1,15,1,517,lbw,
1304080,1,18,6,408,caught,188.0
1304080,2,4,3,188,caught,352.0
1304080,2,5,1,402,caught,485.0
1304080,2,9,6,478,caught,461.0
1304080,2,11,4,421,caught,517.0
1304080,2,12,6,375,bowled,
1304080,2,15,3,407,run out,
1304080,2,18,3,543,caught,352.0
1304080,2,19,6,564,caught,352.0
1304081,1,1,1,472,caught,422.0
1304081,1,10,3,63,caught,551.0
1304081,1,16,2,321,caught,233.0
1304081,1,17,2,400,caught,464.0
1304081,1,17,5,446,caught,233.0
1304081,1,19,1,570,caught,464.0
1304081,1,19,2,448,caught,464.0
1304081,1,19,5,391,caught,464.0
1304081,1,19,6,588,caught and bowled,
1304081,2,0,4,422,caught,63.0
1304081,2,2,2,316,caught,448.0
1304081,2,4,2,432,caught,63.0
1304081,2,6,1,394,caught,63.0
1304081,2,12,1,464,caught,63.0
1304081,2,13,2,551,caught,570.0
1304081,2,15,2,473,bowled,
1304081,2,19,2,335,caught,448.0
1304082,1,1,2,304,bowled,
1304082,1,1,3,8,caught,552.0
1304082,1,1,6,561,caught,552.0
1304082,1,4,2,306,caught,397.0
1304082,1,8,2,582,stumped,496.0
1304082,1,8,5,89,caught,496.0
1304082,1,9,2,536,caught,496.0
1304082,1,12,1,312,bowled,
1304082,1,15,2,550,bowled,
1304082,1,16,1,474,caught,397.0
1304082,2,7,2,488,caught,561.0
1304083,1,3,6,356,caught,57.0
1304083,1,11,5,97,caught,599.0
1304083,1,12,5,410,caught,563.0
1304083,1,13,1,414,caught,587.0
1304083,1,15,3,395,caught,578.0
1304083,1,19,4,568,caught,222.0
1304083,2,7,1,411,caught,392.0
1304083,2,8,3,578,caught,569.0
1304083,2,9,4,57,caught,466.0
1304083,2,11,2,309,caught,355.0
1304083,2,17,5,563,caught,525.0
1304083,2,19,1,222,caught,395.0
1304083,2,19,3,347,run out,
1304083,2,19,4,537,caught,525.0
1304084,1,5,5,261,caught,491.0
1304084,1,17,2,565,caught,491.0
1304084,1,19,1,508,caught,576.0
1304084,1,19,6,493,run out,
1304084,2,1,5,46,caught,357.0
1304084,2,5,3,506,bowled,
1304084,2,6,6,491,bowled,
1304084,2,12,3,522,caught,261.0
1304084,2,17,5,209,bowled,
1304084,2,19,3,20,caught,493.0
1304085,1,1,4,517,lbw,
1304085,1,3,6,202,caught and bowled,
1304085,1,4,1,408,caught,474.0
1304085,1,9,3,352,bowled,
1304085,1,14,2,589,caught,306.0
1304085,1,15,3,490,caught,582.0
1304085,1,17,1,461,caught,8.0
1304085,1,18,4,485,run out,582.0
1304085,2,1,4,8,caught,505.0
1304085,2,6,2,304,caught,408.0
1304085,2,6,3,306,caught,517.0
1304085,2,9,6,539,bowled,
1304085,2,11,4,582,caught,505.0
1304085,2,12,4,89,run out,
1304085,2,15,4,536,caught,505.0
1304085,2,16,4,550,caught and bowled,
1304085,2,17,4,474,caught,585.0
1304085,2,19,3,312,caught,505.0
1304086,1,2,5,397,bowled,
1304086,1,4,6,443,lbw,
1304086,1,15,1,488,bowled,
1304086,1,16,3,496,caught,472.0
1304086,1,17,6,552,caught,321.0
1304086,1,18,1,456,run out,504.0
1304086,2,7,4,472,bowled,
1304086,2,9,2,400,caught,538.0
1304086,2,13,2,63,bowled,
1304086,2,15,5,321,bowled,
1304086,2,15,6,570,bowled,
1304087,1,1,3,255,bowled,
1304087,1,4,3,551,caught,546.0
1304087,1,7,2,591,caught,564.0
1304087,1,7,3,316,lbw,
1304087,1,13,1,394,caught,421.0
1304087,1,13,4,335,stumped,421.0
1304087,1,19,2,464,caught,564.0
1304087,1,19,4,432,caught,546.0
1304087,1,19,5,378,bowled,
1304087,2,0,1,478,caught and bowled,
1304087,2,1,3,254,caught,551.0
1304087,2,9,3,188,caught,316.0
1304087,2,10,6,543,lbw,
1304087,2,11,1,421,caught,591.0
1304087,2,14,6,375,run out,
1304088,1,2,5,355,caught,574.0
1304088,1,12,4,356,caught,574.0
1304088,1,13,3,395,run out,493.0
1304088,1,14,1,414,caught,42.0
1304088,1,14,5,568,caught,508.0
1304088,1,15,3,410,caught and bowled,
1304088,1,17,4,392,caught,368.0
1304088,1,18,3,569,caught,447.0
1304088,2,4,4,261,caught,355.0
1304088,2,6,3,42,bowled,
1304088,2,7,6,565,caught,355.0
1304088,2,12,1,508,caught,356.0
1304088,2,13,2,574,lbw,
1304088,2,15,2,493,caught,414.0
1304088,2,17,2,454,caught,568.0
1304088,2,17,6,447,caught,568.0
1304089,1,1,5,304,caught,63.0
1304089,1,14,1,539,caught,472.0
1304089,1,16,4,8,bowled,
1304089,1,17,3,89,caught,348.0
1304089,1,18,3,306,caught,446.0
1304089,1,19,6,482,caught,321.0
1304089,2,7,3,63,caught,539.0
1304089,2,8,5,472,lbw,
1304089,2,10,2,400,caught,482.0
1304089,2,12,5,579,caught,561.0
1304090,1,4,2,517,caught,222.0
1304090,1,7,2,352,caught,553.0
1304090,1,14,1,589,caught,57.0
1304090,1,15,6,408,caught,309.0
1304090,1,17,1,505,caught,537.0
1304090,1,19,1,202,caught,411.0
1304090,2,2,3,57,caught,589.0
1304090,2,5,4,411,caught,352.0
1304090,2,14,6,309,caught,505.0
1304090,2,15,2,563,caught,505.0
1304090,2,19,1,222,caught,589.0
1304091,1,4,2,356,caught,543.0
1304091,1,14,3,395,caught and bowled,
1304091,1,18,4,355,caught,543.0
1304091,2,1,2,478,caught,466.0
1304091,2,2,6,188,caught,568.0
1304091,2,7,1,254,caught,356.0
1304091,2,8,5,543,bowled,
1304091,2,12,6,421,bowled,
1304091,2,16,1,564,caught,414.0
1304091,2,16,4,407,caught,414.0
1304092,1,17,5,522,caught,300.0
1304092,1,19,2,20,caught,577.0
1304092,2,5,5,488,caught,573.0
1304092,2,5,6,443,caught,594.0
1304092,2,9,5,552,caught,35.0
1304092,2,14,2,397,lbw,
1304092,2,17,4,590,caught,20.0
1304092,2,17,6,456,bowled,
1304093,1,2,1,517,caught and bowled,
1304093,1,8,3,408,caught,473.0
1304093,1,13,1,340,caught,464.0
1304093,1,16,6,505,caught,596.0
1304093,1,17,1,352,caught,464.0
1304093,2,3,1,255,bowled,
1304093,2,5,4,591,caught,202.0
1304093,2,12,5,394,caught,352.0
1304094,1,2,1,472,run out,357.0
1304094,1,3,5,63,caught,261.0
1304094,1,6,2,400,caught,574.0
1304094,1,11,2,321,caught,454.0
1304094,1,16,2,391,caught,368.0
1304094,1,16,3,446,caught,574.0
1304094,1,17,4,115,bowled,
1304094,1,18,2,448,caught,508.0
1304094,2,2,2,493,caught,115.0
1304094,2,11,6,565,lbw,
1304095,1,7,2,304,caught,35.0
1304095,1,8,6,306,run out,
1304095,1,9,5,8,bowled,
1304095,1,15,1,539,caught,576.0
1304095,1,18,1,482,caught,522.0
1304095,1,18,2,550,caught,522.0
1304095,1,18,6,536,bowled,
1304095,1,19,5,312,run out,
1304095,2,6,4,522,caught,582.0
1304095,2,7,2,46,caught,582.0
1304095,2,9,4,209,bowled,
1304095,2,14,1,562,caught,536.0
1304095,2,15,6,35,caught,8.0
1304095,2,17,2,484,caught,474.0
1304095,2,18,1,20,caught,539.0
1304095,2,19,2,573,caught,8.0
1304096,1,0,5,238,caught,496.0
1304096,1,4,2,254,caught and bowled,
1304096,1,8,6,421,bowled,
1304096,2,1,3,488,caught,455.0
1304096,2,4,2,397,caught,421.0
1304096,2,6,6,443,caught,407.0
1304096,2,12,5,552,caught,455.0
1304096,2,14,5,590,caught,516.0
1304096,2,16,4,398,caught,559.0
1304096,2,17,5,496,caught,564.0
1304096,2,19,1,530,bowled,
1304097,1,7,3,57,lbw,
1304097,1,10,3,309,caught,446.0
1304097,1,11,6,411,caught,446.0
1304097,1,14,5,222,bowled,
1304097,1,18,3,563,run out,400.0
1304097,1,18,6,537,caught,446.0
1304097,2,12,1,472,caught,222.0
1304097,2,12,6,63,caught,537.0
1304097,2,15,6,579,hit wicket,
1304097,2,17,4,400,run out,411.0
1304097,2,19,3,391,run out,
1304098,1,5,1,42,caught,408.0
1304098,1,10,2,565,bowled,
1304098,1,14,2,261,caught,408.0
1304098,1,14,4,493,lbw,
1304098,1,18,5,508,bowled,
1304098,2,3,6,408,caught,565.0
1304098,2,8,1,352,caught,42.0
1304098,2,14,2,521,caught,508.0
1304098,2,18,5,517,caught,261.0
1304099,1,0,5,355,run out,394.0
1304099,1,7,2,356,caught,473.0
1304099,1,12,4,395,caught,394.0
1304099,1,14,5,414,caught,255.0
1304099,1,18,4,410,caught,394.0
1304099,1,19,4,392,caught,464.0
1304099,1,19,6,569,run out,591.0
1304099,2,0,6,591,caught,568.0
1304099,2,3,4,394,caught,568.0
1304099,2,5,4,255,caught,356.0
1304099,2,6,5,432,bowled,
1304099,2,11,1,464,caught,414.0
1304099,2,12,2,335,caught,392.0
1304099,2,12,4,596,caught,356.0
1304099,2,14,1,316,caught,414.0
1304099,2,14,2,378,caught,500.0
1304099,2,14,3,592,run out,
1304100,1,0,1,8,caught,397.0
1304100,1,12,2,539,caught,443.0
1304100,1,18,2,306,caught,552.0
1304100,2,0,1,397,run out,536.0
1304100,2,0,5,488,bowled,
1304100,2,8,2,552,caught,8.0
1304100,2,12,1,496,caught,536.0
1304100,2,14,2,399,stumped,89.0
1304100,2,15,4,443,caught,482.0
1304100,2,15,5,530,caught,539.0
1304100,2,16,3,590,caught,306.0
1304100,2,16,4,577,lbw,
1304100,2,19,2,300,caught,304.0
1304101,1,10,6,522,caught,375.0
1304101,1,16,3,562,caught,421.0
1304101,1,17,1,491,caught,188.0
1304101,1,18,2,209,caught,375.0
1304101,1,19,2,484,caught,188.0
1304101,1,19,3,46,caught,524.0
1304101,2,1,5,549,caught,484.0
1304101,2,4,2,188,lbw,
1304101,2,7,3,254,caught,522.0
1304101,2,9,1,421,bowled,
1304101,2,9,4,559,caught,562.0
1304101,2,10,1,375,bowled,
1304101,2,10,5,564,caught,20.0
1304101,2,15,2,455,caught,46.0
1304101,2,17,3,407,caught,20.0
1304101,2,17,4,509,bowled,
1304102,1,5,4,551,caught,537.0
1304102,1,10,2,86,bowled,
1304102,1,13,1,394,caught,411.0
1304102,1,14,2,335,caught,222.0
1304102,1,14,5,432,caught,411.0
1304102,1,17,1,459,caught,537.0
1304102,1,17,3,405,caught,563.0
1304102,1,17,4,316,caught and bowled,
1304102,1,18,6,378,caught,222.0
1304102,2,0,6,57,caught,459.0
1304102,2,4,6,563,caught,432.0
1304102,2,10,3,580,caught,432.0
1304102,2,12,2,553,caught,86.0
1304102,2,14,1,411,caught,464.0
1304102,2,14,4,537,caught,459.0
1304102,2,14,6,419,caught,527.0
1304102,2,16,6,598,run out,
1304102,2,17,2,222,run out,
1304102,2,17,3,376,run out,464.0
1304103,1,2,4,63,caught,500.0
1304103,1,4,2,272,caught,356.0
1304103,1,9,1,400,caught,356.0
1304103,1,15,6,321,caught,568.0
1304103,2,3,3,356,caught,662.0
1304103,2,4,5,355,caught,63.0
1304103,2,5,5,600,caught,321.0
1304103,2,7,3,414,stumped,63.0
1304103,2,10,5,568,stumped,63.0
1304103,2,11,2,410,run out,
1304103,2,11,6,392,lbw,
1304103,2,12,6,593,caught,446.0
1304103,2,13,1,395,caught,348.0
1304103,2,13,5,500,caught,63.0
1304104,1,2,5,408,caught,407.0
1304104,1,8,1,521,caught,543.0
1304104,1,14,1,202,caught,188.0
1304104,1,16,1,352,caught,407.0
1304104,1,17,3,505,caught,564.0
1304104,1,18,1,517,caught,524.0
1304104,2,0,2,549,caught,352.0
1304104,2,17,1,254,caught,585.0
1304105,1,0,2,562,lbw,
1304105,1,0,4,484,caught,587.0
1304105,1,1,4,46,lbw,
1304105,1,4,1,522,caught,411.0
1304105,1,5,4,209,caught,411.0
1304105,1,7,3,491,caught,411.0
1304105,1,12,2,72,caught,563.0
1304105,1,12,5,594,lbw,
1304105,1,13,3,595,caught,57.0
1304105,1,15,6,576,run out,411.0
1304105,2,0,5,411,caught,20.0
1304105,2,3,3,57,caught,20.0
1304105,2,4,3,537,lbw,
1304105,2,4,5,601,lbw,
1304105,2,12,4,587,bowled,
1304106,1,4,6,42,bowled,
1304106,1,6,4,565,caught,312.0
1304106,1,9,1,493,caught,474.0
1304106,1,14,6,261,caught,550.0
1304106,1,16,2,574,bowled,
1304106,1,17,3,511,caught,89.0
1304106,1,19,2,508,caught,89.0
1304106,1,19,4,357,caught,306.0
1304106,1,19,6,447,run out,
1304106,2,3,2,8,caught,447.0
1304106,2,4,2,304,caught,574.0
1304106,2,4,5,482,caught,42.0
1304106,2,10,6,539,caught,42.0
1304106,2,11,2,306,caught,529.0
1304106,2,14,5,89,caught,565.0
1304106,2,15,4,536,caught,565.0
1304106,2,16,4,550,caught,511.0
1304106,2,18,1,312,caught,261.0
1304107,1,1,6,551,bowled,
1304107,1,7,3,432,caught,590.0
1304107,1,7,6,86,caught,590.0
1304107,1,9,6,394,caught,443.0
1304107,1,11,3,464,lbw,
1304107,1,18,5,422,caught,397.0
1304107,2,5,2,397,bowled,
1304107,2,8,2,443,caught and bowled,
1304107,2,11,5,488,caught,422.0
1304107,2,12,3,496,caught and bowled,
1304107,2,14,4,552,bowled,
1304107,2,17,1,456,caught,551.0
1304107,2,17,5,538,caught,422.0
1304107,2,18,1,590,caught,394.0
1304108,1,2,1,562,caught,63.0
1304108,1,8,4,484,caught,446.0
1304108,1,15,6,522,caught,272.0
1304108,1,16,3,491,caught,63.0
1304108,1,19,3,20,caught,588.0
1304108,2,7,1,472,lbw,
1304108,2,11,2,272,caught,491.0
1304108,2,13,1,400,caught,491.0
1304109,1,2,2,408,bowled,
1304109,1,8,5,352,caught,395.0
1304109,1,11,2,521,caught and bowled,
1304109,1,13,4,517,caught,414.0
1304109,1,17,1,505,caught,410.0
1304109,1,17,4,377,run out,
1304109,2,2,1,356,caught,377.0
1304109,2,2,2,568,lbw,
1304109,2,5,3,355,caught,521.0
1304109,2,13,1,414,caught,505.0
1304109,2,15,6,395,stumped,352.0
1304109,2,16,4,392,caught,352.0
1304109,2,16,6,569,bowled,
1304109,2,19,2,410,caught,505.0
1304110,1,0,1,188,caught,447.0
1304110,1,4,5,402,caught,447.0
1304110,1,10,6,543,caught,565.0
1304110,1,11,6,421,stumped,574.0
1304110,1,13,3,564,caught,42.0
1304110,1,18,2,254,caught,357.0
1304110,1,19,3,407,caught,511.0
1304110,2,3,5,493,caught,375.0
1304110,2,5,4,565,caught,516.0
1304110,2,5,6,42,caught,421.0
1304110,2,6,3,261,bowled,
1304110,2,7,6,508,stumped,421.0
1304110,2,9,3,511,bowled,
1304110,2,12,4,357,bowled,
1304110,2,17,4,574,caught,188.0
1304110,2,17,6,454,caught,564.0
1304111,1,2,4,488,caught,468.0
1304111,1,9,5,519,caught and bowled,
1304111,1,16,5,496,caught,468.0
1304111,1,17,2,443,caught,563.0
1304111,1,17,6,552,caught,553.0
1304111,1,19,6,456,bowled,
1304111,2,10,4,57,caught,399.0
1304111,2,11,3,411,caught,519.0
1304111,2,14,1,563,caught,397.0
1304111,2,14,6,537,caught,519.0
1304111,2,16,4,601,run out,300.0
1304111,2,17,6,553,run out,520.0
1304111,2,18,2,602,caught,399.0
1304112,2,0,4,551,caught,356.0
1304112,2,2,4,603,caught,355.0
1304112,2,7,1,432,caught,410.0
1304112,2,13,4,394,caught,395.0
1304112,2,15,4,422,stumped,356.0
1304112,2,16,4,335,caught,395.0
1304112,2,19,5,464,caught,462.0
1304112,2,19,6,233,bowled,
1304113,1,2,3,472,caught,306.0
1304113,1,5,2,272,lbw,
1304113,1,8,3,63,run out,304.0
1304113,1,16,2,321,caught and bowled,
1304113,1,17,3,391,caught,89.0
1304113,2,14,3,304,caught,400.0
1304113,2,16,4,8,stumped,272.0
1304114,1,0,6,522,caught,352.0
1304114,1,7,3,562,lbw,
1304114,1,8,4,531,caught,505.0
1304114,1,10,2,209,caught,517.0
1304114,1,18,6,20,caught,408.0
1304114,1,19,1,484,caught,505.0
1304114,2,1,4,408,caught,484.0
1304114,2,8,3,352,caught and bowled,
1304114,2,11,2,517,bowled,
1304114,2,14,5,521,caught,759.0
1304114,2,16,2,490,caught,562.0
1304115,1,2,6,188,caught,376.0
1304115,1,3,2,254,caught,57.0
1304115,1,5,4,478,caught,411.0
1304115,1,8,4,402,caught,411.0
1304115,1,15,6,421,caught,411.0
1304115,1,18,2,564,bowled,
1304115,1,19,3,407,caught,553.0
1304115,2,5,2,57,caught,407.0
1304115,2,11,3,411,caught,188.0
1304115,2,14,3,578,bowled,
1304115,2,17,5,553,caught,478.0
1304115,2,18,5,563,caught,421.0
1304116,1,2,4,519,caught,261.0
1304116,1,8,3,443,caught,42.0
1304116,1,10,3,488,caught,508.0
1304116,1,12,6,496,caught,574.0
1304116,1,14,4,552,stumped,574.0
1304116,1,19,3,456,caught,42.0
1304116,1,19,4,399,caught,604.0
1304116,1,19,6,300,run out,574.0
1304116,2,2,6,493,bowled,
1304116,2,6,3,541,caught,456.0
1304116,2,7,5,261,caught,399.0
1304116,2,12,3,42,bowled,
1304116,2,13,6,574,caught,519.0
1312197,1,1,6,521,caught,63.0
1312197,1,9,5,352,caught,504.0
1312197,1,14,1,517,bowled,
1312197,1,18,3,490,caught,391.0
1312197,1,19,6,408,run out,
1312197,1,19,6,505,run out,
1312197,2,0,2,63,caught,352.0
1312197,2,7,4,472,run out,
1312197,2,9,3,272,caught,408.0
1312198,1,0,5,304,caught,356.0
1312198,1,8,3,8,caught,593.0
1312198,1,10,3,306,caught,462.0
1312198,1,13,1,482,caught,355.0
1312198,2,0,6,356,caught,304.0
1312198,2,4,3,346,caught,536.0
1312198,2,14,4,395,bowled,
1312198,2,17,3,410,caught,539.0
1312198,2,18,4,355,caught,536.0
1312198,2,18,5,414,caught and bowled,
1312199,1,1,5,8,caught,352.0
1312199,1,10,4,304,caught,202.0
1312199,1,13,6,306,caught,605.0
1312199,1,15,3,539,caught,408.0
1312199,1,17,4,482,caught,202.0
1312199,1,18,1,89,caught,505.0
1312199,1,18,2,550,bowled,
1312199,1,19,1,312,bowled,
1312199,2,5,1,521,caught,8.0
1312199,2,11,4,352,stumped,89.0
1312199,2,16,5,517,caught,89.0
1312200,1,3,6,521,caught,662.0
1312200,1,8,2,352,caught,662.0
1312200,1,11,5,517,caught,348.0
1312200,1,12,1,408,caught,63.0
1312200,1,14,6,490,caught and bowled,
1312200,1,15,5,202,caught,321.0
1312200,1,17,3,461,caught,391.0
1312200,1,19,4,605,run out,
1312200,1,19,6,505,bowled,
1312200,2,1,4,63,bowled,
1312200,2,4,3,272,caught,505.0
1312200,2,13,2,400,caught,521.0
1359475,1,2,2,562,bowled,
1359475,1,5,5,484,caught,63.0
1359475,1,7,4,438,caught,63.0
1359475,1,12,5,209,bowled,
1359475,1,17,1,522,caught,472.0
1359475,1,17,4,35,caught,445.0
1359475,1,18,3,491,caught,446.0
1359475,2,3,5,63,caught,491.0
1359475,2,9,3,579,caught,20.0
1359475,2,12,1,400,bowled,
1359475,2,14,6,472,caught,522.0
1359475,2,17,6,445,caught,506.0
1359476,1,1,6,514,caught,607.0
1359476,1,10,6,565,caught,464.0
1359476,1,13,3,574,caught,233.0
1359476,1,14,3,42,bowled,
1359476,1,17,5,606,caught,432.0
1359476,2,1,1,238,caught,498.0
1359476,2,1,6,596,caught,606.0
1359476,2,4,2,607,bowled,
1359476,2,9,2,432,caught,447.0
1359476,2,10,1,464,caught,606.0
1359476,2,14,5,335,caught,606.0
1359476,2,15,3,551,caught,447.0
1359477,1,3,6,355,caught,375.0
1359477,1,10,6,395,caught,188.0
1359477,1,11,3,608,bowled,
1359477,1,14,1,410,caught,402.0
1359477,1,18,3,496,caught,478.0
1359477,1,19,5,568,caught,402.0
1359477,2,4,3,478,bowled,
1359477,2,4,4,254,bowled,
1359477,2,6,6,402,caught,466.0
1359477,2,11,6,381,caught,608.0
1359477,2,13,4,564,lbw,
1359477,2,15,3,586,caught,496.0
1359477,2,15,6,188,caught,466.0
1359477,2,19,1,375,caught,604.0
1359477,2,19,5,546,caught,414.0
1359478,1,5,5,408,bowled,
1359478,1,12,3,521,caught,261.0
1359478,1,14,1,517,bowled,
1359478,1,16,1,505,caught,597.0
1359478,1,18,3,352,caught,488.0
1359478,2,0,3,488,bowled,
1359478,2,0,5,443,caught,392.0
1359478,2,6,6,610,bowled,
1359478,2,8,2,456,caught,490.0
1359478,2,9,3,557,caught,633.0
1359478,2,10,6,261,caught,408.0
1359478,2,13,6,611,stumped,352.0
1359478,2,17,5,300,bowled,
1359479,1,2,3,411,caught,312.0
1359479,1,3,3,612,bowled,
1359479,1,5,2,57,caught,89.0
1359479,1,8,5,309,caught,536.0
1359479,1,13,5,613,caught,8.0
1359479,1,15,3,553,bowled,
1359479,1,17,1,587,caught,304.0
1359479,2,14,5,304,caught,553.0
1359479,2,15,3,89,caught,563.0
1359480,1,9,1,522,caught,463.0
1359480,1,10,2,562,caught,414.0
1359480,1,13,5,491,caught,463.0
1359480,1,15,2,484,stumped,496.0
1359480,1,16,6,438,caught,763.0
1359480,1,19,1,35,caught,525.0
1359480,1,19,4,20,caught,525.0
1359480,2,5,3,608,caught,562.0
1359480,2,6,6,395,caught,438.0
1359480,2,7,2,355,caught,522.0
1359480,2,9,6,414,caught,35.0
1359480,2,13,2,410,bowled,
1359480,2,15,6,496,caught,438.0
1359480,2,19,3,568,caught,20.0
1359481,1,2,4,478,caught,504.0
1359481,1,4,2,254,bowled,
1359481,1,8,2,188,bowled,
1359481,1,8,3,381,caught,391.0
1359481,1,12,2,615,bowled,
1359481,1,16,2,402,caught,760.0
1359481,1,18,4,586,caught,400.0
1359481,1,19,4,375,caught,321.0
1359481,2,2,1,63,bowled,
1359481,2,4,1,472,bowled,
1359481,2,5,6,400,caught,615.0
1359481,2,13,2,445,lbw,
1359482,1,9,4,514,caught,408.0
1359482,1,10,1,565,retired hurt,
1359482,1,15,4,574,caught,505.0
1359482,1,16,1,606,bowled,
1359482,1,19,4,541,caught,408.0
1359482,2,1,3,521,caught,618.0
1359482,2,3,2,202,caught,42.0
1359482,2,5,4,408,caught and bowled,
1359482,2,10,6,352,caught,618.0
1359482,2,14,1,505,caught,541.0
1359482,2,14,6,517,bowled,
1359482,2,19,3,490,run out,
1359483,1,3,2,551,bowled,
1359483,1,3,3,238,bowled,
1359483,1,6,1,432,caught,89.0
1359483,1,11,2,607,caught,583.0
1359483,1,11,3,335,caught,8.0
1359483,1,18,6,464,caught,89.0
1359483,1,19,4,407,caught,306.0
1359483,2,4,5,8,bowled,
1359483,2,5,2,304,bowled,
1359483,2,7,2,306,bowled,
1359483,2,7,4,312,bowled,
1359483,2,8,5,536,caught,407.0
1359483,2,11,3,617,caught,432.0
1359483,2,12,2,561,caught,316.0
1359483,2,12,5,89,caught,527.0
1359483,2,14,3,167,caught,432.0
1359483,2,17,4,583,caught and bowled,
1359484,1,2,5,261,caught,410.0
1359484,1,7,5,548,lbw,
1359484,1,7,6,552,bowled,
1359484,1,8,6,610,stumped,496.0
1359484,1,17,2,443,caught,134.0
1359484,1,18,3,456,caught,395.0
1359484,1,18,6,611,caught,395.0
1359484,1,19,1,577,run out,
1359484,2,4,3,608,caught,261.0
1359484,2,5,6,395,caught and bowled,
1359484,2,12,2,414,caught,548.0
1359484,2,14,1,355,lbw,
1359484,2,14,2,571,lbw,
1359485,1,8,3,521,caught and bowled,
1359485,1,9,5,352,caught,516.0
1359485,1,13,5,505,bowled,
1359485,1,18,3,408,caught and bowled,
1359485,2,0,3,478,caught,352.0
1359485,2,0,4,97,lbw,
1359485,2,5,4,381,caught,521.0
1359485,2,12,6,543,bowled,
1359485,2,14,5,375,stumped,352.0
1359485,2,15,3,564,caught,490.0
1359485,2,18,2,615,caught,490.0
1359485,2,18,6,188,lbw,
1359485,2,19,2,516,bowled,
1359486,1,3,6,57,bowled,
1359486,1,6,4,411,caught,573.0
1359486,1,7,2,309,caught,20.0
1359486,1,8,2,612,caught and bowled,
1359486,1,9,1,614,lbw,
1359486,1,12,6,563,lbw,
1359486,1,15,6,601,caught,522.0
1359486,1,16,6,553,caught,86.0
1359486,2,0,4,562,bowled,
1359486,2,7,6,86,caught,309.0
1359486,2,14,2,491,bowled,
1359487,1,4,2,63,caught,531.0
1359487,1,11,4,472,caught,233.0
1359487,1,13,3,570,bowled,
1359487,1,17,3,579,caught,596.0
1359487,2,2,3,607,caught,588.0
1359487,2,3,6,531,caught,570.0
1359487,2,13,1,432,caught,348.0
1359487,2,15,5,551,caught,472.0
1359487,2,16,1,335,caught,549.0
1359487,2,16,2,316,caught,426.0
1359487,2,16,3,407,lbw,
1359488,1,0,1,514,lbw,
1359488,1,1,2,618,lbw,
1359488,1,3,5,574,caught,552.0
1359488,1,8,5,498,caught,300.0
1359488,1,9,5,606,caught,261.0
1359488,1,10,4,541,lbw,
1359488,1,11,2,511,bowled,
1359488,1,12,5,447,lbw,
1359488,1,14,6,555,bowled,
1359488,2,3,5,610,bowled,
1359488,2,8,3,261,caught,498.0
1359489,1,11,3,8,caught,410.0
1359489,1,19,5,306,bowled,
1359489,2,0,3,608,bowled,
1359489,2,3,4,395,caught,89.0
1359489,2,3,6,414,caught,89.0
1359489,2,10,4,410,caught,536.0
1359489,2,11,1,355,caught,8.0
1359489,2,16,6,496,caught,536.0
1359489,2,18,4,568,hit wicket,
1359489,2,19,2,463,bowled,
1359489,2,19,5,347,caught,304.0
1359490,1,3,4,478,caught,612.0
1359490,1,8,3,97,caught,628.0
1359490,1,9,5,620,caught,613.0
1359490,1,10,4,564,lbw,
1359490,1,12,3,543,bowled,
1359490,1,18,1,375,caught,614.0
1359490,1,18,3,188,caught,599.0
1359490,1,18,4,455,run out,613.0
1359490,1,18,6,615,caught,612.0
1359490,1,19,4,516,bowled,
1359490,2,7,3,411,run out,
1359490,2,15,5,563,caught,97.0
1359490,2,15,6,309,caught,455.0
1359490,2,16,5,57,caught,615.0
1359491,1,1,4,521,caught,491.0
1359491,1,8,3,517,caught,562.0
1359491,1,8,5,352,bowled,
1359491,1,14,6,202,caught,765.0
1359491,1,16,2,408,bowled,
1359491,1,18,6,616,caught,491.0
1359491,1,19,5,392,caught,562.0
1359491,1,19,6,431,run out,
1359491,2,2,2,522,caught,521.0
1359491,2,9,3,86,lbw,
1359491,2,11,4,491,lbw,
1359491,2,13,5,484,caught,368.0
1359491,2,14,1,209,caught,490.0
1359491,2,14,6,562,caught,521.0
1359492,1,0,2,514,caught,446.0
1359492,1,3,2,42,caught,504.0
1359492,1,6,4,618,bowled,
1359492,1,12,2,574,caught,63.0
1359492,1,16,5,565,caught,472.0
1359492,1,18,1,498,caught,472.0
1359492,1,19,4,541,run out,
1359492,1,19,6,357,run out,63.0
1359492,2,4,4,63,caught,618.0
1359492,2,11,2,579,caught,514.0
1359492,2,14,2,400,caught,498.0
1359492,2,19,2,472,bowled,
1359493,1,4,1,261,caught,527.0
1359493,1,4,6,443,caught,607.0
1359493,1,12,5,552,caught,335.0
1359493,1,18,1,488,caught,407.0
1359493,2,0,3,607,caught,577.0
1359493,2,3,2,551,caught,552.0
1359493,2,3,3,316,caught,552.0
1359493,2,8,2,531,caught,557.0
1359493,2,10,1,335,caught,538.0
1359493,2,16,3,432,caught,456.0
1359493,2,19,1,407,caught,456.0
1359494,1,4,4,304,caught,586.0
1359494,1,10,1,8,caught,620.0
1359494,1,12,3,482,caught,615.0
1359494,1,13,6,312,caught,615.0
1359494,1,14,1,306,caught,188.0
1359494,1,14,2,89,caught,543.0
1359494,2,0,4,478,run out,561.0
1359494,2,1,4,254,caught,8.0
1359494,2,2,2,620,lbw,
1359494,2,5,4,188,caught,8.0
1359494,2,8,5,615,caught,268.0
1359494,2,12,2,375,caught,474.0
1359494,2,13,6,97,lbw,
1359494,2,15,5,543,caught,306.0
1359494,2,17,3,586,caught,8.0
1359495,1,7,4,608,caught,288.0
1359495,1,8,4,395,lbw,
1359495,1,14,2,414,caught,541.0
1359495,1,14,3,496,caught,541.0
1359495,1,17,5,410,caught,574.0
1359495,1,18,4,355,caught,555.0
1359495,1,19,3,466,caught,606.0
1359495,1,19,4,621,caught,541.0
1359495,2,0,3,622,caught,500.0
1359495,2,2,2,514,bowled,
1359495,2,5,6,618,caught,410.0
1359495,2,10,6,288,caught,604.0
1359495,2,14,3,498,caught,414.0
1359495,2,15,5,574,caught,355.0
1359495,2,17,5,606,caught,410.0
1359495,2,18,5,511,caught,496.0
1359496,1,1,5,531,caught,587.0
1359496,1,5,3,607,caught,766.0
1359496,1,8,1,432,caught,580.0
1359496,1,12,5,407,caught,563.0
1359496,1,17,2,551,caught,766.0
1359496,1,18,5,464,caught,613.0
1359496,2,4,5,57,caught,233.0
1359496,2,7,3,411,bowled,
1359496,2,13,5,563,bowled,
1359496,2,16,3,309,caught,607.0
1359496,2,17,2,613,caught,607.0
1359497,1,0,3,63,caught and bowled,
1359497,1,4,6,579,run out,
1359497,1,10,3,400,caught,521.0
1359497,1,15,2,472,caught,408.0
1359497,1,18,6,570,caught,517.0
1359497,1,19,4,321,caught,490.0
1359497,1,19,5,446,run out,
1359497,2,1,3,521,caught,472.0
1359497,2,2,5,408,bowled,
1359497,2,8,3,517,caught,364.0
1359497,2,10,3,505,caught,321.0
1359497,2,14,6,352,caught,321.0
1359497,2,18,2,616,caught,364.0
1359497,2,18,5,202,caught,391.0
1359498,1,2,2,522,caught,268.0
1359498,1,9,3,86,bowled,
1359498,1,15,4,562,bowled,
1359498,1,16,3,491,caught,474.0
1359498,1,17,4,209,caught,89.0
1359498,1,19,4,35,caught,582.0
1359498,2,0,4,8,bowled,
1359498,2,1,6,482,caught,522.0
1359498,2,12,1,306,caught,20.0
1359498,2,13,6,304,caught,20.0
1359498,2,16,5,89,caught,595.0
1359498,2,17,1,536,caught,522.0
1359498,2,18,1,268,caught,491.0
1359498,2,19,6,582,caught,35.0
1359499,1,4,4,57,caught,552.0
1359499,1,11,1,411,caught,552.0
1359499,1,11,5,309,caught,552.0
1359499,1,16,3,563,caught,261.0
1359499,1,19,6,553,run out,
1359499,2,1,4,610,caught,309.0
1359499,2,3,4,443,caught,411.0
1359499,2,8,4,552,caught,587.0
1359499,2,9,1,488,caught,553.0
1359499,2,13,6,475,caught,553.0
1359499,2,14,5,261,caught,553.0
1359499,2,16,4,538,caught,553.0
1359499,2,17,5,456,run out,553.0
1359499,2,19,2,523,run out,
1359499,2,19,5,300,caught,57.0
1359500,1,10,4,355,caught,408.0
1359500,1,11,4,568,bowled,
1359500,1,13,2,395,caught,490.0
1359500,1,13,5,608,bowled,
1359500,1,19,3,410,caught,352.0
1359500,1,19,5,496,run out,352.0
1359500,1,19,6,621,run out,
1359500,2,11,3,521,caught,500.0
1359500,2,12,4,352,run out,
1359500,2,13,3,408,caught,525.0
1359500,2,15,1,490,caught,355.0
1359500,2,19,3,517,caught,496.0
1359500,2,19,4,616,caught,395.0
1359501,1,16,1,8,caught,574.0
1359501,1,16,2,306,caught,622.0
1359501,1,17,3,304,caught,498.0
1359501,1,18,6,89,caught,622.0
1359501,2,0,2,622,lbw,
1359501,2,2,1,618,bowled,
1359501,2,3,2,508,lbw,
1359501,2,5,3,288,run out,474.0
1359501,2,9,5,498,run out,550.0
1359501,2,11,3,514,bowled,
1359501,2,12,5,541,stumped,89.0
1359501,2,17,3,511,bowled,
1359501,2,17,6,555,bowled,
1359501,2,18,2,574,caught,536.0
1359502,1,1,6,623,caught,543.0
1359502,1,3,3,551,caught,254.0
1359502,1,5,2,432,caught,609.0
1359502,1,8,2,238,bowled,
1359502,1,10,2,464,caught,543.0
1359502,1,11,2,316,caught,188.0
1359502,1,14,4,439,caught,586.0
1359502,1,14,5,596,lbw,
1359502,1,15,4,233,caught and bowled,
1359502,1,19,6,527,run out,
1359502,2,4,3,478,bowled,
1359502,2,7,2,254,caught,401.0
1359502,2,8,1,624,caught and bowled,
1359502,2,13,1,188,lbw,
1359502,2,15,5,97,caught,464.0
1359502,2,16,2,586,bowled,
1359503,1,4,2,610,caught,522.0
1359503,1,9,2,488,caught,86.0
1359503,1,11,2,443,caught,757.0
1359503,1,12,5,552,caught,20.0
1359503,1,13,5,261,stumped,20.0
1359503,1,17,3,475,caught,522.0
1359503,1,19,6,456,run out,20.0
1359503,2,10,6,522,run out,577.0
1359503,2,14,4,86,caught,552.0
1359503,2,16,6,209,bowled,
1359504,1,1,2,472,caught,525.0
1359504,1,10,3,63,caught,395.0
1359504,1,11,4,570,caught,630.0
1359504,1,14,6,445,bowled,
1359504,1,19,2,400,caught,355.0
1359504,1,19,6,321,caught,395.0
1359504,2,6,3,608,bowled,
1359504,2,14,3,414,stumped,63.0
1359504,2,16,5,496,caught,400.0
1359504,2,19,2,355,caught,426.0
1359504,2,19,3,410,caught,321.0
1359504,2,19,4,568,run out,
1359504,2,19,5,395,run out,
1359505,1,2,3,618,caught,68.0
1359505,1,6,4,514,lbw,
1359505,1,9,2,508,stumped,411.0
1359505,1,9,4,622,bowled,
1359505,1,17,4,288,bowled,
1359505,1,18,6,498,caught and bowled,
1359505,1,19,4,574,bowled,
1359505,1,19,6,511,run out,
1359505,2,1,1,411,caught,618.0
1359505,2,9,3,57,caught and bowled,
1359505,2,15,3,612,caught,498.0
1359505,2,17,4,309,caught,622.0
1359505,2,19,3,563,bowled,
1359505,2,19,4,613,bowled,
1359506,1,0,1,8,lbw,
1359506,1,2,1,536,caught,521.0
1359506,1,13,2,304,run out,521.0
1359506,1,14,6,306,caught,392.0
1359506,1,16,3,482,caught,517.0
1359506,1,16,5,582,run out,
1359506,1,19,1,550,run out,
1359506,1,19,2,89,caught,408.0
1359506,1,19,3,625,caught,490.0
1359506,2,0,4,408,bowled,
1359506,2,11,4,517,caught,8.0
1359506,2,13,4,521,caught,8.0
1359506,2,15,2,352,caught,536.0
1359506,2,17,5,490,run out,582.0
1359506,2,19,4,202,caught,582.0
1359507,1,7,3,522,bowled,
1359507,1,12,1,562,caught,401.0
1359507,1,17,3,491,caught,439.0
1359507,1,19,4,35,caught,464.0
1359507,2,0,4,316,bowled,
1359507,2,1,2,531,caught,35.0
1359507,2,7,1,551,lbw,
1359507,2,8,2,432,caught,522.0
1359507,2,14,3,439,bowled,
1359507,2,16,4,335,caught,491.0
1359507,2,17,3,401,lbw,
1359507,2,18,3,233,caught,562.0
1359508,1,0,3,624,caught,475.0
1359508,1,4,4,254,lbw,
1359508,1,7,2,188,caught,610.0
1359508,1,7,4,402,caught,300.0
1359508,1,7,6,586,caught,488.0
1359508,1,17,5,375,bowled,
1359508,1,18,2,97,run out,
1359508,1,19,2,516,run out,
1359508,1,19,4,559,run out,475.0
1359508,2,5,1,610,bowled,
1359508,2,11,3,261,caught,586.0
1359508,2,12,3,443,caught,624.0
1359508,2,13,3,488,caught and bowled,
1359508,2,14,1,552,bowled,
1359508,2,18,3,475,caught,586.0
1359509,1,2,1,63,caught,411.0
1359509,1,6,1,400,caught,309.0
1359509,1,11,1,472,caught,309.0
1359509,1,12,2,445,caught,553.0
1359509,1,18,1,570,caught,628.0
1359509,1,19,5,321,caught,309.0
1359509,2,1,6,57,caught and bowled,
1359509,2,7,3,411,caught,760.0
1359509,2,7,6,563,lbw,
1359509,2,10,2,612,bowled,
1359509,2,10,4,553,caught,570.0
1359509,2,12,6,309,caught and bowled,
1359509,2,17,1,68,run out,
1359509,2,17,4,613,caught,348.0
1359509,2,19,4,627,caught,760.0
1359510,1,9,2,531,caught,572.0
1359510,1,9,6,439,bowled,
1359510,1,17,2,432,caught,625.0
1359510,1,17,4,551,caught,306.0
1359510,1,18,6,335,bowled,
1359510,2,2,2,304,caught,464.0
1359510,2,4,4,536,lbw,
1359510,2,5,5,306,caught,401.0
1359510,2,11,3,482,caught,335.0
1359510,2,12,1,8,caught,551.0
1359510,2,14,5,582,run out,
1359510,2,16,5,550,caught,596.0
1359510,2,17,3,89,caught,464.0
1359511,1,8,2,408,caught,491.0
1359511,1,13,1,352,caught,522.0
1359511,1,13,5,521,caught,86.0
1359511,1,16,1,490,bowled,
1359511,1,19,4,616,run out,20.0
1359511,2,5,6,562,caught,368.0
1359511,2,9,2,522,caught,517.0
1359511,2,10,2,86,caught,408.0
1359511,2,10,4,209,caught,392.0
1359511,2,14,5,484,caught,352.0
1359511,2,19,6,491,caught,408.0
1359512,1,3,2,355,caught,541.0
1359512,1,5,5,608,caught,42.0
1359512,1,13,3,568,caught,447.0
1359512,1,18,2,410,caught,574.0
1359512,1,19,4,496,lbw,
1359512,2,0,5,42,caught,414.0
1359512,2,3,4,514,caught,537.0
1359512,2,11,3,606,caught,414.0
1359512,2,12,6,622,caught and bowled,
1359512,2,15,2,508,lbw,
1359512,2,16,6,498,caught,568.0
1359512,2,17,5,574,caught,355.0
1359512,2,17,6,447,caught,395.0
1359512,2,18,4,454,bowled,
1359512,2,19,5,541,caught,525.0
1359513,1,2,5,531,lbw,
1359513,1,4,6,407,caught,364.0
1359513,1,10,1,551,lbw,
1359513,1,10,4,432,caught,391.0
1359513,1,15,2,607,caught,446.0
1359513,1,17,3,464,caught,760.0
1359513,1,19,6,335,caught,391.0
1359513,2,4,1,63,caught,592.0
1359513,2,10,4,400,lbw,
1359513,2,11,2,472,caught,335.0
1359514,1,2,3,261,caught,624.0
1359514,1,4,4,443,caught,97.0
1359514,1,9,2,552,caught,375.0
1359514,1,9,4,610,caught,375.0
1359514,1,11,3,488,caught,188.0
1359514,1,16,6,523,caught,624.0
1359514,2,0,2,188,bowled,
1359514,2,11,2,624,caught and bowled,
1359514,2,12,3,97,stumped,475.0
1359514,2,13,2,254,caught,552.0
1359514,2,15,4,519,bowled,
1359514,2,16,5,402,bowled,
1359515,1,9,4,522,stumped,574.0
1359515,1,13,6,491,caught,541.0
1359515,1,16,1,484,stumped,574.0
1359515,1,19,1,35,caught,508.0
1359515,2,4,2,42,caught,759.0
1359515,2,8,3,514,stumped,20.0
1359515,2,10,2,622,caught and bowled,
1359515,2,15,5,508,caught,522.0
1359515,2,17,1,498,bowled,
1359515,2,18,4,574,caught,684.0
1359516,1,7,1,408,caught,580.0
1359516,1,9,5,352,caught,563.0
1359516,1,10,5,517,bowled,
1359516,1,14,1,392,caught,553.0
1359516,1,16,2,490,caught,309.0
1359516,1,17,1,616,caught,563.0
1359516,1,19,4,521,caught and bowled,
1359516,2,1,6,57,bowled,
1359516,2,8,2,411,caught,461.0
1359516,2,10,4,612,caught,461.0
1359516,2,15,4,309,caught,368.0
1359517,1,8,6,8,stumped,496.0
1359517,1,11,4,561,caught,608.0
1359517,1,12,4,306,lbw,
1359517,1,14,3,582,caught,466.0
1359517,1,16,5,304,caught,414.0
1359517,1,17,5,482,lbw,
1359517,1,18,4,89,run out,763.0
1359517,1,19,2,167,caught,466.0
1359517,1,19,3,474,caught,496.0
1359517,2,0,2,608,caught,561.0
1359517,2,3,3,414,caught,8.0
1359517,2,4,1,568,caught,8.0
1359517,2,5,1,395,stumped,89.0
1359517,2,6,6,496,caught,482.0
1359517,2,10,4,410,caught,582.0
1359517,2,11,1,466,run out,
1359517,2,14,4,525,run out,
1359517,2,18,4,630,caught,89.0
1359517,2,19,5,134,caught,89.0
1359518,1,0,1,624,caught,321.0
1359518,1,1,2,188,run out,446.0
1359518,1,2,5,381,caught,63.0
1359518,1,4,1,97,caught,63.0
1359518,1,4,6,519,caught,63.0
1359518,1,13,6,375,caught,446.0
1359518,1,18,3,586,caught,570.0
1359518,1,19,5,559,caught,400.0
1359518,2,0,6,63,caught,624.0
1359518,2,3,1,472,caught,97.0
1359518,2,4,6,445,bowled,
1359518,2,6,4,321,bowled,
1359518,2,17,1,570,caught,586.0
1359518,2,19,4,391,caught,381.0
1359519,1,3,4,608,caught,522.0
1359519,1,5,4,346,bowled,
1359519,1,5,5,414,caught,86.0
1359519,1,6,5,410,bowled,
1359519,1,9,4,600,caught and bowled,
1359519,1,17,4,496,caught,484.0
1359519,1,19,2,466,caught,86.0
1359520,1,1,3,514,caught,411.0
1359520,1,7,2,42,stumped,411.0
1359520,1,11,2,618,bowled,
1359520,2,0,3,57,caught,618.0
1359520,2,5,6,612,caught,447.0
1359520,2,15,1,309,caught,529.0
1359520,2,16,1,411,caught,357.0
1359521,1,1,1,607,caught,610.0
1359521,1,1,6,551,caught,475.0
1359521,1,4,4,439,caught,261.0
1359521,1,11,2,432,caught and bowled,
1359521,1,14,2,335,caught,520.0
1359521,1,15,3,316,caught,261.0
1359521,1,17,3,407,caught,523.0
1359521,1,19,2,464,caught,523.0
1359521,1,19,3,592,run out,
1359521,2,2,5,261,caught,607.0
1359521,2,3,5,488,caught,335.0
1359521,2,5,3,443,caught,575.0
1359521,2,6,2,610,lbw,
1359521,2,14,1,475,caught,335.0
1359521,2,16,5,552,caught,464.0
1359521,2,18,1,538,caught,607.0
1359521,2,19,3,523,caught,596.0
1359522,1,1,4,408,caught,364.0
1359522,1,5,1,521,run out,
1359522,1,6,5,352,caught,400.0
1359522,1,7,6,202,bowled,
1359522,1,9,2,505,lbw,
1359522,1,11,3,517,bowled,
1359522,1,13,1,616,lbw,
1359522,1,14,1,490,lbw,
1359522,1,16,3,461,bowled,
1359522,1,17,5,431,run out,570.0
1359522,2,9,4,472,stumped,352.0
1359523,1,1,5,612,bowled,
1359523,1,2,2,411,caught,595.0
1359523,1,2,5,57,caught,35.0
1359523,1,10,3,309,bowled,
1359523,1,17,3,613,bowled,
1359523,1,18,3,553,caught,522.0
1359523,1,19,1,614,caught,522.0
1359523,1,19,4,601,caught,35.0
1359523,2,4,1,522,caught,411.0
1359523,2,8,6,86,lbw,
1359523,2,12,5,209,caught,768.0
1359523,2,16,3,562,lbw,
1359524,1,10,3,304,caught,375.0
1359524,1,10,4,306,caught,624.0
1359524,1,15,6,8,caught,509.0
1359524,1,19,1,89,caught,188.0
1359524,2,5,1,188,caught,304.0
1359524,2,10,3,254,caught,482.0
1359524,2,15,3,624,bowled,
1359525,1,12,1,63,caught,604.0
1359525,1,15,6,400,caught,414.0
1359525,2,8,2,608,caught,446.0
1359525,2,12,2,395,caught,391.0
1359525,2,14,5,410,caught,348.0
1359525,2,15,6,356,bowled,
1359525,2,17,2,496,caught,348.0
1359525,2,18,5,568,caught,631.0
1359525,2,18,6,414,caught,321.0
1359526,1,4,6,521,caught,520.0
1359526,1,18,3,408,lbw,
1359526,2,5,5,548,caught,490.0
1359526,2,12,4,488,caught,383.0
1359526,2,15,5,475,caught,408.0
1359526,2,17,2,443,caught,521.0
1359526,2,17,5,552,lbw,
1359526,2,18,5,557,caught,490.0
1359527,1,1,6,514,caught,607.0
1359527,1,3,4,565,caught,607.0
1359527,1,5,3,508,lbw,
1359527,1,12,3,574,caught,607.0
1359527,1,14,4,42,caught,575.0
1359527,1,16,5,357,bowled,
1359527,1,17,2,498,caught,607.0
1359527,2,4,4,607,lbw,
1359527,2,7,2,439,caught,541.0
1359527,2,13,4,551,caught,508.0
1359527,2,15,2,432,caught,508.0
1359527,2,19,5,335,run out,
1359528,1,0,5,8,caught,411.0
1359528,1,2,2,561,caught,612.0
1359528,1,12,3,306,caught,613.0
1359528,1,13,4,482,bowled,
1359528,1,14,1,304,caught,440.0
1359528,1,18,1,89,caught,613.0
1359528,2,4,4,411,caught,561.0
1359528,2,4,6,57,lbw,
1359528,2,15,4,309,caught,236.0
1359528,2,15,5,553,caught,306.0
1359529,1,4,1,562,lbw,
1359529,1,6,1,522,caught,586.0
1359529,1,9,4,484,caught,254.0
1359529,1,11,1,86,caught and bowled,
1359529,1,14,2,491,caught,188.0
1359529,1,16,2,209,caught,559.0
1359529,1,19,2,35,caught,375.0
1359529,1,19,5,20,caught,188.0
1359529,2,0,2,188,caught,86.0
1359529,2,2,3,624,caught,209.0
1359529,2,3,1,254,run out,86.0
1359529,2,12,6,97,lbw,
1359529,2,14,3,381,caught,759.0
1359529,2,17,5,375,caught,86.0
1359529,2,18,5,559,run out,484.0
1359529,2,19,5,543,bowled,
1359530,1,2,2,439,caught,490.0
1359530,1,4,1,607,caught,368.0
1359530,1,10,2,432,caught,490.0
1359530,1,13,3,335,caught,202.0
1359530,1,16,1,551,caught,461.0
1359530,1,16,4,407,lbw,
1359530,1,18,4,464,caught,632.0
1359530,1,19,6,316,caught,632.0
1359530,2,1,4,408,run out,335.0
1359531,1,6,1,57,caught,391.0
1359531,1,6,5,411,lbw,
1359531,1,8,6,613,bowled,
1359531,1,15,6,440,caught,570.0
1359531,1,16,6,553,caught and bowled,
1359531,2,1,5,63,lbw,
1359531,2,2,3,400,caught,411.0
1359531,2,3,5,472,bowled,
1359531,2,6,1,445,bowled,
1359531,2,7,1,570,bowled,
1359531,2,11,6,321,lbw,
1359531,2,12,1,391,caught,612.0
1359531,2,13,2,631,bowled,
1359532,1,2,1,488,caught,356.0
1359532,1,5,4,443,caught,356.0
1359532,1,8,5,548,caught and bowled,
1359532,1,12,1,552,stumped,356.0
1359532,1,12,2,557,bowled,
1359532,1,18,6,475,caught,604.0
1359532,2,3,2,608,caught,552.0
1359532,2,8,2,356,caught,488.0
1359532,2,15,3,410,caught,523.0
1359533,1,1,2,42,caught,381.0
1359533,1,4,1,508,bowled,
1359533,1,5,4,574,bowled,
1359533,1,14,4,498,caught,586.0
1359533,1,16,1,511,caught,254.0
1359533,1,18,2,514,bowled,
1359533,1,19,5,541,run out,
1359533,2,6,2,624,bowled,
1359533,2,7,2,254,lbw,
1359533,2,8,1,381,caught,606.0
1359533,2,8,6,188,lbw,
1359533,2,9,1,375,lbw,
1359533,2,10,1,97,bowled,
1359533,2,15,4,586,caught,511.0
1359533,2,17,2,535,bowled,
1359534,1,6,6,8,caught,521.0
1359534,1,14,5,304,caught,521.0
1359534,1,15,1,482,caught,616.0
1359534,1,15,3,89,lbw,
1359534,1,17,3,306,bowled,
1359534,2,0,2,521,caught,8.0
1359534,2,1,2,408,caught,474.0
1359534,2,1,4,352,caught,561.0
1359534,2,4,2,517,caught,474.0
1359534,2,5,3,632,lbw,
1359534,2,6,6,616,caught,482.0
1359534,2,7,6,202,run out,
1359534,2,9,5,490,caught,617.0
1359534,2,10,1,431,bowled,
1359534,2,10,3,633,caught,8.0
1359535,1,3,3,522,caught,575.0
1359535,1,7,6,86,caught,439.0
1359535,1,9,3,562,caught,464.0
1359535,1,10,1,209,bowled,
1359535,1,10,6,484,bowled,
1359535,1,19,4,35,caught,527.0
1359535,2,0,6,607,caught,534.0
1359535,2,2,5,551,caught,35.0
1359535,2,4,3,439,caught,759.0
1359535,2,17,1,464,run out,484.0
1359536,1,0,3,63,caught,488.0
1359536,1,14,1,579,caught,520.0
1359536,1,15,2,400,caught,443.0
1359536,1,16,4,321,caught,552.0
1359536,1,17,3,391,caught,538.0
1359536,1,19,1,472,caught,523.0
1359536,1,19,2,446,caught,475.0
1359536,1,19,3,631,run out,
1359536,1,19,5,348,caught,538.0
1359536,2,0,5,548,caught,446.0
1359536,2,1,4,488,caught,63.0
1359536,2,2,1,443,caught,391.0
1359536,2,4,2,552,caught,634.0
1359536,2,6,1,635,caught,579.0
1359536,2,6,4,523,caught,473.0
1359536,2,8,6,538,caught,400.0
1359536,2,16,5,475,caught,321.0
1359536,2,18,4,300,caught,446.0
1359537,1,2,1,395,caught,553.0
1359537,1,2,2,604,caught,411.0
1359537,1,6,1,356,caught,411.0
1359537,1,15,6,414,retired hurt,
1359537,2,9,4,57,caught,395.0
1359537,2,11,1,411,caught,630.0
1359537,2,14,1,309,bowled,
1359537,2,16,1,613,caught,466.0
1359537,2,17,4,440,caught,496.0
1359538,1,10,2,188,caught,42.0
1359538,1,14,6,478,caught,622.0
1359538,2,1,1,42,caught,586.0
1359538,2,6,4,514,caught,620.0
1359538,2,14,6,622,retired out,
1359538,2,15,4,574,caught,509.0
1359538,2,16,3,541,caught,375.0
1359538,2,18,2,498,bowled,
1359538,2,18,3,511,run out,
1359538,2,19,6,508,caught,375.0
1359539,1,4,1,488,caught,482.0
1359539,1,4,3,443,caught,312.0
1359539,1,12,5,552,bowled,
1359539,1,18,5,475,bowled,
1359539,1,19,6,557,caught,268.0
1359539,2,17,5,8,caught,557.0
1359539,2,18,2,304,caught,443.0
1359540,1,0,2,514,caught and bowled,
1359540,1,3,4,622,caught,517.0
1359540,1,5,3,42,lbw,
1359540,1,6,3,508,bowled,
1359540,1,13,5,574,caught,669.0
1359540,2,1,4,408,lbw,
1359540,2,9,5,517,caught,511.0
1359540,2,10,5,352,caught,357.0
1359540,2,14,3,521,caught,357.0
1359540,2,17,6,505,caught,622.0
1359540,2,18,5,490,caught,42.0
1359541,1,14,3,522,caught,381.0
1359541,1,17,6,491,caught,543.0
1359541,1,18,2,562,caught,586.0
1359541,2,1,3,478,caught,209.0
1359541,2,4,4,624,caught,86.0
1359541,2,4,5,381,bowled,
1359541,2,10,5,620,caught,534.0
1359541,2,13,3,375,caught,522.0
1359541,2,16,1,586,caught,484.0
1359541,2,18,3,188,caught,522.0
1359541,2,19,3,543,caught,484.0
1359541,2,19,4,455,lbw,
1359542,1,2,3,600,caught,407.0
1359542,1,6,3,604,caught,592.0
1359542,1,6,5,410,caught,551.0
1359542,1,9,4,414,caught,464.0
1359542,1,10,1,356,caught,335.0
1359542,1,17,6,568,caught,407.0
1359542,1,18,3,496,caught,551.0
1359542,1,18,5,525,bowled,
1359542,2,5,5,551,caught,525.0
1359542,2,8,3,432,caught,414.0
1359542,2,9,6,439,bowled,
1359542,2,13,4,607,caught,525.0
1359542,2,15,4,335,bowled,
1359542,2,17,4,407,caught,604.0
1359542,2,17,6,316,run out,
1359543,1,13,5,636,caught,580.0
1359543,1,16,4,261,caught,411.0
1359543,1,17,4,557,caught,598.0
1359543,1,18,5,475,bowled,
1359543,1,18,6,610,bowled,
1359543,2,2,5,411,caught,610.0
1359543,2,13,1,57,caught,653.0
1359544,1,7,1,304,caught,391.0
1359544,1,8,2,306,bowled,
1359544,1,9,2,482,stumped,63.0
1359544,1,13,6,617,caught and bowled,
1359544,1,14,2,89,caught,63.0
1359544,2,2,6,63,caught,268.0
1359544,2,14,5,445,caught,8.0
1359544,2,15,3,634,caught,582.0
1359544,2,17,4,321,caught,582.0
1370350,1,10,3,522,caught,321.0
1370350,1,11,3,491,bowled,
1370350,1,14,5,86,caught,472.0
1370350,1,15,1,562,caught,446.0
1370350,1,17,6,209,caught,634.0
1370350,1,18,5,20,caught,400.0
1370350,1,19,6,35,bowled,
1370350,2,2,6,63,caught,759.0
1370350,2,5,5,400,caught,35.0
1370350,2,10,3,634,caught,595.0
1370350,2,12,5,321,bowled,
1370350,2,13,1,472,caught,562.0
1370350,2,14,3,391,bowled,
1370350,2,17,3,445,caught,522.0
1370350,2,17,4,637,run out,796.0
1370350,2,18,3,446,caught,562.0
1370350,2,19,6,348,caught,444.0
1370351,1,3,2,57,caught,568.0
1370351,1,4,2,411,caught,496.0
1370351,1,10,4,309,caught,466.0
1370351,1,10,6,612,bowled,
1370351,1,16,3,553,caught,395.0
1370351,1,17,3,563,caught,395.0
1370351,1,18,5,435,caught,395.0
1370351,1,19,6,613,caught,525.0
1370351,2,1,5,604,caught,587.0
1370351,2,3,2,608,caught,612.0
1370351,2,8,2,414,caught,553.0
1370351,2,9,4,568,bowled,
1370351,2,9,5,496,caught,411.0
1370351,2,11,5,410,run out,
1370351,2,12,3,466,run out,57.0
1370351,2,14,3,525,caught,435.0
1370351,2,14,5,395,run out,
1370351,2,16,3,593,bowled,
1370352,1,6,3,63,stumped,411.0
1370352,1,16,5,472,caught,553.0
1370352,1,18,6,579,retired out,
1370352,2,0,5,613,caught,63.0
1370352,2,2,2,57,caught,760.0
1370352,2,5,6,563,bowled,
1370352,2,11,2,612,bowled,
1370352,2,14,3,309,bowled,
1370352,2,14,5,440,caught,400.0
1370352,2,15,3,553,lbw,
1370352,2,16,1,435,caught,579.0
1370352,2,16,3,68,caught,321.0
1370352,2,18,2,598,caught,321.0
1370353,1,6,6,472,stumped,20.0
1370353,1,13,6,63,caught,20.0
1370353,1,19,3,579,lbw,
1370353,1,19,6,446,caught,522.0
1370353,2,6,3,522,caught,446.0
1370353,2,6,6,562,caught,364.0
1370353,2,10,5,86,caught,445.0
1370353,2,12,4,209,caught and bowled,
1370353,2,12,5,20,caught,321.0
1422119,1,4,3,304,caught,638.0
1422119,1,4,6,539,caught,20.0
1422119,1,5,3,306,caught,20.0
1422119,1,11,2,8,caught,638.0
1422119,1,11,4,612,bowled,
1422119,1,19,6,561,run out,20.0
1422119,2,3,6,522,caught,612.0
1422119,2,6,6,638,caught,539.0
1422119,2,10,2,86,caught,306.0
1422119,2,12,3,589,caught,539.0
1422120,1,3,2,254,caught,447.0
1422120,1,7,6,188,caught,574.0
1422120,1,10,4,639,caught,511.0
1422120,1,12,4,421,caught,493.0
1422120,1,13,2,476,caught,574.0
1422120,1,15,4,601,caught,590.0
1422120,1,17,1,375,run out,
1422120,1,18,3,640,caught,574.0
1422120,1,19,6,455,run out,
1422120,2,3,1,42,bowled,
1422120,2,3,5,493,run out,85.0
1422120,2,9,2,514,caught,188.0
1422120,2,11,3,574,stumped,421.0
1422120,2,18,3,498,bowled,
1422120,2,18,4,590,caught,421.0
1422121,1,1,6,316,run out,536.0
1422121,1,3,3,551,caught,538.0
1422121,1,3,5,394,caught,405.0
1422121,1,7,3,432,caught,443.0
1422121,1,12,1,580,caught,468.0
1422121,1,13,5,624,caught,538.0
1422121,1,19,1,464,caught,552.0
1422121,2,5,3,261,caught,464.0
1422121,2,7,2,488,caught,527.0
1422121,2,11,4,552,caught,464.0
1422121,2,12,5,443,caught,592.0
1422121,2,16,5,523,caught,551.0
1422121,2,19,3,536,caught,394.0
1422121,2,19,5,475,caught,764.0
1422122,1,1,6,408,caught,355.0
1422122,1,4,6,521,caught,414.0
1422122,1,14,5,505,caught,395.0
1422122,1,16,3,490,caught,355.0
1422122,2,0,5,356,caught,719.0
1422122,2,2,2,517,bowled,
1422122,2,3,1,568,caught,408.0
1422122,2,7,3,395,caught,616.0
1422122,2,16,1,355,caught,616.0
1422122,2,17,3,410,caught,616.0
1422123,1,3,6,63,bowled,
1422123,1,7,4,472,caught,57.0
1422123,1,11,6,641,caught,563.0
1422123,1,16,1,321,caught,400.0
1422123,1,16,3,579,caught,563.0
1422123,1,19,1,391,caught,642.0
1422123,2,0,4,411,caught,63.0
1422123,2,2,6,642,lbw,
1422123,2,12,1,57,lbw,
1422123,2,15,5,578,caught and bowled,
1422123,2,17,6,553,caught,321.0
1422123,2,18,2,563,caught,570.0
1422123,2,18,6,643,caught and bowled,
1422123,2,19,3,400,caught,391.0
1422123,2,19,4,68,caught,446.0
1422124,1,2,3,493,caught,8.0
1422124,1,8,5,514,caught,561.0
1422124,1,11,6,508,caught,561.0
1422124,1,12,1,42,caught,8.0
1422124,1,17,5,498,caught,561.0
1422124,1,18,4,574,caught,561.0
1422124,2,2,4,304,caught,498.0
1422124,2,4,4,612,caught,574.0
1422124,2,10,3,539,bowled,
1422124,2,12,1,306,bowled,
1422124,2,15,6,8,caught,511.0
1422124,2,16,2,561,lbw,
1422125,1,5,2,638,stumped,63.0
1422125,1,10,1,86,stumped,63.0
1422125,1,12,3,522,caught,63.0
1422125,1,18,2,491,caught,445.0
1422125,1,19,3,645,caught,321.0
1422125,1,19,6,35,run out,
1422125,2,2,5,472,lbw,
1422125,2,4,3,63,caught,534.0
1422125,2,7,3,445,caught,20.0
1422125,2,11,5,321,caught,86.0
1422125,2,14,5,579,caught,645.0
1422125,2,15,2,641,caught,638.0
1422125,2,16,2,446,caught,638.0
1422125,2,18,2,391,caught,638.0
1422126,1,4,1,261,caught,553.0
1422126,1,7,5,418,caught,642.0
1422126,1,10,6,488,caught,642.0
1422126,2,3,2,411,caught,552.0
1422126,2,4,3,57,caught,488.0
1422126,2,10,4,642,caught,405.0
1422126,2,14,1,563,caught,261.0
1422126,2,17,6,400,caught,475.0
1422127,1,1,5,521,bowled,
1422127,1,5,2,352,caught,421.0
1422127,1,7,2,408,lbw,
1422127,1,13,3,202,caught,601.0
1422127,1,17,2,616,bowled,
1422127,2,3,2,254,bowled,
1422127,2,3,4,476,caught,352.0
1422127,2,11,2,188,caught,368.0
1422127,2,13,1,421,caught,352.0
1422127,2,15,3,615,caught,408.0
1422128,1,1,6,304,caught,379.0
1422128,1,8,6,612,bowled,
1422128,1,14,1,306,caught,464.0
1422128,1,16,3,539,caught,464.0
1422128,1,17,3,561,caught,624.0
1422128,1,19,6,89,run out,624.0
1422128,2,6,3,316,bowled,
1422128,2,7,5,624,caught,612.0
1422128,2,15,1,551,caught,8.0
1422129,1,3,5,355,caught,493.0
1422129,1,5,1,517,caught,42.0
1422129,1,8,4,410,bowled,
1422129,1,13,1,356,caught,574.0
1422129,1,15,1,496,bowled,
1422129,1,18,4,568,caught,493.0
1422129,1,18,5,525,caught,797.0
1422129,1,19,4,593,run out,312.0
1422129,2,11,4,493,caught,410.0
1422129,2,13,3,514,caught,630.0
1422129,2,15,4,574,caught,630.0
1422129,2,16,2,42,caught,356.0
1422129,2,16,3,498,caught,496.0
1422130,1,4,2,261,caught,637.0
1422130,1,6,4,418,bowled,
1422130,1,9,6,488,caught,472.0
1422130,1,13,4,475,bowled,
1422130,1,14,4,552,caught,446.0
1422130,1,19,2,536,caught,391.0
1422130,1,19,3,456,caught,446.0
1422130,1,19,6,523,run out,
1422130,2,4,1,63,caught,405.0
1422130,2,9,1,472,caught,523.0
1422130,2,16,1,579,caught,488.0
1422131,1,9,3,188,caught,759.0
1422131,1,10,4,478,caught,20.0
1422131,1,14,4,254,bowled,
1422131,1,14,6,601,bowled,
1422131,1,18,5,421,caught,522.0
1422131,2,0,6,522,caught,421.0
1422131,2,2,5,638,caught,601.0
1422131,2,10,2,589,caught and bowled,
1422131,2,13,3,86,caught,188.0
1422131,2,13,4,645,caught,509.0
1422131,2,16,1,491,caught,601.0
1422132,1,0,5,57,caught,352.0
1422132,1,0,6,642,lbw,
1422132,1,2,2,578,caught,719.0
1422132,1,3,3,411,caught,352.0
1422132,1,9,3,400,caught,564.0
1422132,1,11,1,68,caught,490.0
1422132,1,13,2,563,caught,202.0
1422132,1,16,3,643,caught,490.0
1422132,1,18,3,553,caught,461.0
1422132,2,0,6,521,caught,553.0
1422132,2,4,2,352,bowled,
1422132,2,6,3,408,caught,68.0
1422132,2,12,2,202,caught,563.0
1422133,1,5,3,355,caught,649.0
1422133,1,8,5,517,caught,561.0
1422133,1,13,5,410,caught,649.0
1422133,1,16,4,356,caught,649.0
1422133,1,17,6,568,caught,304.0
1422133,2,4,2,8,caught,517.0
1422133,2,5,1,304,run out,517.0
1422133,2,5,4,306,caught,496.0
1422133,2,7,4,612,bowled,
1422133,2,12,5,561,caught,517.0
1422133,2,14,2,539,caught,517.0
1422133,2,16,5,89,caught,355.0
1422133,2,17,1,649,run out,496.0
1422133,2,17,5,482,caught,496.0
1422133,2,19,4,474,caught,496.0
1422134,1,4,3,624,caught,601.0
1422134,1,12,3,316,caught,421.0
1422134,1,13,2,651,caught,85.0
1422134,1,17,2,394,caught,601.0
1422134,1,18,6,464,caught,188.0
1422134,1,19,1,335,bowled,
1422134,1,19,3,580,caught,478.0
1422134,2,1,5,478,caught,527.0
1422134,2,2,5,254,caught,580.0
1422134,2,3,6,615,caught,316.0
1422134,2,4,3,188,bowled,
1422134,2,12,2,421,caught,394.0
1422134,2,12,3,375,caught,97.0
1422134,2,14,5,601,caught,379.0
1422134,2,15,1,640,caught,97.0
1422134,2,16,1,495,caught,624.0
1422134,2,17,2,516,caught,394.0
1422135,1,2,6,63,caught,42.0
1422135,1,8,3,397,caught,493.0
1422135,1,13,5,579,caught,574.0
1422135,1,17,4,445,caught,511.0
1422135,2,1,1,42,bowled,
1422135,2,5,1,493,bowled,
1422135,2,7,2,514,caught,364.0
1422135,2,8,4,498,caught,397.0
1422135,2,12,2,606,caught,63.0
1422135,2,15,3,574,caught,637.0
1422135,2,19,1,652,caught,446.0
1422136,1,3,1,638,caught,552.0
1422136,1,7,1,522,caught,523.0
1422136,1,13,4,491,caught,300.0
1422136,1,14,6,86,caught,468.0
1422136,1,19,3,589,caught,523.0
1422136,2,2,4,488,caught,35.0
1422136,2,9,4,418,caught,638.0
1422136,2,13,6,552,lbw,
1422136,2,15,4,536,lbw,
1422137,1,13,6,304,caught,408.0
1422137,1,14,5,306,bowled,
1422137,1,17,2,654,caught,521.0
1422137,2,0,2,521,caught,306.0
1422137,2,14,4,352,caught,588.0
1422137,2,15,4,505,caught,8.0
1422137,2,16,3,616,caught,89.0
1422138,1,6,6,57,bowled,
1422138,1,7,3,309,caught,658.0
1422138,1,10,2,411,caught and bowled,
1422138,1,12,4,563,caught,375.0
1422138,1,17,5,400,caught,658.0
1422138,2,3,4,188,caught,400.0
1422138,2,11,5,478,bowled,
1422138,2,14,6,615,caught,553.0
1422138,2,15,6,421,caught,400.0
1422138,2,18,4,375,run out,
1422138,2,19,3,543,caught,411.0
1422138,2,19,4,655,caught,563.0
1422138,2,19,6,542,caught,57.0
1422139,1,0,4,356,caught,631.0
1422139,1,2,2,517,caught,445.0
1422139,1,12,4,355,caught,391.0
1422139,1,14,5,410,caught,656.0
1422139,1,18,1,568,caught,233.0
1422139,2,5,6,472,bowled,
1422139,2,7,2,397,caught and bowled,
1422139,2,8,1,579,caught,525.0
1422139,2,8,5,656,caught,568.0
1422139,2,12,1,637,caught,763.0
1422139,2,14,2,445,caught,355.0
1422139,2,14,5,446,caught,395.0
1422139,2,15,6,233,caught,356.0
1422139,2,18,3,391,caught,496.0
1422139,2,18,5,631,caught,356.0
1426260,1,0,1,624,caught,35.0
1426260,1,6,1,651,lbw,
1426260,1,6,5,316,caught,595.0
1426260,1,8,2,551,caught,589.0
1426260,1,11,5,580,bowled,
1426260,1,16,4,464,bowled,
1426260,1,18,2,335,caught,589.0
1426260,1,19,1,394,caught,35.0
1426260,1,19,4,379,caught,638.0
1426260,2,3,2,638,caught,527.0
1426260,2,12,3,589,bowled,
1426260,2,16,5,491,bowled,
1426261,1,3,2,418,caught,42.0
1426261,1,3,4,552,caught,574.0
1426261,1,4,6,488,caught,590.0
1426261,1,9,4,443,caught,574.0
1426261,1,13,1,475,caught,498.0
1426261,1,16,3,523,caught,312.0
1426261,1,16,5,653,caught,454.0
1426261,1,17,3,405,bowled,
1426261,1,19,5,300,caught,493.0
1426261,2,1,4,493,bowled,
1426261,2,2,6,514,caught,653.0
1426261,2,4,4,42,stumped,475.0
1426261,2,9,1,498,caught,405.0
1426261,2,13,1,606,caught,475.0
1426261,2,15,3,574,caught,488.0
1426262,1,4,2,521,caught,272.0
1426262,1,5,4,408,caught,391.0
1426262,1,18,4,505,caught,445.0
1426262,2,8,2,579,lbw,
1426262,2,10,1,272,bowled,
1426262,2,10,4,570,bowled,
1426262,2,13,6,445,bowled,
1426262,2,15,3,472,stumped,352.0
1426262,2,17,3,541,lbw,
1426262,2,19,5,391,run out,
1426263,1,2,3,8,caught,411.0
1426263,1,3,4,657,caught,553.0
1426263,1,11,3,539,caught,411.0
1426263,1,12,2,306,lbw,
1426263,1,16,4,304,caught,553.0
1426263,1,16,5,482,lbw,
1426263,1,18,3,654,caught,647.0
1426263,1,18,4,625,caught,452.0
1426263,2,8,5,411,caught,8.0
1426263,2,11,2,57,caught,650.0
1426263,2,13,3,309,caught,482.0
1426264,1,2,5,356,lbw,
1426264,1,4,2,517,lbw,
1426264,1,7,3,410,caught,85.0
1426264,1,7,4,496,bowled,
1426264,1,9,3,355,caught,421.0
1426264,1,11,5,395,caught,188.0
1426264,1,12,6,414,caught,421.0
1426264,2,3,3,188,bowled,
1426264,2,6,6,478,caught,496.0
1426264,2,14,4,658,caught,614.0
1426264,2,15,3,421,stumped,355.0
1426265,1,3,4,622,caught,585.0
1426265,1,6,3,514,caught,616.0
1426265,1,7,6,493,caught,490.0
1426265,1,9,3,498,caught,616.0
1426265,1,12,1,590,caught,616.0
1426265,1,16,1,574,caught,505.0
1426265,1,17,5,508,run out,
1426265,1,19,6,652,caught,660.0
1426265,2,8,2,659,bowled,
1426265,2,11,4,521,caught,312.0
1426265,2,13,2,352,lbw,
1426265,2,16,4,505,caught,454.0
1426265,2,17,2,616,caught,590.0
1426265,2,18,3,564,caught,574.0
1426265,2,18,6,660,caught,508.0
1426266,1,1,5,356,caught,316.0
1426266,1,4,4,395,caught,580.0
1426266,1,10,2,355,caught,580.0
1426266,1,11,4,410,caught,624.0
1426266,1,14,4,568,caught,651.0
1426266,1,19,1,496,caught,624.0
1426266,1,19,6,661,bowled,
1426266,2,1,3,316,caught,410.0
1426266,2,3,1,651,caught,355.0
1426267,1,1,4,86,caught,400.0
1426267,1,7,5,638,caught,411.0
1426267,1,15,2,522,caught,452.0
1426267,1,19,2,589,caught,452.0
1426267,2,7,1,411,caught,407.0
1426267,2,7,3,309,caught,480.0
1426267,2,13,5,563,caught,407.0
1426267,2,15,3,400,caught,35.0
1426267,2,16,3,553,caught,638.0
1426267,2,17,3,571,bowled,
1426268,1,8,1,488,caught,448.0
1426268,1,12,3,418,caught,304.0
1426268,1,16,6,475,caught,625.0
1426268,2,6,2,8,bowled,
1426268,2,7,6,657,run out,347.0
1426268,2,8,6,539,caught,653.0
1426268,2,9,3,304,caught,475.0
1426268,2,9,6,654,lbw,
1426268,2,14,1,482,bowled,
1426268,2,18,5,89,caught,475.0
1426269,1,3,3,624,caught and bowled,
1426269,1,10,4,651,caught,202.0
1426269,1,12,6,394,lbw,
1426269,1,16,1,335,caught,616.0
1426269,1,17,3,316,bowled,
1426269,1,19,2,551,caught,616.0
1426269,2,1,5,521,caught,551.0
1426269,2,4,2,352,caught,316.0
1426269,2,7,5,505,caught,335.0
1426269,2,8,4,616,lbw,
1426269,2,12,1,202,caught,651.0
1426269,2,12,2,490,caught,394.0
1426269,2,16,5,564,lbw,
1426269,2,17,3,461,run out,
1426270,1,1,5,472,caught,478.0
1426270,1,3,5,63,bowled,
1426270,1,4,1,579,run out,640.0
1426270,1,4,6,321,caught,421.0
1426270,1,8,3,570,stumped,421.0
1426270,1,8,5,541,stumped,421.0
1426270,1,11,2,391,lbw,
1426270,1,14,6,364,caught,640.0
1426270,1,17,1,446,caught,421.0
1426270,1,17,3,631,bowled,
1426270,2,1,6,658,caught,570.0
1426270,2,2,4,478,caught,646.0
1426270,2,4,6,615,bowled,
1426270,2,5,4,639,caught,364.0
1426271,1,2,1,411,caught,511.0
1426271,1,11,4,57,caught,511.0
1426271,1,16,2,309,caught,514.0
1426271,1,17,6,400,caught,511.0
1426271,1,19,2,553,caught,498.0
1426271,1,19,5,571,caught,590.0
1426271,1,19,6,452,run out,312.0
1426271,2,0,3,514,caught,411.0
1426271,2,1,4,381,bowled,
1426271,2,1,6,498,caught,411.0
1426271,2,2,1,508,caught and bowled,
1426271,2,6,5,288,caught and bowled,
1426271,2,9,2,574,lbw,
1426271,2,12,1,590,caught,563.0
1426271,2,17,1,652,caught,452.0
1426271,2,18,4,511,caught,452.0
1426271,2,19,1,454,run out,
1426272,1,1,1,638,bowled,
1426272,1,4,2,522,caught,355.0
1426272,1,8,1,86,bowled,
1426272,1,11,1,491,caught,355.0
1426272,1,12,2,645,stumped,355.0
1426272,1,17,5,484,caught,568.0
1426272,2,14,6,356,caught,20.0
1426272,2,17,1,355,caught,35.0
1426273,1,6,2,488,caught,375.0
1426273,1,6,6,552,caught,375.0
1426273,1,8,6,418,caught,601.0
1426273,1,9,1,475,bowled,
1426273,1,16,6,653,caught,188.0
1426273,1,19,1,523,caught,516.0
1426273,1,19,4,405,run out,
1426273,2,0,5,478,caught,523.0
1426273,2,1,6,188,caught,405.0
1426273,2,6,6,658,caught,475.0
1426273,2,8,5,615,stumped,475.0
1426273,2,12,2,601,caught,536.0
1426273,2,14,6,543,bowled,
1426273,2,18,1,375,caught,405.0
1426273,2,18,3,516,bowled,
1426273,2,18,4,455,lbw,
1426273,2,19,1,421,caught,520.0
1426274,1,4,2,624,caught,539.0
1426274,1,5,2,316,caught,8.0
1426274,1,5,6,651,caught,612.0
1426274,1,8,2,551,caught,482.0
1426274,1,13,1,464,caught,588.0
1426274,1,17,2,394,caught,304.0
1426274,2,2,1,8,caught and bowled,
1426274,2,3,1,304,caught,551.0
1426274,2,11,1,657,caught,651.0
1426274,2,11,4,539,caught,592.0
1426274,2,12,3,612,caught,580.0
1426274,2,12,6,482,caught and bowled,
1426274,2,17,2,582,caught,651.0
1426274,2,18,6,89,caught,624.0
1426274,2,19,5,167,caught and bowled,
1426274,2,19,6,448,run out,
1426275,1,5,3,514,caught,63.0
1426275,1,6,6,381,lbw,
1426275,1,7,5,498,lbw,
1426275,1,10,2,508,caught,391.0
1426275,1,11,4,574,bowled,
1426275,1,13,5,652,caught,364.0
1426275,1,15,2,590,caught and bowled,
1426275,1,18,6,511,caught,541.0
1426275,1,19,2,312,caught,541.0
1426275,1,19,6,288,run out,
1426275,2,3,4,63,caught,652.0
1426275,2,9,3,472,caught,454.0
1426275,2,11,5,321,bowled,
1426275,2,14,4,579,bowled,
1426275,2,15,2,641,caught,574.0
1426275,2,18,1,541,bowled,
1426275,2,18,6,446,caught,381.0
1426276,1,0,5,57,caught,352.0
1426276,1,1,3,411,caught,352.0
1426276,1,3,1,309,caught,564.0
1426276,1,7,3,452,caught and bowled,
1426276,1,16,1,613,caught,368.0
1426276,1,18,2,400,lbw,
1426276,1,19,1,563,caught,564.0
1426276,1,19,2,643,caught,490.0
1426276,1,19,5,553,caught,505.0
1426276,2,7,6,408,bowled,
1426277,1,0,6,86,caught,355.0
1426277,1,5,2,589,caught,395.0
1426277,1,11,5,35,caught,355.0
1426277,1,19,4,491,run out,
1426277,2,0,3,356,bowled,
1426277,2,4,4,355,caught,522.0
1426277,2,10,6,517,bowled,
1426277,2,16,3,496,caught,407.0
1426278,1,3,2,658,caught,631.0
1426278,1,3,5,478,caught,631.0
1426278,1,5,4,639,caught,446.0
1426278,1,16,6,375,caught,662.0
1426278,2,1,3,472,caught,375.0
1426278,2,9,4,63,caught,375.0
1426278,2,10,1,641,caught,658.0
1426278,2,12,4,579,caught,375.0
1426278,2,14,1,541,caught,421.0
1426278,2,15,6,391,caught,421.0
1426278,2,17,3,321,caught,495.0
1426278,2,18,6,662,bowled,
1426279,1,3,5,304,caught,552.0
1426279,1,6,6,657,bowled,
1426279,1,12,4,539,caught,523.0
1426279,1,14,5,8,caught,523.0
1426279,1,16,3,482,caught,405.0
1426279,1,18,5,89,caught,523.0
1426279,1,19,6,425,caught,488.0
1426279,2,0,6,418,caught,167.0
1426279,2,3,4,488,caught,89.0
1426279,2,4,2,552,lbw,
1426279,2,4,6,475,caught,612.0
1426279,2,7,2,653,bowled,
1426279,2,9,1,523,caught and bowled,
1426279,2,13,1,405,caught,474.0
1426279,2,15,5,300,caught,474.0
1426280,1,10,2,316,caught,493.0
1426280,1,12,3,624,bowled,
1426280,1,15,3,335,caught,312.0
1426280,1,18,3,394,caught,454.0
1426280,1,19,2,464,caught,652.0
1426280,1,19,6,551,run out,574.0
1426280,2,5,6,514,run out,316.0
1426280,2,12,3,381,caught,394.0
1426281,1,7,3,658,caught,452.0
1426281,1,9,4,615,caught,411.0
1426281,1,13,4,639,caught,563.0
1426281,1,18,1,421,caught,57.0
1426281,2,3,1,57,caught,639.0
1426281,2,4,1,411,caught,375.0
1426281,2,5,6,309,caught,664.0
1426281,2,12,3,400,caught,609.0
1426281,2,12,5,613,caught,421.0
1426281,2,17,4,553,lbw,
1426281,2,18,3,452,caught,639.0
1426281,2,19,1,563,run out,
1426281,2,19,6,68,caught,639.0
1426282,1,0,3,356,bowled,
1426282,1,1,6,410,bowled,
1426282,1,12,1,395,caught,564.0
1426282,1,15,1,496,caught,461.0
1426282,1,17,2,355,caught,461.0
1426282,2,5,5,408,bowled,
1426282,2,6,1,521,caught,525.0
1426282,2,8,4,505,caught,568.0
1426283,1,0,6,63,caught,167.0
1426283,1,6,4,472,caught,612.0
1426283,1,14,1,541,bowled,
1426283,2,3,5,304,caught,445.0
1426284,1,2,5,86,caught,536.0
1426284,1,13,3,589,caught,653.0
1426284,1,19,2,522,caught,653.0
1426284,2,1,5,418,caught,589.0
1426284,2,1,6,548,caught,484.0
1426284,2,3,5,488,caught,589.0
1426284,2,8,5,653,caught,20.0
1426284,2,10,5,552,bowled,
1426284,2,15,5,475,caught,589.0
1426284,2,16,2,523,caught,645.0
1426284,2,17,3,405,caught,589.0
1426284,2,18,2,536,caught,589.0
1426284,2,18,5,347,caught,484.0
1426285,1,1,3,478,caught,624.0
1426285,1,2,5,658,caught,551.0
1426285,1,3,3,639,bowled,
1426285,1,6,4,615,bowled,
1426285,1,10,1,421,caught,394.0
1426285,1,12,1,601,caught,624.0
1426285,1,13,3,375,bowled,
1426285,1,14,3,655,caught,624.0
1426285,1,18,2,495,caught,394.0
1426285,2,6,1,316,caught,658.0
1426285,2,8,1,624,bowled,
1426285,2,9,2,464,caught,455.0
1426286,1,1,3,57,caught,410.0
1426286,1,2,4,309,caught,355.0
1426286,1,5,1,563,run out,525.0
1426286,1,5,2,400,caught,355.0
1426286,1,13,6,411,caught,771.0
1426286,1,17,1,613,bowled,
1426286,1,18,1,452,bowled,
1426286,2,0,4,665,lbw,
1426286,2,7,2,355,caught,452.0
1426286,2,13,1,395,caught,376.0
1426286,2,14,5,410,caught,563.0
1426286,2,17,1,510,bowled,
1426286,2,18,1,568,run out,
1426287,1,8,2,86,caught,381.0
1426287,1,8,3,491,lbw,
1426287,1,9,5,35,lbw,
1426287,1,15,3,645,caught,312.0
1426287,1,17,5,522,bowled,
1426287,1,18,4,484,bowled,
1426287,1,19,6,20,run out,
1426287,2,3,1,514,caught,522.0
1426287,2,9,2,493,caught,20.0
1426287,2,11,6,381,bowled,
1426288,1,4,1,488,caught,616.0
1426288,1,5,1,548,caught,521.0
1426288,1,14,4,418,bowled,
1426288,2,0,2,408,caught,538.0
1426288,2,0,5,352,bowled,
1426288,2,13,3,521,bowled,
1426288,2,15,5,505,caught,538.0
1426288,2,17,4,490,caught,538.0
1426288,2,18,1,616,caught,488.0
1426288,2,19,6,564,lbw,
1426289,1,0,4,624,caught,563.0
1426289,1,2,2,651,caught,309.0
1426289,1,2,6,394,caught,553.0
1426289,1,4,2,316,bowled,
1426289,1,6,1,464,caught and bowled,
1426289,1,16,2,97,caught,578.0
1426289,1,16,6,335,run out,
1426289,1,17,4,580,caught,643.0
1426289,1,17,6,379,bowled,
1426289,1,19,5,551,bowled,
1426289,2,1,4,411,bowled,
1426289,2,4,1,642,bowled,
1426289,2,5,5,57,caught,97.0
1426289,2,8,4,563,caught,316.0
1426289,2,10,5,613,bowled,
1426289,2,11,2,400,caught,97.0
1426289,2,15,3,309,caught,624.0
1426289,2,18,2,553,caught,394.0
1426289,2,18,3,68,caught,316.0
1426289,2,18,5,643,bowled,
1426290,1,1,3,63,caught,89.0
1426290,1,3,5,472,caught,625.0
1426290,1,5,3,579,caught,8.0
1426290,1,11,4,321,caught,306.0
1426290,1,12,4,541,run out,8.0
1426290,1,17,3,446,bowled,
1426290,1,17,6,391,caught,625.0
1426290,1,19,1,666,caught,425.0
1426290,1,19,2,364,run out,
1426290,1,19,3,445,caught,474.0
1426290,2,5,5,304,caught,541.0
1426290,2,6,5,657,caught,541.0
1426290,2,7,3,539,caught,321.0
1426290,2,7,6,306,caught,321.0
1426290,2,9,5,612,caught,541.0
1426290,2,10,4,8,caught,63.0
1426291,1,1,5,86,caught,454.0
1426291,1,7,1,522,caught,574.0
1426291,1,7,2,491,caught,574.0
1426291,1,8,5,589,lbw,
1426291,1,12,4,484,caught,493.0
1426291,1,15,6,506,caught,498.0
1426291,1,18,4,407,bowled,
1426291,1,18,5,20,bowled,
1426291,1,19,4,35,caught,498.0
1426291,2,1,3,493,bowled,
1426291,2,1,6,381,bowled,
1426291,2,7,6,590,caught,594.0
1426291,2,8,6,514,caught,645.0
1426291,2,9,4,574,caught,20.0
1426291,2,12,1,498,caught,506.0
1426291,2,12,3,652,caught,594.0
1426291,2,14,4,312,caught,645.0
1426291,2,17,3,447,bowled,
1426292,1,4,2,624,caught,355.0
1426292,1,11,6,316,caught,517.0
1426292,1,14,2,335,caught,466.0
1426292,1,15,1,651,caught,355.0
1426292,1,17,6,464,caught,410.0
1426292,1,19,3,394,caught,355.0
1426292,2,1,6,665,caught,580.0
1426292,2,7,3,355,caught,580.0
1426292,2,8,2,395,lbw,
1426292,2,9,1,410,caught,592.0
1426292,2,11,2,496,caught,624.0
1426292,2,12,3,568,caught,379.0
1426292,2,13,6,510,caught and bowled,
1426292,2,14,4,414,caught,624.0
1426292,2,15,6,621,caught,335.0
1426292,2,16,1,525,lbw,
1426293,1,5,5,488,caught,411.0
1426293,1,7,4,261,bowled,
1426293,1,10,3,418,caught,563.0
1426293,1,11,1,653,caught,670.0
1426293,1,12,1,475,bowled,
1426293,1,15,1,536,caught,309.0
1426293,1,15,5,538,bowled,
1426293,1,16,6,523,lbw,
1426293,2,1,4,411,caught,261.0
1426293,2,3,2,57,caught,475.0
1426293,2,4,1,642,caught,538.0
1426294,1,4,2,658,caught,669.0
1426294,1,5,1,639,run out,368.0
1426294,1,9,2,375,caught,505.0
1426294,1,12,4,615,caught,368.0
1426294,1,13,5,421,caught,461.0
1426294,1,18,4,668,caught,202.0
1426294,1,19,3,601,lbw,
1426294,1,19,6,495,run out,
1426294,2,0,2,521,caught,375.0
1426294,2,5,5,408,bowled,
1426294,2,10,6,505,bowled,
1426294,2,15,4,352,caught,639.0
1426294,2,16,4,648,caught,601.0
1426294,2,17,1,669,lbw,
1426294,2,17,6,202,caught,639.0
1426294,2,19,2,564,bowled,
1426295,1,2,1,356,caught,653.0
1426295,1,4,2,410,caught,635.0
1426295,1,9,6,355,caught,520.0
1426295,1,11,2,414,run out,405.0
1426296,1,2,2,304,caught,590.0
1426296,1,4,4,657,caught,312.0
1426296,1,9,6,539,caught,493.0
1426296,1,17,4,8,caught,381.0
1426296,1,19,1,89,caught,498.0
1426296,1,19,4,482,bowled,
1426296,1,19,6,612,caught,498.0
1426296,2,0,4,514,lbw,
1426296,2,5,5,493,caught,304.0
1426296,2,8,6,381,caught,657.0
1426296,2,10,5,574,bowled,
1426296,2,11,2,508,caught,167.0
1426296,2,13,4,590,run out,8.0
1426296,2,14,6,652,lbw,
1426296,2,15,3,498,bowled,
1426296,2,16,1,312,caught,448.0
1426296,2,16,6,529,caught,167.0
1426297,1,17,2,579,caught,491.0
1426297,1,17,6,472,caught,35.0
1426297,1,19,6,541,run out,
1426297,2,0,6,638,run out,321.0
1426297,2,1,1,86,caught,391.0
1426297,2,2,5,522,caught,446.0
1426297,2,12,2,589,caught,541.0
1426297,2,14,2,484,caught,631.0
1426297,2,16,4,491,caught,631.0
1426297,2,17,3,35,caught,321.0
1426297,2,17,5,506,bowled,
1426298,1,0,5,624,caught,670.0
1426298,1,1,1,316,bowled,
1426298,1,4,1,394,bowled,
1426298,1,8,1,551,caught,309.0
1426298,1,11,6,432,run out,563.0
1426298,1,12,6,335,caught,670.0
1426298,1,15,2,464,caught,411.0
1426298,2,6,5,411,caught,464.0
1426298,2,7,5,57,caught,316.0
1426298,2,10,5,309,caught,580.0
1426298,2,11,4,400,caught,575.0
1426298,2,12,1,553,caught,394.0
1426298,2,13,6,613,run out,
1426298,2,15,1,642,caught,464.0
1426298,2,15,3,563,caught,624.0
1426299,1,6,2,521,caught,522.0
1426299,1,8,1,408,caught,534.0
1426299,1,14,2,352,caught,522.0
1426299,1,19,1,616,caught,407.0
1426299,1,19,2,648,caught,491.0
1426299,2,3,4,638,caught and bowled,
1426299,2,7,5,589,lbw,
1426299,2,11,5,484,caught,500.0
1426299,2,13,6,491,caught,505.0
1426299,2,15,5,35,obstructing the field,
1426300,1,2,2,304,caught,658.0
1426300,1,3,4,8,caught,615.0
1426300,1,12,3,539,caught,375.0
1426300,1,14,4,657,caught,375.0
1426300,1,17,4,482,caught,615.0
1426300,1,17,6,89,caught,455.0
1426300,1,18,3,425,caught,655.0
1426300,1,19,5,167,run out,
1426300,1,19,6,474,run out,
1426300,2,0,4,188,caught,657.0
1426300,2,2,1,615,caught,448.0
1426300,2,2,2,658,run out,588.0
1426300,2,3,3,655,lbw,
1426300,2,9,3,639,caught,167.0
1426300,2,10,6,601,run out,612.0
1426300,2,14,6,495,caught,657.0
1426300,2,15,4,375,caught,304.0
1426300,2,17,4,609,caught,482.0
1426300,2,19,1,455,bowled,
1426302,1,0,2,658,caught,630.0
1426302,1,8,3,639,caught,355.0
1426302,1,11,1,615,caught,496.0
1426302,1,16,2,421,caught,395.0
1426302,2,0,5,355,caught,609.0
1426302,2,2,5,356,caught,609.0
1426302,2,3,1,410,stumped,421.0
1426302,2,4,1,395,lbw,
1426302,2,7,3,568,caught,668.0
1426302,2,11,1,496,caught,375.0
1426302,2,14,4,414,stumped,421.0
1426302,2,16,6,621,caught,639.0
1426302,2,18,3,525,run out,658.0
1426303,1,0,4,521,bowled,
1426303,1,6,4,352,caught,447.0
1426303,1,7,2,671,caught,574.0
1426303,1,12,6,202,caught,590.0
1426303,1,13,3,616,caught,511.0
1426303,1,14,3,564,caught and bowled,
1426303,1,17,3,669,caught,381.0
1426303,1,19,2,505,lbw,
1426303,1,19,6,461,run out,
1426303,2,0,4,514,caught,383.0
1426303,2,4,3,381,caught,521.0
1426303,2,4,5,590,lbw,
1426303,2,7,6,493,caught,505.0
1426303,2,15,4,574,caught,505.0
1426305,1,0,3,517,lbw,
1426305,1,5,6,410,lbw,
1426305,1,9,3,395,caught,613.0
1426305,1,16,5,496,caught,309.0
1426305,1,16,6,614,caught,613.0
1426305,1,17,1,355,caught,773.0
1426305,2,8,4,578,caught,414.0
1426305,2,9,2,309,caught,525.0
1426305,2,10,5,57,caught,593.0
1426305,2,13,3,400,caught,630.0
1426305,2,14,2,613,caught,414.0
1426305,2,19,3,411,bowled,
1426306,1,9,4,8,caught,589.0
1426306,1,12,6,304,run out,506.0
1426306,1,17,4,539,caught,589.0
1426306,1,18,5,89,caught,20.0
1426306,1,19,5,306,caught,20.0
1426306,2,0,1,522,caught,588.0
1426306,2,2,2,589,caught,8.0
1426306,2,9,1,86,caught,304.0
1426306,2,12,6,638,run out,
1426306,2,13,4,491,caught,448.0
1426306,2,14,6,506,caught,304.0
1426306,2,19,2,20,caught,425.0
1426307,1,9,1,622,caught,635.0
1426307,1,14,2,514,caught,475.0
1426307,1,15,6,590,run out,
1426307,1,17,2,381,caught,523.0
1426307,1,18,1,652,caught,635.0
1426307,2,0,1,418,bowled,
1426307,2,4,6,443,caught,529.0
1426307,2,10,1,488,caught,672.0
1426307,2,13,6,653,caught,672.0
1426307,2,16,5,536,caught,590.0
1426307,2,18,2,475,bowled,
1426309,1,0,2,418,bowled,
1426309,1,1,5,488,caught,335.0
1426309,1,4,5,653,caught,607.0
1426309,1,4,6,536,bowled,
1426309,1,10,6,475,caught,464.0
1426309,1,13,2,443,run out,
1426309,1,13,3,635,bowled,
1426309,1,14,4,523,caught,394.0
1426309,1,15,6,300,lbw,
1426309,1,19,3,405,caught,607.0
1426309,2,3,2,607,caught,673.0
1426309,2,6,2,316,caught,673.0
1426310,1,4,4,304,caught,564.0
1426310,1,7,2,8,caught,669.0
1426310,1,12,3,612,caught,564.0
1426310,1,12,4,306,caught,616.0
1426310,1,14,2,539,caught,505.0
1426310,1,18,2,89,caught,521.0
1426310,1,18,5,482,caught,564.0
1426310,1,19,6,167,caught,564.0
1426310,2,5,3,671,bowled,
1426310,2,9,2,521,caught,89.0
1426310,2,10,1,352,stumped,89.0
1426310,2,13,1,616,run out,
1426310,2,17,2,505,bowled,
1426310,2,17,6,490,caught,304.0
1426311,1,0,6,488,caught,671.0
1426311,1,4,3,443,caught,383.0
1426311,1,4,6,552,caught,383.0
1426311,1,9,6,418,caught,202.0
1426311,1,13,5,653,caught,383.0
1426311,1,13,6,523,bowled,
1426311,1,18,1,475,bowled,
1426311,1,19,3,536,caught,616.0
1426311,1,19,6,347,run out,
1426311,2,3,6,671,caught,443.0
1426311,2,7,5,521,caught,523.0
1426311,2,8,3,352,caught,552.0
1426311,2,11,1,505,caught,488.0
1426311,2,11,4,202,caught,475.0
1426311,2,13,4,490,bowled,
1426311,2,17,4,564,caught,488.0
1426312,1,0,5,488,bowled,
1426312,1,1,6,418,caught,607.0
1426312,1,4,2,443,caught,580.0
1426312,1,6,6,653,caught,607.0
1426312,1,10,2,552,caught,379.0
1426312,1,11,5,536,caught,316.0
1426312,1,12,4,523,caught,607.0
1426312,1,14,1,475,bowled,
1426312,1,17,5,347,lbw,
1426312,1,18,3,405,caught,379.0
1426312,2,1,2,316,caught,536.0
1426312,2,8,5,607,lbw,
1473438,1,0,5,356,caught,574.0
1473438,1,9,6,316,caught,574.0
1473438,1,10,3,86,caught,495.0
1473438,1,12,1,551,bowled,
1473438,1,14,6,464,bowled,
1473438,1,15,4,335,bowled,
1473438,1,18,5,651,caught,574.0
1473438,1,19,5,592,caught,574.0
1473438,2,8,3,624,caught,646.0
1473438,2,11,4,517,caught,580.0
1473438,2,15,3,539,caught,464.0
1473439,1,3,1,488,caught,521.0
1473439,1,9,3,418,caught,490.0
1473439,1,14,2,653,caught,521.0
1473439,1,18,2,475,caught,505.0
1473439,1,19,2,674,caught,477.0
1473439,1,19,3,570,caught,505.0
1473439,2,1,3,521,caught,570.0
1473439,2,1,5,505,caught,405.0
1473439,2,4,1,432,caught,405.0
1473439,2,13,6,352,caught,475.0
1473439,2,14,2,616,caught,411.0
1473439,2,19,5,490,caught,570.0
1473440,1,0,4,57,caught,491.0
1473440,1,2,2,675,bowled,
1473440,1,4,4,657,caught,491.0
1473440,1,10,3,309,stumped,20.0
1473440,1,12,4,676,caught,35.0
1473440,1,12,6,563,lbw,
1473440,1,16,1,642,bowled,
1473440,1,17,6,506,lbw,
1473440,1,18,6,461,caught,522.0
1473440,2,1,4,443,caught,675.0
1473440,2,7,5,522,caught,657.0
1473440,2,9,4,491,caught,563.0
1473440,2,11,4,395,caught,677.0
1473440,2,14,1,498,bowled,
1473440,2,18,4,35,run out,
1473441,1,4,4,552,caught,379.0
1473441,1,11,4,254,caught,601.0
1473441,1,13,4,421,caught,304.0
1473441,1,14,5,496,bowled,
1473441,1,16,2,568,caught,601.0
1473441,1,16,4,407,run out,
1473441,1,18,4,536,caught,798.0
1473441,1,18,6,525,bowled,
1473441,2,0,3,658,caught,568.0
1473441,2,0,5,615,caught,496.0
1473441,2,1,4,645,caught,421.0
1473441,2,5,3,375,caught,496.0
1473441,2,6,4,304,caught,321.0
1473441,2,12,3,601,bowled,
1473441,2,16,1,678,caught,770.0
1473441,2,17,1,379,caught,421.0
1473441,2,18,3,455,run out,
1473442,1,3,1,514,caught,614.0
1473442,1,6,4,679,caught,579.0
1473442,1,10,3,641,caught,614.0
1473442,1,10,4,306,lbw,
1473442,1,15,2,410,caught,614.0
1473442,2,5,5,472,caught,679.0
1473442,2,12,3,579,caught,590.0
1473442,2,17,6,408,bowled,
1473442,2,19,1,391,run out,529.0
1473442,2,19,4,512,bowled,
1473443,1,3,5,352,bowled,
1473443,1,7,5,505,caught,356.0
1473443,1,8,4,521,caught,592.0
1473443,1,9,5,550,caught,86.0
1473443,1,10,6,432,bowled,
1473443,1,14,6,648,caught,335.0
1473443,1,18,1,616,bowled,
1473443,1,18,6,490,caught,651.0
1473443,1,19,5,477,bowled,
1473443,2,6,1,484,run out,
1473443,2,10,1,86,caught,534.0
1473444,1,2,1,488,caught,496.0
1473444,1,2,2,411,caught,421.0
1473444,1,7,3,418,bowled,
1473444,1,11,6,475,run out,691.0
1473444,1,14,1,653,bowled,
1473444,1,15,6,674,caught,321.0
1473444,1,16,2,570,caught,523.0
1473444,1,17,3,405,caught,692.0
1473444,1,18,3,348,caught,568.0
1473444,2,1,3,552,caught,405.0
1473444,2,8,4,496,lbw,
1473444,2,10,5,254,caught,653.0
1473444,2,12,6,568,caught,312.0
1473444,2,14,1,421,caught,348.0
1473445,1,4,6,624,stumped,20.0
1473445,1,7,5,517,caught,522.0
1473445,1,12,2,8,caught,638.0
1473445,1,15,3,508,bowled,
1473445,1,17,4,574,caught,35.0
1473445,1,18,1,539,caught,498.0
1473445,1,18,4,414,caught,395.0
1473445,2,1,2,443,caught,624.0
1473445,2,1,6,522,caught,687.0
1473445,2,4,4,395,caught,574.0
1473445,2,8,5,498,caught,414.0
1473445,2,12,1,638,bowled,
1473445,2,12,5,491,bowled,
1473445,2,15,2,202,caught,624.0
1473445,2,18,4,35,caught,624.0
1473446,1,8,3,472,caught,642.0
1473446,1,13,5,408,caught,675.0
1473446,1,15,3,541,caught,563.0
1473446,1,17,6,579,lbw,
1473446,1,18,1,391,run out,400.0
1473446,1,18,2,512,caught,506.0
1473446,1,19,4,446,caught,400.0
1473446,1,19,6,662,run out,675.0
1473446,2,0,4,57,bowled,
1473446,2,4,3,675,bowled,
1473446,2,11,3,563,caught,391.0
1473446,2,12,6,676,caught,85.0
1473446,2,15,6,309,caught,472.0
1473446,2,16,6,400,caught,474.0
1473447,1,0,5,488,run out,678.0
1473447,1,2,1,411,caught,601.0
1473447,1,2,3,653,caught,375.0
1473447,1,4,1,418,caught,355.0
1473447,1,10,5,475,caught,678.0
1473447,1,11,6,570,caught,304.0
1473447,1,13,6,405,caught,658.0
1473447,1,15,5,674,caught,658.0
1473447,1,18,2,312,caught,375.0
1473447,1,18,4,680,caught,304.0
1473447,2,9,1,304,caught,680.0
1473447,2,9,6,658,caught and bowled,
1473447,2,11,2,355,bowled,
1473448,1,0,3,521,caught,202.0
1473448,1,7,3,352,caught,638.0
1473448,1,11,4,432,stumped,20.0
1473448,1,13,1,616,caught,759.0
1473448,1,14,1,550,caught,445.0
1473448,1,17,5,505,bowled,
1473448,1,18,3,477,caught,522.0
1473448,1,18,5,598,run out,509.0
1473448,1,19,1,490,caught,202.0
1473448,2,0,4,638,caught,616.0
1473448,2,7,1,443,caught,490.0
1473448,2,9,3,491,caught,505.0
1473448,2,11,5,445,bowled,
1473448,2,15,5,522,caught,521.0
1473448,2,19,1,20,caught,490.0
1473449,1,0,4,316,bowled,
1473449,1,1,1,356,caught,777.0
1473449,1,3,1,86,caught,563.0
1473449,1,5,4,551,caught,675.0
1473449,1,6,6,651,caught,642.0
1473449,1,10,3,464,caught,642.0
1473449,1,10,6,97,bowled,
1473449,1,12,4,335,bowled,
1473449,1,14,3,592,caught,642.0
1473449,1,16,2,580,caught,400.0
1473449,2,5,2,57,caught,592.0
1473449,2,10,4,657,caught,86.0
1473450,1,0,4,254,caught,538.0
1473450,1,3,5,552,bowled,
1473450,1,4,5,421,caught,383.0
1473450,1,11,3,496,caught,306.0
1473450,1,15,5,321,caught,514.0
1473450,1,19,2,568,caught,306.0
1473450,1,19,4,523,caught,679.0
1473450,2,2,5,679,caught,407.0
1473450,2,10,1,514,caught,525.0
1473451,1,1,4,8,caught,485.0
1473451,1,2,2,517,bowled,
1473451,1,4,4,624,bowled,
1473451,1,6,2,539,lbw,
1473451,1,12,4,574,caught,391.0
1473451,1,14,2,414,caught and bowled,
1473451,1,18,2,508,caught,408.0
1473451,1,19,6,553,bowled,
1473451,2,4,4,472,caught,508.0
1473451,2,12,3,579,caught,574.0
1473452,1,1,5,356,caught,776.0
1473452,1,2,3,316,caught,475.0
1473452,1,10,6,86,caught,475.0
1473452,1,12,4,651,caught,312.0
1473452,1,19,3,551,caught,674.0
1473452,1,19,6,335,run out,475.0
1473452,2,0,2,418,caught,592.0
1473452,2,1,6,488,caught,551.0
1473452,2,2,1,411,caught,86.0
1473452,2,6,4,653,caught,316.0
1473452,2,9,3,682,caught,596.0
1473452,2,10,4,674,caught,551.0
1473452,2,14,4,475,caught,484.0
1473452,2,15,1,405,caught,592.0
1473452,2,15,2,594,bowled,
1473452,2,16,4,312,caught and bowled,
1473453,1,6,6,254,caught and bowled,
1473453,1,8,5,496,caught,444.0
1473453,1,10,4,421,caught,690.0
1473453,1,15,5,568,caught,675.0
1473453,1,17,5,552,caught,566.0
1473453,1,18,3,523,caught,642.0
1473453,1,19,4,321,caught,642.0
1473453,1,19,5,583,caught,506.0
1473453,2,1,4,657,caught,525.0
1473453,2,2,2,675,caught,525.0
1473453,2,8,1,642,bowled,
1473453,2,16,1,309,caught,523.0
1473453,2,18,5,563,retired out,
1473454,1,0,5,658,caught,202.0
1473454,1,6,5,615,caught,759.0
1473454,1,10,4,375,bowled,
1473454,1,16,1,645,caught,35.0
1473454,1,19,2,355,caught,20.0
1473454,1,19,3,652,run out,
1473454,2,1,5,638,caught and bowled,
1473454,2,2,3,522,caught,658.0
1473454,2,5,3,562,caught,375.0
1473454,2,9,2,491,caught,601.0
1473454,2,10,4,35,lbw,
1473455,1,10,2,352,caught,394.0
1473455,1,13,2,521,bowled,
1473455,1,14,4,432,caught,306.0
1473455,1,18,5,490,caught,306.0
1473455,2,0,1,679,bowled,
1473455,2,0,6,394,bowled,
1473455,2,3,3,410,caught and bowled,
1473455,2,6,2,514,caught,550.0
1473455,2,14,6,306,caught,521.0
1473455,2,15,1,613,caught,616.0
1473455,2,16,1,683,caught,490.0
1473455,2,17,4,538,caught,490.0
1473455,2,19,5,529,caught,550.0
1473457,1,0,6,418,caught,579.0
1473457,1,4,4,488,caught,391.0
1473457,1,7,2,411,caught,85.0
1473457,1,13,5,475,bowled,
1473457,1,15,1,653,caught,446.0
1473457,1,16,6,682,caught,579.0
1473457,1,18,4,674,lbw,
1473457,1,18,6,594,bowled,
1473457,2,2,5,579,caught,674.0
1473457,2,3,5,408,caught,475.0
1473457,2,13,1,456,caught,674.0
1473458,1,0,2,624,bowled,
1473458,1,8,6,517,caught,657.0
1473458,1,14,1,8,caught,642.0
1473458,1,14,3,508,caught,376.0
1473458,1,18,6,539,caught,675.0
1473458,2,1,4,57,bowled,
1473458,2,3,4,675,lbw,
1473458,2,9,4,657,caught,8.0
1473458,2,11,6,309,caught,508.0
1473458,2,17,4,563,caught,624.0
1473458,2,18,1,400,caught,508.0
1473458,2,19,1,506,caught,553.0
1473458,2,19,2,444,caught,553.0
1473458,2,19,5,642,caught,588.0
1473456,1,10,2,552,bowled,
1473456,1,15,2,254,caught,464.0
1473456,1,18,2,523,bowled,
1473456,2,2,3,356,lbw,
1473456,2,6,2,316,caught,552.0
1473456,2,12,6,86,caught,496.0
1473456,2,13,6,580,caught,552.0
1473456,2,14,6,651,caught,421.0
1473456,2,15,2,551,caught,552.0
1473456,2,16,1,335,caught,321.0
1473459,1,1,2,514,bowled,
1473459,1,2,4,394,bowled,
1473459,1,4,6,410,caught,562.0
1473459,1,7,2,613,caught,20.0
1473459,1,7,6,306,caught and bowled,
1473459,1,13,4,679,caught,445.0
1473459,2,6,3,638,stumped,514.0
1473459,2,7,2,522,caught,590.0
1473459,2,15,5,491,bowled,
1473459,2,17,5,562,retired out,
1473459,2,19,1,20,caught,383.0
1473460,1,2,1,472,bowled,
1473460,1,9,6,408,lbw,
1473460,1,15,4,541,stumped,352.0
1473460,1,16,1,512,caught,352.0
1473460,1,18,2,579,caught,352.0
1473460,1,18,6,446,caught,521.0
1473460,2,1,2,521,caught,446.0
1473460,2,2,2,432,caught,746.0
1473460,2,6,4,505,caught,408.0
1473460,2,7,4,616,caught,579.0
1473460,2,12,2,352,caught,662.0
1473460,2,13,2,648,lbw,
1473460,2,15,3,477,caught,472.0
1473460,2,15,6,490,caught,662.0
1473460,2,16,5,534,caught,446.0
1473460,2,19,2,595,caught,579.0
1473461,1,3,5,624,run out,
1473461,1,5,4,517,caught,375.0
1473461,1,6,6,8,caught,379.0
1473461,1,9,3,508,caught,652.0
1473461,1,12,2,574,caught,355.0
1473461,1,14,5,539,caught,355.0
1473461,1,17,1,414,caught,652.0
1473461,2,1,6,304,caught,539.0
1473461,2,2,1,658,caught,574.0
1473461,2,4,3,615,caught,574.0
1473461,2,8,4,375,caught,553.0
1473462,1,3,1,562,lbw,
1473462,1,4,1,638,caught,86.0
1473462,1,9,4,445,caught,484.0
1473462,1,10,6,443,bowled,
1473462,1,12,5,202,caught,575.0
1473462,1,13,3,35,caught,356.0
1473462,1,14,2,395,caught,575.0
1473462,1,15,3,20,lbw,
1473462,1,17,2,631,caught,527.0
1473462,2,4,1,356,bowled,
1473462,2,7,1,316,bowled,
1473463,1,12,1,472,caught,552.0
1473463,1,13,1,579,caught,496.0
1473463,1,13,6,456,bowled,
1473463,1,16,4,408,caught,407.0
1473463,1,19,3,512,lbw,
1473463,1,19,4,391,caught,552.0
1473463,2,6,2,421,caught,456.0
1473463,2,11,1,552,caught,472.0
1473463,2,15,2,496,caught,541.0
1473463,2,18,4,321,bowled,
1473464,1,3,6,679,caught,653.0
1473464,1,6,5,514,caught,405.0
1473464,1,13,3,613,lbw,
1473464,1,14,1,590,lbw,
1473464,1,17,1,306,bowled,
1473464,1,17,3,394,caught,418.0
1473464,2,12,2,418,caught,306.0
1473464,2,16,2,488,caught,535.0
1473465,1,6,5,352,stumped,574.0
1473465,1,13,2,505,caught,8.0
1473465,1,15,6,521,lbw,
1473465,1,19,5,490,caught,517.0
1473465,2,8,4,624,caught,521.0
1473466,1,4,6,57,lbw,
1473466,1,7,4,675,bowled,
1473466,1,13,1,309,caught,379.0
1473466,1,14,1,400,caught,601.0
1473466,1,19,4,563,caught,615.0
1473466,2,0,1,658,caught,657.0
1473466,2,10,2,615,caught,642.0
1473466,2,11,4,340,bowled,
1473466,2,12,4,375,caught,309.0
1473466,2,13,3,601,caught,642.0
1473466,2,15,3,355,caught and bowled,
1473466,2,17,5,678,stumped,675.0
1473466,2,18,4,652,run out,
1473466,2,18,5,455,run out,
1473466,2,18,6,364,run out,506.0
1473467,1,0,6,552,caught,443.0
1473467,1,3,6,496,lbw,
1473467,1,9,3,254,bowled,
1473467,1,13,4,568,stumped,20.0
1473467,1,19,2,523,run out,20.0
1473467,1,19,2,421,caught,20.0
1473467,1,19,6,407,caught,684.0
1473467,2,4,5,684,caught,496.0
1473467,2,7,6,638,lbw,
1473467,2,8,5,443,caught and bowled,
1473467,2,12,2,35,caught,552.0
1473467,2,14,6,445,caught,500.0
1473468,1,3,2,679,caught,580.0
1473468,1,3,4,394,caught,580.0
1473468,1,4,5,685,bowled,
1473468,1,5,6,514,caught,580.0
1473468,1,8,4,613,caught,551.0
1473468,1,9,1,306,bowled,
1473468,1,10,1,683,caught,356.0
1473468,1,10,6,538,bowled,
1473468,1,15,1,590,lbw,
1473468,1,15,3,686,run out,
1473468,2,0,6,316,bowled,
1473468,2,1,2,356,caught,683.0
1473468,2,7,4,86,lbw,
1473468,2,9,1,651,caught,686.0
1473468,2,10,4,551,lbw,
1473468,2,11,3,464,stumped,685.0
1473468,2,11,4,580,caught,394.0
1473468,2,12,5,592,bowled,
1473468,2,14,6,575,caught,685.0
1473468,2,15,1,335,bowled,
1473469,1,2,3,658,caught,521.0
1473469,1,3,1,340,run out,
1473469,1,12,4,355,caught,490.0
1473469,1,13,5,615,caught,505.0
1473469,1,16,6,375,caught,616.0
1473469,2,5,3,352,retired hurt,
1473469,2,8,1,505,bowled,
1473469,2,13,2,521,caught,379.0
1473469,2,17,4,432,lbw,
1473469,2,19,6,616,run out,
1473469,3,0,4,505,run out,355.0
1473469,3,0,5,521,run out,658.0
1473470,1,7,3,488,caught,566.0
1473470,1,8,4,411,stumped,675.0
1473470,1,11,1,418,caught,506.0
1473470,1,16,4,653,caught,563.0
1473470,1,18,1,475,bowled,
1473470,2,3,5,57,caught,418.0
1473470,2,7,5,675,caught,418.0
1473470,2,12,4,309,caught,776.0
1473470,2,14,3,657,caught,776.0
1473470,2,17,2,400,caught,411.0
1473470,2,17,5,642,lbw,
1473471,1,0,4,624,caught,685.0
1473471,1,2,4,8,caught,538.0
1473471,1,3,6,508,caught,679.0
1473471,1,5,5,574,caught,613.0
1473471,1,6,1,414,caught and bowled,
1473471,1,7,4,539,caught,686.0
1473471,1,8,2,687,lbw,
1473471,1,11,4,300,caught,686.0
1473471,1,11,5,588,lbw,
1473471,2,2,4,514,caught,553.0
1473471,2,3,4,679,caught,553.0
1473471,2,7,4,394,caught,574.0
1473471,2,7,6,685,caught,764.0
1473471,2,11,3,590,caught,624.0
1473472,1,1,4,615,caught,474.0
1473472,1,4,4,355,lbw,
1473472,1,8,2,340,caught,614.0
1473472,1,14,2,601,caught,485.0
1473472,1,17,1,375,caught,408.0
1473472,1,17,2,678,caught,408.0
1473472,1,18,4,669,caught,662.0
1473472,1,19,5,652,caught,482.0
1473472,2,1,4,472,run out,340.0
1473472,2,7,3,579,caught,601.0
1473472,2,18,5,512,caught,379.0
1473473,1,2,2,254,caught,490.0
1473473,1,5,2,496,lbw,
1473473,1,7,4,421,caught,616.0
1473473,1,15,5,552,caught,505.0
1473473,1,17,3,568,caught,648.0
1473473,2,8,4,688,stumped,421.0
1473473,2,9,6,432,caught,500.0
1473473,2,17,1,521,bowled,
1473473,2,17,6,505,lbw,
1473473,2,19,3,490,caught,407.0
1473474,1,4,2,679,caught,553.0
1473474,1,6,1,514,caught,553.0
1473474,1,7,4,394,caught,414.0
1473474,1,8,6,613,run out,
1473474,1,13,2,685,bowled,
1473474,1,13,5,410,bowled,
1473474,2,0,6,624,caught,685.0
1473474,2,12,3,517,caught,613.0
1473474,2,16,4,539,caught,538.0
1473475,1,3,1,638,caught,675.0
1473475,1,6,5,689,caught,506.0
1473475,1,7,6,684,stumped,675.0
1473475,1,16,2,491,caught,657.0
1473475,1,18,4,20,caught,563.0
1473475,2,6,4,675,caught,689.0
1473476,1,12,2,579,caught,607.0
1473476,1,17,5,472,caught,464.0
1473476,1,18,3,391,caught,580.0
1473476,2,0,5,607,lbw,
1473476,2,5,3,316,caught,391.0
1473476,2,11,3,551,caught,456.0
1473476,2,12,4,86,stumped,408.0
1473476,2,15,5,335,stumped,408.0
1473476,2,16,1,580,caught and bowled,
1473476,2,16,3,484,caught,541.0
1473476,2,19,1,464,caught,472.0
1473477,1,9,6,552,caught,601.0
1473477,1,11,2,496,bowled,
1473477,1,13,2,523,caught and bowled,
1473477,1,13,6,254,bowled,
1473477,1,19,4,568,bowled,
1473477,1,19,6,421,bowled,
1473477,2,3,4,340,bowled,
1473477,2,11,5,615,caught,321.0
1473478,1,1,2,418,caught,642.0
1473478,1,2,1,411,caught,675.0
1473478,1,3,3,488,caught,775.0
1473478,1,4,1,653,caught,506.0
1473478,1,8,3,674,caught,675.0
1473478,1,18,6,475,caught,563.0
1473478,1,19,4,570,hit wicket,
1473478,1,19,6,405,bowled,
1473478,2,1,4,675,caught and bowled,
1473478,2,9,2,657,caught,570.0
1473478,2,14,4,57,caught,488.0
1473479,1,6,4,624,caught,490.0
1473479,1,15,1,8,caught,432.0
1473479,1,16,1,517,caught,432.0
1473479,1,16,5,539,caught,616.0
1473479,1,19,6,553,run out,
1473479,2,4,2,688,bowled,
1473479,2,5,5,521,caught,571.0
1473479,2,9,1,505,caught,574.0
1473479,2,13,3,432,caught,300.0
1473479,2,16,3,490,caught,574.0
1473479,2,18,3,616,caught,574.0
1473479,2,18,4,477,caught,539.0
1473479,2,19,1,648,caught,624.0
1473479,2,19,3,550,run out,
1473480,1,0,1,684,caught,488.0
1473480,1,4,3,498,caught,674.0
1473480,1,5,3,689,caught,411.0
1473480,1,9,3,35,bowled,
1473480,1,12,5,578,caught,682.0
1473480,1,13,5,491,caught,488.0
1473480,1,16,3,20,caught,488.0
1473480,1,17,3,670,caught,475.0
1473480,1,18,1,631,caught,348.0
1473480,1,19,5,395,caught,488.0
1473480,2,0,2,488,caught,689.0
1473480,2,5,3,418,bowled,
1473480,2,8,1,475,caught,395.0
1473480,2,11,6,411,caught,498.0
1473480,2,13,5,674,caught,395.0
1473481,1,11,5,679,caught,575.0
1473481,1,14,3,514,caught,564.0
1473481,1,16,4,306,bowled,
1473481,1,18,3,538,caught,551.0
1473482,1,2,5,57,caught,691.0
1473482,1,8,4,675,caught,568.0
1473482,1,11,3,657,bowled,
1473482,1,12,6,563,caught,691.0
1473482,1,15,1,400,bowled,
1473482,1,17,3,309,caught,254.0
1473482,1,19,4,690,caught,496.0
1473482,2,2,4,552,caught,642.0
1473482,2,6,1,496,caught,309.0
1473482,2,6,3,421,caught,167.0
1473482,2,11,2,254,caught,563.0
1473482,2,14,2,568,caught,657.0
1473482,2,15,2,321,caught,690.0
1473482,2,15,5,523,bowled,
1473482,2,15,6,500,bowled,
1473482,2,18,5,525,bowled,
1473482,2,19,6,692,bowled,
1473483,1,3,4,615,caught,574.0
1473483,1,4,4,340,caught,300.0
1473483,1,9,5,304,caught,8.0
1473483,1,13,4,375,bowled,
1473483,1,16,2,355,caught,693.0
1473483,1,16,5,652,bowled,
1473483,1,19,2,678,run out,
1473483,1,19,5,601,caught,584.0
1473483,2,2,2,693,caught,340.0
1473483,2,2,4,517,bowled,
1473483,2,3,6,539,run out,340.0
1473483,2,17,5,8,caught,379.0
1473484,1,10,2,579,caught,505.0
1473484,1,16,4,472,caught,505.0
1473484,1,18,4,456,caught,490.0
1473484,1,19,2,391,lbw,
1473484,2,11,5,688,bowled,
1473484,2,12,3,432,lbw,
1473485,1,2,6,607,caught,615.0
1473485,1,6,4,316,lbw,
1473485,1,7,2,86,lbw,
1473485,1,9,2,551,caught,678.0
1473485,1,16,5,651,caught,340.0
1473485,1,17,3,464,caught,379.0
1473485,1,19,3,564,lbw,
1473485,1,19,4,596,caught,569.0
1473485,1,19,5,335,run out,615.0
1473485,2,0,2,615,caught,335.0
1473485,2,4,3,340,lbw,
1473485,2,6,3,355,run out,316.0
1473485,2,13,2,375,caught,592.0
1473485,2,13,6,601,bowled,
1473485,2,15,2,304,caught,464.0
1473485,2,17,2,652,caught,316.0
1473485,2,17,3,379,caught,607.0
1473485,2,19,5,678,bowled,
1473486,1,2,5,684,caught,590.0
1473486,1,3,1,689,caught,394.0
1473486,1,5,5,35,caught,685.0
1473486,1,14,1,578,bowled,
1473486,1,17,4,498,caught,685.0
1473486,1,18,2,20,caught,613.0
1473486,1,18,4,395,caught,679.0
1473486,1,18,5,670,bowled,
1473486,1,18,6,631,caught,538.0
1473486,1,19,2,491,caught,590.0
1473486,2,4,4,679,caught,20.0
1473486,2,12,6,514,caught,578.0
1473486,2,14,3,613,caught,35.0
1473486,2,17,3,590,caught,578.0
1473486,2,18,4,394,bowled,
1473486,2,19,2,683,caught,631.0
1473487,1,11,5,675,bowled,
1473487,1,12,4,57,caught,521.0
1473487,2,0,4,688,caught,657.0
1473487,2,1,4,521,bowled,
1473487,2,3,6,432,caught,563.0
1473487,2,4,4,505,caught,57.0
1473487,2,4,5,490,caught,309.0
1473487,2,7,1,648,caught,461.0
1473487,2,8,6,616,caught and bowled,
1473487,2,11,1,595,caught,309.0
1473487,2,11,5,598,caught,444.0
1473487,2,16,1,477,caught,376.0
1473488,1,6,5,579,caught,475.0
1473488,1,12,6,472,run out,
1473488,1,18,4,408,caught,488.0
1473488,1,19,2,456,caught,653.0
1473488,1,19,5,391,caught,674.0
1473488,1,19,6,446,caught and bowled,
1473488,2,4,3,418,caught,446.0
1473488,2,9,3,411,caught,485.0
1473488,2,14,6,488,caught,474.0
1473488,2,15,3,475,caught,408.0
1473488,2,16,4,674,caught,541.0
1473488,2,16,5,682,caught,408.0
1473489,1,9,5,693,caught,578.0
1473489,1,11,5,8,caught,509.0
1473489,1,15,1,517,caught,35.0
1473489,1,16,5,574,caught,578.0
1473489,1,17,4,539,caught,498.0
1473489,2,4,3,684,caught,571.0
1473489,2,5,4,498,caught,574.0
1473489,2,16,2,689,caught,414.0
1473489,2,16,3,578,lbw,
1473489,2,19,3,20,lbw,
1473490,1,1,6,316,bowled,
1473490,1,7,3,607,caught,490.0
1473490,1,12,4,86,caught,616.0
1473490,1,18,1,651,caught,715.0
1473490,2,0,4,688,caught,86.0
1473490,2,1,5,694,caught,335.0
1473490,2,6,6,521,caught,464.0
1473490,2,7,3,616,bowled,
1473490,2,7,5,550,bowled,
1473490,2,15,5,490,caught,316.0
1473490,2,17,4,505,caught,575.0
1473490,2,19,6,477,run out,
1473491,1,0,5,679,caught,771.0
1473491,1,4,3,685,caught,321.0
1473491,1,12,2,394,caught,771.0
1473491,1,15,2,613,bowled,
1473491,1,18,5,514,caught,496.0
1473491,2,2,2,254,caught,613.0
1473491,2,2,5,552,bowled,
1473491,2,4,2,496,lbw,
1473491,2,7,5,421,caught,590.0
1473491,2,9,5,321,caught,590.0
1473491,2,16,4,523,caught and bowled,
1473491,2,19,1,568,caught,529.0
1473492,1,0,1,340,caught,411.0
1473492,1,2,1,304,caught,411.0
1473492,1,4,1,615,caught,411.0
1473492,1,5,5,375,caught,405.0
1473492,1,7,1,355,caught,411.0
1473492,1,12,1,678,run out,
1473492,1,19,4,652,caught,570.0
1473493,1,0,2,675,caught,579.0
1473493,1,3,3,57,caught,485.0
1473493,1,10,4,309,caught,541.0
1473493,1,11,4,657,caught,579.0
1473493,1,12,3,400,caught,472.0
1473493,1,13,5,563,caught,472.0
1473493,1,16,2,642,caught,472.0
1473493,1,19,4,690,run out,
1473493,2,1,2,579,caught,675.0
1473493,2,11,3,408,caught,675.0
1473493,2,14,5,472,bowled,
1473493,2,15,3,512,lbw,
1473493,2,16,4,541,bowled,
1473493,2,17,2,446,lbw,
1473493,2,18,5,643,caught,642.0
1473494,1,1,3,607,caught,631.0
1473494,1,7,1,316,stumped,20.0
1473494,1,7,4,651,caught,20.0
1473494,1,12,2,86,caught,562.0
1473494,1,16,6,335,caught,578.0
1473494,1,18,3,464,caught,689.0
1473494,2,0,2,689,caught,592.0
1473494,2,1,5,562,bowled,
1473494,2,2,6,695,caught,527.0
1473494,2,4,6,202,caught,651.0
1473494,2,5,2,35,bowled,
1473494,2,12,1,578,caught,464.0
1473494,2,18,4,491,caught,464.0
1473494,2,18,6,631,caught,464.0
1473495,1,10,1,679,caught,698.0
1473497,1,1,5,679,caught,490.0
1473497,1,2,6,696,caught,352.0
1473497,1,3,1,514,caught,352.0
1473497,1,10,3,394,caught,521.0
1473497,1,15,6,613,caught,490.0
1473497,2,4,5,688,caught,686.0
1473497,2,8,4,521,caught,696.0
1473497,2,10,2,352,caught,538.0
1473497,2,13,2,505,bowled,
1473497,2,17,2,490,caught,686.0
1473497,2,19,3,616,caught,696.0
1473497,2,19,4,550,caught,514.0
1473498,1,3,2,304,caught,474.0
1473498,1,11,6,615,caught,408.0
1473498,1,16,2,375,caught,662.0
1473499,1,10,3,254,caught,778.0
1473499,1,11,6,421,caught and bowled,
1473499,1,15,4,552,bowled,
1473499,1,17,4,568,caught,653.0
1473499,1,19,3,496,run out,411.0
1473499,1,19,5,407,run out,
1473499,1,19,5,523,bowled,
1473499,2,1,4,622,caught,692.0
1473499,2,7,3,488,caught,407.0
1473499,2,11,3,411,bowled,
1473499,2,17,3,475,caught,421.0
1473499,2,17,5,682,retired hurt,
1473500,1,1,4,562,caught,505.0
1473500,1,1,6,695,caught,697.0
1473500,1,5,5,689,caught,697.0
1473500,1,6,3,202,caught,490.0
1473500,1,7,4,35,caught,616.0
1473500,1,13,4,578,bowled,
1473500,1,19,1,491,caught,521.0
1473500,1,19,5,20,caught,534.0
1473500,2,3,4,521,bowled,
1473500,2,13,2,352,caught,578.0
1473500,2,13,6,688,caught,35.0
1473500,2,15,4,505,bowled,
1473501,1,2,2,57,caught,615.0
1473501,1,5,3,657,caught,678.0
1473501,1,6,4,675,caught,698.0
1473501,1,14,5,563,caught,645.0
1473501,1,16,3,400,caught,609.0
1473501,2,1,4,304,caught,506.0
1473501,2,2,4,355,caught,675.0
1473501,2,4,2,615,stumped,675.0
1473501,2,7,6,678,caught and bowled,
1473501,2,9,2,601,lbw,
1473501,2,14,2,645,bowled,
1473501,2,14,5,652,stumped,675.0
1473501,2,15,3,698,bowled,
1473501,2,17,6,455,caught,566.0
1473501,2,18,2,480,bowled,
1473502,1,9,5,552,caught,541.0
1473502,1,18,2,254,caught,512.0
1473502,2,4,3,579,caught,552.0
1473502,2,7,6,472,caught,523.0
1473502,2,9,3,408,bowled,
1473502,2,16,1,512,caught,525.0
1473502,2,16,6,391,caught,799.0
1473502,2,17,6,614,caught,780.0
1473502,2,18,5,541,caught,525.0
1473502,2,19,3,454,bowled,
1473502,2,19,6,662,bowled,
1473503,1,3,6,488,caught,624.0
1473503,1,4,2,418,caught,571.0
1473503,1,8,5,475,caught,571.0
1473503,1,11,4,674,caught,300.0
1473503,1,14,2,653,caught,414.0
1473503,1,16,6,570,caught,624.0
1473503,2,6,6,8,caught,488.0
1473503,2,10,4,261,caught,411.0
1473503,2,11,2,624,caught,312.0
1473503,2,15,4,539,run out,778.0
1473503,2,15,6,571,caught and bowled,
1473503,2,16,2,574,caught,570.0
1473503,2,17,4,553,caught,475.0
1473503,2,18,1,300,bowled,
1473503,2,18,4,414,hit wicket,
1473503,2,19,5,588,caught,674.0
1485779,1,1,5,679,caught,601.0
1485779,1,5,3,685,stumped,601.0
1485779,1,7,5,514,bowled,
1485779,1,12,3,613,caught,304.0
1485779,1,15,4,590,caught,601.0
1485779,1,17,2,394,caught,364.0
1485779,1,17,6,641,caught,645.0
1485779,1,19,3,538,caught,601.0
1485779,2,5,3,355,caught,590.0
1485779,2,6,4,304,caught,679.0
1485779,2,10,1,700,caught,529.0
1485779,2,14,6,340,bowled,
1473504,1,3,4,689,caught,474.0
1473504,1,9,2,695,caught,472.0
1473504,1,12,3,491,caught,643.0
1473504,1,13,3,562,bowled,
1473504,1,19,6,578,caught,408.0
1473504,2,2,3,472,caught,695.0
1473504,2,3,4,408,caught,670.0
1473504,2,4,3,512,caught,689.0
1473504,2,10,1,541,caught,759.0
1473504,2,10,4,579,caught,491.0
1473504,2,12,5,446,caught,695.0
1473504,2,13,4,643,bowled,
1473504,2,15,3,391,caught,491.0
1473504,2,17,3,614,bowled,
1473504,2,18,3,662,caught,20.0
1473505,1,6,5,488,caught,464.0
1473505,1,12,4,418,caught,335.0
1473505,1,18,3,411,caught,516.0
1473505,2,3,3,316,bowled,
1473505,2,5,3,86,caught,488.0
1473505,2,6,5,356,caught,570.0
1473505,2,7,5,464,caught,653.0
1473505,2,7,6,335,lbw,
1473505,2,12,2,651,caught,653.0
1473505,2,13,5,580,bowled,
1473505,2,17,3,97,caught,570.0
1473505,2,17,4,575,run out,347.0
1473505,2,18,4,592,caught and bowled,
1473506,1,5,1,675,caught,394.0
1473506,1,9,3,57,caught,613.0
1473506,1,10,5,563,caught,529.0
1473506,1,12,3,657,caught,538.0
1473506,1,16,2,400,caught,685.0
1473506,1,19,1,642,caught,679.0
1473506,1,19,6,309,lbw,
1473506,2,4,2,514,caught,777.0
1473506,2,14,1,679,caught,309.0
1473506,2,17,3,685,lbw,
1473507,1,2,4,701,bowled,
1473507,1,15,3,254,caught,574.0
1473507,1,19,5,496,caught,588.0
1473507,2,5,4,624,caught,692.0
1473507,2,7,5,539,caught,523.0
1473507,2,7,6,508,lbw,
1473507,2,11,2,8,caught,568.0
1473508,1,1,2,679,caught,414.0
1473508,1,2,6,514,caught,574.0
1473508,1,3,4,394,caught,574.0
1473508,1,5,1,685,caught,300.0
1473508,1,6,3,613,bowled,
1473508,1,8,2,590,bowled,
1473508,1,8,5,702,lbw,
1473508,1,10,3,410,bowled,
1473508,1,13,3,511,bowled,
1473508,1,14,1,641,caught,574.0
1473508,2,3,2,8,caught,685.0
1473508,2,7,5,261,caught,394.0
1473509,1,7,2,493,caught,643.0
1473509,1,12,6,309,caught,456.0
1473509,1,16,4,57,caught,446.0
1473509,1,17,2,563,caught,703.0
1473509,1,18,4,642,caught,446.0
1473509,2,0,4,472,lbw,
1473509,2,6,2,703,hit wicket,
1473509,2,13,4,456,bowled,
1473509,2,15,4,579,bowled,
1473509,2,18,1,512,caught,563.0
1473509,2,19,4,541,caught,309.0
1473510,1,2,2,57,caught,625.0
1473510,1,6,6,493,caught,685.0
1473510,1,13,5,309,caught,613.0
1473510,1,14,1,563,caught,679.0
1473510,1,17,6,400,caught,685.0
1473510,1,19,3,642,caught,410.0
1473510,2,2,1,514,caught,650.0
1473510,2,5,1,679,caught,400.0
1473510,2,7,5,685,caught,493.0
1473510,2,15,4,613,caught,506.0
1473510,2,16,4,590,run out,400.0
1473511,1,1,4,624,caught,394.0
1473511,1,6,2,261,caught,529.0
1473511,1,10,5,539,lbw,
1473511,1,14,5,8,caught and bowled,
1473511,1,16,5,508,lbw,
1473511,1,17,4,574,bowled,
1473511,1,19,2,571,lbw,
1473511,1,19,4,414,caught,394.0
1473511,1,19,6,300,caught,679.0
1473511,2,4,6,679,caught,624.0
1473511,2,8,3,514,caught,300.0
1473511,2,9,4,394,caught,574.0
1473511,2,12,1,685,caught,508.0
1473511,2,16,2,613,caught,414.0
1473511,2,16,4,410,caught,588.0
1473511,2,17,2,641,caught,687.0
1527674,1,2,1,488,caught,574.0
1527674,1,2,6,418,caught,624.0
1527674,1,4,2,653,caught,782.0
1527674,1,13,1,475,caught,624.0
1527674,1,14,3,704,caught,517.0
1527674,1,15,6,411,caught,624.0
1527674,1,16,6,705,caught,517.0
1527674,1,17,5,312,caught,517.0
1527674,1,18,6,674,caught,8.0
1527674,2,1,1,624,caught,475.0
1527674,2,8,4,517,caught,475.0
1527674,2,12,2,539,caught,705.0
1527674,2,12,3,574,caught,347.0
1527675,1,5,2,707,caught,563.0
1527675,1,8,5,612,caught,512.0
1527675,1,13,3,86,caught,400.0
1527675,1,18,3,651,caught,563.0
1527675,2,11,5,57,caught,596.0
1527675,2,14,2,309,caught,464.0
1527675,2,15,2,675,run out,596.0
1527675,2,18,4,563,caught,97.0
1527676,1,1,6,352,bowled,
1527676,1,2,6,522,bowled,
1527676,1,3,1,689,caught,616.0
1527676,1,5,3,618,caught,521.0
1527676,1,7,2,402,lbw,
1527676,1,7,6,491,caught,525.0
1527676,1,10,3,708,lbw,
1527676,1,12,5,631,caught,616.0
1527676,1,15,3,709,caught and bowled,
1527676,1,19,4,681,run out,
1527676,2,6,2,688,caught,402.0
1527676,2,8,3,616,bowled,
1527677,1,3,4,579,caught,394.0
1527677,1,9,3,472,caught,710.0
1527677,1,13,6,557,caught,538.0
1527677,1,15,4,408,caught,686.0
1527677,1,18,1,456,caught,529.0
1527677,1,18,6,541,caught,529.0
1527677,2,1,2,679,caught,715.0
1527677,2,9,3,514,caught,485.0
1527677,2,12,1,394,caught,456.0
1527677,2,13,1,613,caught,472.0
1527677,2,14,2,590,caught,408.0
1527677,2,14,4,410,caught,446.0
1527677,2,17,4,538,caught,472.0
1527678,1,2,6,421,run out,
1527678,1,5,5,552,bowled,
1527678,1,6,3,568,caught,355.0
1527678,1,8,5,496,bowled,
1527678,1,9,3,254,caught,601.0
1527678,1,13,1,711,caught and bowled,
1527678,1,17,3,523,caught,321.0
1527678,1,17,6,348,caught,455.0
1527678,1,18,3,516,caught,601.0
1527678,1,18,4,593,caught,609.0
1527678,2,0,1,355,caught,593.0
1527678,2,3,3,432,caught,523.0
1527678,2,4,2,712,caught,421.0
1527678,2,4,3,375,bowled,
1527679,1,5,4,418,caught,612.0
1527679,1,8,2,411,caught,464.0
1527679,1,8,4,488,caught,527.0
1527679,1,9,2,674,caught,464.0
1527679,1,18,1,653,caught,527.0
1527679,1,18,2,704,bowled,
1527679,1,19,4,475,caught,580.0
1527679,1,19,6,713,caught,86.0
1527679,2,1,3,707,caught and bowled,
1527679,2,4,6,86,caught,778.0
1527679,2,5,6,612,run out,778.0
1527679,2,10,6,651,run out,
1527679,2,11,2,596,caught and bowled,
1527679,2,13,4,464,caught,347.0
1527679,2,14,3,316,caught,674.0
1527679,2,14,6,580,caught,347.0
1527679,2,15,5,530,caught,411.0
1527679,2,15,6,527,bowled,
1527680,1,1,6,352,caught,514.0
1527680,1,11,1,522,caught,613.0
1527680,1,12,3,689,caught,383.0
1527680,1,13,4,708,lbw,
1527680,1,16,4,402,caught,613.0
1527680,2,4,2,679,bowled,
1527680,2,8,5,514,run out,
1527680,2,11,5,710,caught,709.0
1527680,2,16,6,394,caught,447.0
1527680,2,17,1,613,caught,631.0
1527681,1,2,3,675,caught,375.0
1527681,1,2,5,563,caught and bowled,
1527681,1,9,3,57,caught,432.0
1527681,1,11,5,512,caught,609.0
1527681,1,15,3,309,lbw,
1527681,1,18,4,642,caught,601.0
1527681,2,0,4,355,caught,675.0
1527681,2,1,4,432,run out,376.0
1527681,2,9,5,712,caught,468.0
1527681,2,16,2,645,caught,563.0
1527682,1,6,2,688,caught,557.0
1527682,1,12,3,521,bowled,
1527682,1,13,2,505,caught,655.0
1527682,1,15,3,490,caught,474.0
1527682,1,16,1,669,caught,557.0
1527682,1,19,3,616,caught,408.0
1527682,2,7,6,655,caught,490.0
1527682,2,10,4,579,caught,534.0
1527682,2,12,1,557,caught,477.0
1527682,2,12,3,456,caught,35.0
1527682,2,13,1,408,caught,368.0
1527682,2,14,3,391,caught,616.0
1527682,2,14,5,541,run out,
1527682,2,19,5,446,caught,477.0
1527683,1,0,6,488,caught,770.0
1527683,1,2,1,418,caught,552.0
1527683,1,3,3,411,bowled,
1527683,1,7,1,508,caught,421.0
1527683,1,17,4,653,caught,691.0
1527683,1,18,1,475,caught,421.0
1527683,1,18,2,705,bowled,
1527683,1,19,3,713,bowled,
1527683,1,19,6,312,run out,421.0
1527683,2,4,4,254,caught,653.0
1527683,2,9,2,552,caught,508.0
1527683,2,12,1,568,stumped,411.0
1527683,2,13,1,496,run out,411.0
1527683,2,17,4,523,caught,508.0
1527684,1,4,3,8,caught,491.0
1527684,1,10,4,624,caught,631.0
1527684,1,14,1,517,bowled,
1527684,2,0,5,522,caught,517.0
1527684,2,1,2,689,caught,539.0
1527684,2,2,5,352,caught,517.0
1527684,2,6,1,402,stumped,574.0
1527684,2,6,5,708,caught,782.0
1527684,2,9,5,491,caught,574.0
1527684,2,15,1,714,caught,539.0
1527684,2,16,1,681,caught,693.0
1527684,2,17,6,631,caught,8.0
1527684,2,19,4,709,caught,624.0
1527685,1,1,4,707,caught,514.0
1527685,1,1,6,612,caught,514.0
1527686,1,4,6,688,caught,563.0
1527686,1,5,4,616,lbw,
1527686,1,8,5,505,caught,563.0
1527686,2,0,6,675,caught,616.0
1527686,2,1,4,309,caught,477.0
1527686,2,2,3,57,lbw,
1527686,2,4,3,400,caught,521.0
1527686,2,4,6,563,caught,490.0
1527686,2,7,5,512,caught,368.0
1527686,2,8,5,642,caught,525.0
1527686,2,9,4,407,caught,616.0
1527686,2,10,1,461,run out,477.0
1527687,1,2,1,579,bowled,
1527687,1,7,3,408,bowled,
1527687,1,17,3,472,caught,432.0
1527687,1,19,3,456,caught,432.0
1527687,2,8,1,712,caught,391.0
1527687,2,9,5,432,caught,579.0
1527687,2,9,6,645,bowled,
1527687,2,13,6,375,caught,557.0
1527687,2,16,4,601,run out,579.0
1527687,2,16,6,355,caught,408.0
1527687,2,19,2,678,caught,472.0
1527687,2,19,6,455,run out,408.0
1527688,1,1,4,707,caught,692.0
1527688,1,10,2,86,caught,348.0
1527688,1,11,4,651,caught,552.0
1527688,1,13,2,464,bowled,
1527688,2,4,1,552,caught,564.0
1527688,2,4,3,254,caught,651.0
1527688,2,8,2,421,caught,530.0
1527688,2,11,4,496,caught,580.0
1527688,2,12,5,523,bowled,
1527688,2,14,4,568,caught,464.0
1527688,2,15,6,348,caught,596.0
1527689,1,0,1,624,caught,616.0
1527689,1,2,6,517,caught,490.0
1527689,1,4,5,8,bowled,
1527689,1,6,2,414,caught,490.0
1527689,1,8,4,574,lbw,
1527689,1,10,6,553,caught,490.0
1527689,1,13,6,571,caught,785.0
1527689,1,17,1,539,caught,669.0
1527689,2,1,6,521,caught,574.0
1527689,2,8,1,688,caught,8.0
1527689,2,8,2,490,caught,584.0
1527689,2,9,4,505,caught,414.0
1527690,1,8,1,418,caught,686.0
1527690,1,8,3,488,caught,529.0
1527690,1,13,6,411,caught,538.0
1527690,1,16,4,674,run out,
1527690,1,18,5,704,caught,686.0
1527690,1,19,4,475,caught,710.0
1527690,2,6,2,679,caught,653.0
1527690,2,8,5,514,caught,475.0
1527690,2,10,2,710,caught,674.0
1527690,2,16,1,613,bowled,
1527691,1,6,2,522,caught,712.0
1527691,1,17,3,689,retired out,
1527691,2,4,6,355,caught,681.0
1527691,2,5,2,712,caught,578.0
1527691,2,6,1,375,caught,402.0
1527691,2,7,6,645,caught,578.0
1527691,2,12,2,321,bowled,
1527691,2,14,5,652,caught,670.0
1527691,2,15,4,716,caught,629.0
1527691,2,18,3,601,caught,631.0
1527691,2,19,1,455,caught,578.0
1527691,2,19,6,699,caught,786.0
1527692,1,1,3,254,caught,472.0
1527692,1,4,1,421,caught,391.0
1527692,1,6,6,552,caught,456.0
1527692,1,8,2,568,caught,557.0
1527692,1,14,3,496,caught,472.0
1527692,1,16,2,523,caught,557.0
1527692,1,18,1,711,caught,408.0
1527692,1,19,4,717,caught,541.0
1527692,2,5,1,579,caught,500.0
1527692,2,14,5,472,caught,421.0
1527692,2,15,4,408,caught,552.0
1527693,1,10,5,624,caught,400.0
1527693,1,14,4,8,caught,309.0
1527693,1,15,6,539,caught,563.0
1527693,1,19,2,574,lbw,
1527693,2,5,2,57,retired hurt,
1527693,2,7,1,675,caught,300.0
1527693,2,7,5,563,caught,781.0
1527693,2,12,2,309,caught,495.0
1527693,2,14,4,400,caught,571.0
1527693,2,15,3,642,caught,539.0
1529264,1,0,1,488,caught,525.0
1529264,1,6,5,418,caught,669.0
1529264,1,13,2,411,caught and bowled,
1529264,1,15,5,475,caught,505.0
1529264,1,18,3,653,caught,616.0
1529264,1,19,5,674,run out,
1529264,2,0,2,688,caught,704.0
1529264,2,0,4,616,bowled,
1529264,2,0,6,718,caught,653.0
1529264,2,1,4,521,caught,653.0
1529264,2,2,6,505,caught,488.0
1529264,2,14,6,669,bowled,
1529264,2,15,3,35,caught,704.0
1529264,2,16,5,477,caught,787.0
1529264,2,16,6,525,caught,411.0
1529264,2,18,6,534,caught,411.0
1529265,1,2,2,522,caught,564.0
1529265,1,5,6,689,caught,580.0
1529265,1,11,2,352,bowled,
1529265,1,16,1,402,bowled,
1529265,1,17,3,578,caught,575.0
1529265,2,1,4,707,caught,491.0
1529265,2,4,2,316,caught,786.0
1529265,2,9,3,651,caught,578.0
1529265,2,10,5,86,caught,522.0
1529265,2,10,6,612,bowled,
1529265,2,12,5,464,caught,491.0
1529265,2,19,3,580,caught,402.0
1529266,1,3,6,552,caught,517.0
1529266,1,6,1,496,bowled,
1529266,1,9,5,254,bowled,
1529266,1,11,2,523,caught,539.0
1529266,1,15,5,568,caught,574.0
1529266,1,16,5,421,caught,624.0
1529266,1,18,3,717,caught,553.0
1529266,1,18,4,348,bowled,
1529266,1,19,2,711,bowled,
1529266,1,19,6,500,bowled,
1529266,2,1,4,624,bowled,
1529266,2,7,2,517,caught,799.0
1529266,2,10,1,8,caught,496.0
1529266,2,12,2,539,caught,692.0
1529266,2,12,4,574,caught,711.0
1529267,1,2,1,675,caught,590.0
1529267,1,2,2,309,caught,383.0
1529267,1,13,4,642,caught,686.0
1529267,1,17,3,400,caught,686.0
1529267,1,18,5,512,bowled,
1529267,1,19,5,563,run out,625.0
1529267,2,2,2,679,caught,444.0
1529267,2,4,3,710,caught,356.0
1529267,2,15,3,394,caught,642.0
